1,4
1,12
1,17
1,22
1,27
1,30
1,36
1,42
1,49
1,56
2,20
2,27
2,49
2,101
2,105
2,128
2,142
2,162
2,169
2,213
3,4
3,12
3,16
3,17
3,22
3,30
3,36
3,42
3,49
3,56
4,8
4,10
4,14
4,18
4,20
4,26
4,32
4,41
4,42
4,43
5,49
6,8
6,26
6,31
6,37
6,41
6,45
6,46
6,61
6,76
6,101
7,14
8,10
8,25
8,28
8,32
8,42
8,47
8,50
8,54
8,68
8,71
9,14
10,10
10,25
10,28
10,32
10,50
10,54
10,68
10,92
10,95
10,97
11,25
11,42
11,54
11,71
11,92
11,97
11,150
11,177
11,198
11,269
12,6
12,8
12,26
12,31
12,37
12,45
12,46
12,76
12,110
12,122
13,14
14,25
14,42
14,54
14,71
14,92
14,97
14,150
14,177
14,198
14,269
15,22
15,42
15,49
15,56
15,60
15,74
15,80
15,87
15,99
15,121
16,5
16,34
16,146
16,172
16,189
16,192
16,211
16,221
16,3
16,11
17,8
17,12
17,17
17,20
17,26
17,27
17,31
17,37
17,38
17,40
18,8
18,26
18,31
18,37
18,38
18,41
18,45
18,46
18,53
18,61
19,42
19,49
19,80
19,156
19,188
19,213
19,244
19,269
19,74
20,27
20,49
20,101
20,162
20,169
21,10
21,28
21,32
21,50
21,68
21,95
21,201
21,203
21,279
21,285
22,14
23,42
23,269
24,61
25,6
25,8
25,26
25,31
25,37
25,38
25,41
25,45
25,46
25,53
26,4
26,6
26,7
26,12
26,16
26,17
26,20
26,24
26,27
26,30
27,42
27,269
28,27
28,49
28,101
28,121
28,126
28,156
28,169
28,193
28,213
28,249
29,49
29,116
29,236
29,185
29,213
29,289
30,42
30,150
30,269
31,8
31,31
31,164
31,234
32,8
32,26
32,31
32,37
32,45
32,46
32,76
32,122
32,141
32,161
33,42
33,80
33,156
33,188
33,213
33,269
34,27
34,42
34,49
34,121
34,126
34,156
34,213
34,269
35,10
35,25
35,28
35,32
35,50
35,54
35,68
35,71
35,92
35,95
36,10
36,28
36,32
36,47
36,201
36,279
37,14
37,105
37,200
38,8
38,38
38,41
38,45
38,53
38,61
38,55
38,72
38,83
38,88
39,258
39,234
39,8
39,26
39,31
39,37
39,38
39,41
39,45
39,46
40,14
41,61
42,8
42,9
42,10
42,14
42,18
42,20
42,21
42,26
42,32
42,41
43,42
43,80
43,100
43,188
43,213
43,244
43,269
44,6
44,46
44,70
44,133
44,144
44,148
44,159
44,180
44,240
44,258
45,42
45,269
46,4
46,7
46,16
46,17
46,22
46,24
46,30
46,36
46,42
46,49
47,42
47,150
47,269
48,25
48,32
48,42
48,50
48,54
48,68
48,71
48,92
48,95
48,97
49,42
49,116
49,150
49,213
49,269
50,101
50,49
51,49
51,116
51,121
51,185
51,156
51,213
52,41
52,53
52,72
52,83
53,8
53,26
53,31
53,37
53,38
53,41
53,45
53,46
53,53
53,61
54,139
55,234
55,61
55,237
55,240
55,31
55,122
55,161
55,164
55,243
55,264
56,150
57,20
57,27
57,40
57,49
57,101
57,105
57,128
57,142
57,162
57,169
58,27
58,40
58,49
58,101
58,128
58,142
58,162
58,169
58,253
58,289
59,20
59,27
59,40
59,49
59,101
59,105
59,128
59,142
59,162
59,169
60,14
60,19
60,35
60,40
60,49
60,52
60,63
60,70
60,73
60,101
61,20
61,27
61,35
61,40
61,49
61,101
61,105
61,128
61,142
61,162
62,63
62,76
62,122
62,232
63,6
63,12
63,16
63,22
63,24
63,30
63,36
63,56
63,60
63,62
64,104
65,4
65,6
65,7
65,12
65,16
65,17
65,19
65,22
65,24
65,30
66,206
67,42
68,49
68,116
68,213
69,8
69,26
69,31
69,37
69,38
69,41
69,45
69,46
69,53
69,61
70,101
70,169
70,239
71,20
71,27
71,40
71,49
71,101
71,105
71,128
71,142
71,162
71,169
72,20
72,27
72,40
72,49
72,101
72,128
72,142
72,162
72,169
72,253
73,20
73,35
73,40
73,101
73,105
73,128
73,142
73,162
73,253
73,289
74,17
74,27
74,49
74,110
74,121
74,126
74,156
74,169
74,193
74,12
75,8
75,26
75,31
75,37
75,41
75,45
75,46
75,53
75,61
75,55
76,42
76,269
77,101
77,169
78,8
78,122
78,161
78,164
78,234
78,251
78,297
78,76
78,31
78,141
79,1
79,101
79,193
79,249
79,262
79,283
80,4
80,12
80,16
80,17
80,22
80,30
80,36
80,49
80,56
80,60
81,8
81,26
81,31
81,37
81,38
81,41
81,45
81,46
81,61
81,55
82,42
82,269
83,139
84,8
84,31
84,122
84,141
84,161
84,164
84,214
84,234
84,243
84,251
85,4
85,12
85,16
85,22
85,24
85,30
85,36
85,56
85,60
85,62
86,42
86,150
86,269
87,101
87,169
87,193
88,10
88,28
88,47
88,203
89,101
90,22
90,135
90,208
90,212
90,213
90,229
90,266
90,126
91,25
91,28
91,32
91,50
91,54
91,68
91,71
91,92
91,95
91,97
92,28
92,32
92,50
92,68
92,203
92,285
93,4
93,16
93,22
93,24
93,30
93,36
93,49
93,56
93,60
93,62
94,42
94,269
95,42
95,269
96,25
96,42
96,54
96,71
96,92
96,97
96,150
96,177
96,269
97,31
97,164
97,234
98,42
98,150
98,269
99,42
99,269
100,10
100,25
100,28
100,32
100,50
100,54
100,68
100,71
100,92
100,95
101,42
101,150
101,269
102,28
102,50
102,68
102,203
102,285
103,10
103,28
103,47
103,201
103,203
104,42
104,269
105,101
105,193
106,70
106,76
106,86
106,110
106,111
106,113
106,118
106,122
106,130
106,133
106,144
106,148
106,159
106,180
106,181
106,191
106,193
106,222
106,223
106,246
106,249
106,251
106,258
106,260
106,262
106,264
106,283
106,293
106,295
106,26
106,45
106,73
106,93
106,125
106,210
106,232
106,240
106,267
107,20
107,27
107,40
107,49
107,101
107,110
107,116
107,185
107,236
107,128
108,49
108,157
109,4
109,16
109,17
109,30
109,36
109,78
109,81
109,86
109,87
109,89
110,4
110,7
110,12
110,16
110,17
110,22
110,24
110,30
110,36
110,56
111,8
111,31
111,164
111,234
112,105
112,142
112,162
113,121
113,156
113,213
113,283
113,262
114,8
114,31
114,70
114,73
114,243
114,76
114,122
114,161
114,164
114,232
115,101
116,14
117,25
117,42
117,50
117,54
117,71
117,92
117,97
117,150
117,177
117,198
118,42
118,269
119,4
119,12
119,16
119,17
119,24
119,30
119,36
119,56
119,60
119,62
120,6
120,8
120,10
120,14
120,24
120,32
120,42
120,43
120,47
120,49
121,4
121,7
121,12
121,16
121,17
121,22
121,24
121,30
121,36
121,42
122,42
122,269
123,20
123,27
123,35
123,40
123,49
123,98
123,101
123,105
123,116
123,185
124,4
124,6
124,7
124,8
124,12
124,16
124,17
124,22
124,24
124,26
125,104
126,28
126,32
126,50
126,68
126,95
126,201
126,203
126,241
126,285
127,116
128,14
129,4
129,7
129,16
129,22
129,24
129,30
129,36
129,56
129,60
129,62
130,4
130,16
130,22
130,24
130,30
130,36
130,56
130,60
130,62
130,74
131,42
131,150
131,213
131,269
131,49
131,116
131,185
131,236
132,49
132,116
132,213
132,185
132,289
132,248
133,238
133,209
134,105
135,114
135,16
135,81
135,87
135,245
136,4
136,6
136,19
136,27
136,30
136,36
136,45
136,56
136,63
136,70
137,139
138,105
138,142
139,42
139,150
139,269
140,269
141,49
142,10
142,28
142,32
142,50
142,54
142,68
142,95
142,97
142,177
142,198
143,81
143,209
143,238
144,12
144,17
144,20
144,27
144,40
144,49
144,70
144,86
144,101
144,110
145,55
145,93
145,132
145,226
146,49
146,185
146,236
147,76
148,42
148,269
149,20
149,40
149,101
149,162
149,169
149,193
149,239
149,253
150,6
150,8
150,26
150,31
150,37
150,41
150,45
150,46
150,61
150,55
151,31
151,38
151,76
151,122
151,141
151,161
151,214
151,232
151,234
151,243
152,70
152,111
152,118
152,125
152,246
152,267
152,295
153,27
153,40
153,101
153,162
153,169
153,253
153,289
154,20
154,101
154,169
154,193
154,27
155,10
155,25
155,28
155,32
155,50
155,54
155,68
155,71
155,92
155,95
156,8
156,31
156,61
156,76
156,122
156,141
156,161
156,164
156,214
156,234
157,20
157,35
157,40
157,101
157,105
157,128
157,142
157,162
157,206
157,228
158,20
158,27
158,35
158,40
158,49
158,101
158,105
158,128
158,142
158,162
159,8
159,41
159,45
159,53
159,72
159,83
159,181
160,246
160,260
161,10
161,25
161,28
161,32
161,50
161,54
161,68
161,71
161,90
161,92
162,14
163,49
163,101
163,110
163,156
163,262
163,113
163,121
163,283
164,128
164,289
165,42
165,150
165,274
166,28
166,32
166,50
166,68
166,95
166,198
166,201
166,203
166,241
166,285
167,105
168,49
168,156
169,8
169,31
169,61
169,76
169,122
169,131
169,141
169,161
169,164
169,214
170,214
170,264
170,61
171,35
171,49
171,105
171,142
171,162
171,206
171,228
171,253
171,254
171,289
172,167
173,102
173,123
173,250
174,8
174,31
174,45
174,46
174,61
174,73
174,243
174,76
174,122
174,141
175,49
176,42
176,100
176,188
176,213
176,62
176,77
176,80
176,81
176,87
176,238
177,150
177,269
178,18
178,25
178,32
178,50
178,54
178,57
178,66
178,92
178,95
178,97
179,28
179,32
179,50
179,68
179,203
180,31
180,164
180,234
180,297
180,8
181,105
181,142
181,162
181,253
182,42
182,269
183,6
183,159
184,25
184,28
184,32
184,42
184,50
184,54
184,68
184,71
184,92
184,97
185,73
185,76
186,101
187,196
187,104
188,20
188,27
188,49
188,101
188,143
188,162
188,169
188,193
188,239
189,8
189,31
189,161
189,164
189,234
189,243
189,251
189,296
189,297
190,76
191,42
191,150
191,269
192,42
192,150
192,269
192,54
192,71
192,92
192,97
193,206
194,20
194,35
194,40
194,101
194,105
194,128
194,142
194,162
194,206
194,228
195,213
196,49
196,101
197,16
197,24
197,56
197,60
197,62
197,74
197,80
197,81
197,87
197,112
198,42
198,150
198,269
199,105
200,105
200,142
200,253
201,101
201,169
201,193
201,239
201,20
202,10
202,25
202,28
202,32
202,47
202,50
202,54
202,68
202,71
202,92
203,4
203,6
203,7
203,12
203,16
203,17
203,20
203,22
203,24
203,27
204,9
204,10
204,21
204,28
204,32
204,47
204,50
204,54
204,57
204,64
205,8
205,31
205,63
205,73
205,76
205,122
205,131
205,161
205,164
205,232
206,24
206,42
206,62
206,74
206,77
206,80
206,81
206,87
206,100
206,112
207,40
207,105
207,142
207,162
207,253
207,289
208,14
209,14
210,22
210,49
210,81
210,87
210,121
210,136
210,156
210,188
210,213
210,16
211,76
211,122
212,8
212,10
212,14
212,18
212,32
212,42
212,43
212,47
212,53
212,61
213,150
213,269
214,42
215,8
215,31
215,164
215,234
215,297
216,162
216,253
217,20
217,27
217,40
217,49
217,101
217,105
217,128
217,142
217,162
217,169
218,10
218,14
218,32
218,47
218,83
218,139
218,149
218,161
218,164
218,174
219,10
219,28
219,32
219,50
219,68
219,95
219,201
219,203
219,241
219,285
220,122
220,251
221,46
221,180
222,10
223,32
224,8
224,31
224,41
224,45
224,46
224,61
224,76
224,122
224,161
224,164
225,206
226,42
226,150
226,269
226,116
226,10
226,14
226,47
226,174
227,8
227,31
227,61
227,122
227,141
227,161
227,164
227,234
227,251
227,296
228,14
228,105
228,200
229,63
229,73
229,76
229,222
229,232
229,240
229,295
230,42
230,269
231,25
231,50
231,54
231,71
231,92
231,97
231,150
231,177
231,198
231,269
232,8
232,31
232,131
232,161
232,164
232,234
232,243
232,296
232,297
233,8
233,31
233,76
233,122
233,161
233,164
233,232
233,234
233,237
233,251
234,56
234,59
234,89
234,148
234,209
234,260
234,293
234,4
234,70
234,81
235,20
235,40
235,105
235,142
235,162
235,253
235,289
236,10
236,25
236,28
236,32
236,50
236,54
236,68
236,71
236,92
236,95
237,10
237,28
237,32
237,50
237,68
237,95
237,201
237,203
237,241
237,279
238,269
239,35
239,105
239,142
240,141
240,161
240,234
240,297
241,14
242,42
242,116
242,213
242,269
242,49
242,185
242,236
243,41
243,45
243,53
243,61
243,55
243,72
243,83
243,88
243,93
243,94
244,42
244,271
244,34
244,127
244,146
244,172
244,175
244,187
244,189
244,192
244,211
245,20
245,27
245,35
245,40
245,49
245,101
245,105
245,128
245,142
245,162
246,81
246,212
246,213
246,238
246,266
246,74
247,8
247,26
247,31
247,37
247,38
247,41
247,45
247,46
247,53
247,61
248,6
248,46
248,70
248,133
248,144
248,148
248,159
248,180
248,240
248,258
249,12
249,17
249,86
249,110
249,111
249,193
249,213
249,260
249,262
249,1
250,8
250,26
250,31
250,37
250,41
250,45
250,46
250,61
250,55
250,76
251,4
251,6
251,7
251,16
251,22
251,24
251,30
251,36
251,56
251,60
252,55
252,93
252,94
252,132
252,223
252,226
253,49
253,101
253,169
253,27
254,2
255,4
255,12
255,16
255,17
255,22
255,24
255,27
255,30
255,36
255,49
256,8
256,26
256,31
256,37
256,38
256,45
256,46
256,53
256,61
256,55
257,68
258,8
258,31
258,45
258,61
258,63
258,73
258,243
258,76
258,122
258,141
259,41
259,45
259,46
259,93
259,144
259,223
259,237
260,19
260,20
260,27
260,101
260,110
260,125
260,169
260,193
260,222
260,239
261,10
261,28
261,32
261,50
261,68
261,95
261,201
261,203
261,241
261,285
262,269
263,49
263,101
263,169
264,1
264,101
264,110
264,193
265,41
265,45
265,53
265,61
265,55
265,76
265,83
265,88
265,93
265,122
266,42
266,269
267,10
267,25
267,28
267,32
267,50
267,54
267,68
267,71
267,92
267,95
268,6
268,8
268,26
268,31
268,37
268,41
268,45
268,46
268,55
268,63
269,49
269,101
269,121
269,126
269,156
269,169
269,193
269,213
269,249
269,283
270,164
270,234
271,42
271,269
272,42
272,269
273,269
274,10
274,28
274,47
274,203
275,1
275,4
275,12
275,16
275,17
275,22
275,24
275,30
275,36
275,49
276,26
276,37
276,38
276,41
276,45
276,46
276,53
276,61
276,55
276,73
277,70
277,113
277,118
277,191
277,222
277,240
277,295
277,76
277,73
278,32
278,50
278,68
278,203
279,14
280,168
281,35
281,105
281,142
281,253
282,42
282,150
282,269
283,10
283,25
283,28
283,32
283,50
283,54
283,68
283,71
283,92
283,95
284,42
284,92
284,97
284,150
284,269
285,28
285,32
285,50
285,54
285,68
285,95
285,198
285,203
285,241
285,285
286,27
286,49
286,98
286,101
286,128
286,162
286,169
286,248
286,253
286,289
287,139
288,1
288,20
288,27
288,35
288,40
288,49
288,101
288,105
288,236
288,185
289,50
289,68
290,198
291,10
291,28
291,32
291,50
291,68
291,95
291,198
291,201
291,241
291,279
292,12
292,17
292,101
292,110
292,121
292,191
292,193
292,249
292,260
292,262
293,28
293,32
293,50
293,203
294,105
294,142
295,26
295,37
295,55
295,85
295,88
295,93
295,94
295,132
295,144
295,223
296,20
296,27
296,35
296,40
296,49
296,101
296,105
296,128
296,142
296,162
297,10
297,25
297,28
297,32
297,50
297,54
297,68
297,71
297,92
297,95
298,50
299,116
300,49
300,116
300,236
300,248
301,42
301,269
302,101
302,239
303,4
303,7
303,16
303,22
303,24
303,30
303,36
303,56
303,60
303,62
304,105
304,128
304,142
304,162
304,253
304,49
305,31
305,45
305,46
305,122
305,141
305,161
305,164
305,214
305,234
305,237
306,20
306,27
306,35
306,40
306,49
306,101
306,105
306,111
306,128
306,142
307,13
308,49
308,121
308,156
308,213
309,16
309,22
309,49
309,74
309,80
309,81
309,87
309,112
309,114
309,116
310,8
310,41
310,45
310,53
310,61
310,55
310,72
310,83
310,88
310,93
311,14
312,49
312,121
312,156
312,213
313,26
313,41
313,45
313,53
313,61
313,55
313,72
313,83
313,88
313,93
314,42
314,150
314,269
315,26
315,37
315,41
315,45
315,46
315,61
315,55
315,73
315,76
315,85
316,289
317,10
317,47
318,42
318,269
319,49
319,121
319,185
319,236
319,156
319,213
320,16
320,87
320,114
320,134
320,208
320,229
320,230
320,245
320,212
321,4
321,7
321,14
321,22
321,24
321,30
321,36
321,56
321,60
321,62
322,12
322,16
322,17
322,22
322,24
322,30
322,36
322,49
322,56
322,60
323,9
323,18
323,21
323,57
323,64
323,66
323,90
323,91
323,115
323,215
324,35
324,105
324,142
324,253
325,42
325,269
326,41
326,72
326,181
327,49
327,101
327,169
327,193
327,27
328,10
328,28
328,32
328,201
329,14
329,105
329,200
330,14
331,54
331,97
331,177
331,198
332,7
332,12
332,16
332,17
332,22
332,24
332,30
332,36
332,49
332,56
333,10
333,28
333,47
333,50
333,68
333,203
334,234
335,42
335,269
336,32
336,50
336,68
336,203
337,8
337,31
337,38
337,76
337,122
337,141
337,161
337,164
337,214
337,232
338,42
338,269
339,14
340,8
340,31
340,37
340,38
340,41
340,45
340,46
340,53
340,61
340,55
341,97
341,177
341,54
341,198
342,10
342,47
342,203
343,49
343,248
344,40
344,128
344,289
345,8
345,31
345,61
345,164
345,296
346,32
347,21
347,25
347,42
347,52
347,54
347,57
347,64
347,66
347,92
347,97
348,150
348,269
349,26
349,37
349,41
349,45
349,46
349,55
349,63
349,73
349,76
349,85
350,150
350,269
351,27
351,49
351,101
351,236
351,185
351,156
351,162
351,169
351,193
351,213
352,9
352,10
352,14
352,18
352,20
352,24
352,32
352,42
352,43
352,47
353,14
354,10
354,28
354,32
354,47
354,68
354,201
354,203
354,279
355,68
355,50
355,54
356,8
356,26
356,41
356,45
356,53
356,61
356,55
356,72
356,83
356,88
357,10
357,28
357,32
357,47
357,201
357,279
358,42
358,150
358,269
359,12
359,17
359,49
359,86
359,101
359,110
359,111
359,113
359,118
359,121
360,150
360,275
360,119
360,294
360,171
360,184
360,252
360,39
360,173
360,235
360,190
361,105
362,174
363,8
363,26
363,31
363,37
363,38
363,41
363,45
363,46
363,53
363,61
364,49
365,20
365,27
365,40
365,49
365,101
365,128
365,142
365,162
365,169
365,253
366,14
367,116
368,35
368,40
368,105
368,128
368,142
368,162
368,228
368,253
368,289
369,35
369,105
369,142
369,253
370,10
370,25
370,28
370,32
370,50
370,54
370,68
370,71
370,92
370,95
371,16
371,22
371,24
371,36
371,49
371,56
371,60
371,81
371,86
371,87
372,27
372,101
373,139
374,9
374,18
374,21
374,57
374,64
374,66
374,90
374,115
374,215
374,218
375,8
375,26
375,31
375,37
375,41
375,45
375,46
375,61
375,55
375,76
376,50
376,68
376,203
377,8
377,26
377,31
377,38
377,41
377,45
377,46
377,53
377,61
377,72
378,1
378,20
378,27
378,35
378,40
378,49
378,101
378,105
378,128
378,142
379,6
379,46
379,63
379,70
379,73
379,76
379,113
379,118
379,133
379,144
380,49
380,116
380,121
380,185
380,236
380,156
380,213
381,8
381,38
381,41
381,53
381,61
381,55
381,59
381,70
381,72
381,73
382,206
383,20
383,101
383,169
383,193
384,10
384,28
384,32
384,50
384,54
384,68
384,95
384,198
384,201
384,203
385,35
385,105
385,142
386,42
386,116
386,185
386,236
386,150
386,213
386,269
386,49
386,248
387,25
387,50
387,54
387,71
387,92
387,97
387,150
387,177
387,198
388,234
388,10
388,14
388,32
388,47
389,150
390,139
391,101
391,169
392,20
392,27
392,35
392,40
392,49
392,101
392,105
392,128
392,142
392,162
393,76
393,122
393,232
393,237
393,251
393,264
394,20
394,27
394,40
394,49
394,101
394,105
394,128
394,142
394,162
394,169
395,42
395,150
395,269
396,1
396,49
396,101
396,121
396,126
396,156
396,193
396,213
396,249
396,283
397,8
397,26
397,31
397,37
397,41
397,46
397,61
397,55
397,73
397,76
398,10
398,25
398,28
398,32
398,50
398,54
398,68
398,92
398,95
398,97
399,6
399,8
399,26
399,31
399,37
399,38
399,41
399,45
399,46
399,53
400,8
400,26
400,31
400,37
400,38
400,41
400,45
400,46
400,53
400,61
401,1
401,4
401,6
401,7
401,12
401,16
401,17
401,22
401,24
401,30
402,8
402,26
402,31
402,37
402,41
402,45
402,46
402,53
402,55
402,73
403,32
403,95
403,241
403,285
404,14
405,20
405,27
405,40
405,101
405,169
405,193
405,49
405,128
405,162
405,289
406,10
406,32
406,47
406,203
406,279
406,50
406,68
407,80
407,188
407,213
407,244
408,269
409,8
409,122
409,164
409,232
409,251
409,264
410,8
410,38
410,61
410,76
410,122
410,141
410,161
410,214
410,232
410,234
411,206
412,234
413,150
413,269
414,76
414,122
414,141
414,161
414,232
414,251
414,296
415,26
415,37
415,41
415,45
415,46
415,61
415,55
415,76
415,85
415,88
416,14
417,35
417,40
417,105
417,128
417,142
417,162
417,228
417,253
417,289
418,8
418,31
418,61
418,141
418,251
418,296
418,164
418,297
419,8
419,31
419,122
419,161
419,164
419,234
419,243
419,251
419,296
419,297
420,117
421,206
421,142
422,139
423,28
423,32
423,50
423,68
423,203
424,14
425,1
425,12
425,17
425,36
425,49
425,70
425,86
425,89
425,110
425,111
426,25
426,50
426,54
426,68
426,71
426,92
426,97
426,150
426,177
426,198
427,14
428,49
429,101
430,105
431,1
431,70
431,110
431,113
431,118
431,191
431,193
431,197
431,222
431,262
432,42
432,269
433,101
434,1
434,17
434,49
434,110
434,121
434,126
434,156
434,193
434,249
434,262
435,8
435,31
435,164
435,234
436,42
436,150
436,269
437,16
437,22
437,24
437,30
437,36
437,56
437,60
437,62
437,74
437,80
438,1
438,4
438,6
438,7
438,12
438,16
438,17
438,20
438,27
438,30
439,10
439,28
439,201
440,42
440,269
441,150
442,10
442,47
442,203
443,49
443,121
443,185
443,236
443,156
443,213
443,126
443,162
444,8
444,14
444,164
444,234
444,83
445,8
445,14
445,164
445,234
445,83
446,47
447,76
447,122
447,232
447,237
447,251
447,264
448,32
449,76
450,8
450,31
450,164
450,234
450,297
450,131
451,14
452,57
453,20
453,27
453,40
453,49
453,101
453,105
453,142
453,162
453,169
453,253
454,40
454,49
454,101
454,128
454,162
454,253
454,289
455,20
455,40
455,101
455,128
455,162
455,253
455,289
455,49
455,142
456,8
456,38
456,61
456,76
456,122
456,141
456,161
456,214
456,232
456,234
457,101
457,239
458,26
458,37
458,41
458,45
458,46
458,61
458,55
458,76
458,88
458,93
459,139
460,76
460,122
460,237
460,251
461,41
461,45
461,53
461,61
461,55
461,72
461,83
461,88
461,93
461,132
462,131
462,234
462,243
463,42
463,269
464,239
465,150
466,105
466,14
467,14
468,47
469,8
469,26
469,31
469,37
469,38
469,41
469,45
469,46
469,53
469,61
470,42
470,150
470,269
471,269
472,49
473,76
473,122
473,232
474,25
474,28
474,32
474,50
474,54
474,68
474,92
474,95
474,97
474,150
475,6
475,19
475,31
475,37
475,46
475,59
475,70
475,73
475,76
475,101
476,42
476,269
477,128
477,289
478,14
479,27
479,101
479,169
479,20
480,32
480,203
480,50
481,10
481,28
481,47
481,201
482,46
482,144
482,180
482,6
482,159
483,31
483,164
483,234
483,296
483,297
483,8
484,206
485,14
486,55
486,85
486,93
486,94
486,132
486,223
486,226
487,85
487,93
487,94
487,144
487,148
487,223
488,8
488,26
488,31
488,37
488,41
488,45
488,46
488,53
488,61
488,55
489,16
489,36
489,49
489,60
489,86
489,99
489,121
489,126
489,154
489,156
490,71
490,92
490,97
490,150
490,177
490,269
491,42
491,150
491,269
492,14
493,139
494,25
494,28
494,32
494,50
494,54
494,68
494,71
494,92
494,97
494,150
495,14
496,14
497,61
497,38
497,264
498,206
499,50
499,54
499,68
499,92
499,97
499,150
499,177
499,198
499,203
500,131
500,234
501,32
502,101
503,14
503,105
503,200
504,14
504,105
504,200
505,150
505,269
506,142
506,162
506,253
507,139
508,238
508,209
509,10
509,47
510,50
510,285
511,25
511,28
511,32
511,50
511,54
511,68
511,92
511,95
511,97
511,150
512,116
513,14
514,10
514,28
514,32
514,201
514,203
515,41
515,45
515,46
515,53
515,61
515,72
515,76
515,83
515,122
515,181
516,67
517,139
518,8
518,26
518,31
518,37
518,38
518,41
518,45
518,46
518,53
518,61
519,40
519,49
519,101
519,142
519,162
519,253
519,289
519,128
520,113
520,118
520,261
521,42
521,269
522,150
522,269
523,32
523,95
523,241
524,213
525,50
525,68
525,198
526,14
527,8
527,26
527,31
527,37
527,41
527,45
527,46
527,53
527,61
527,55
528,35
528,105
528,142
529,71
529,92
529,97
529,150
529,177
529,269
530,10
530,25
530,28
530,32
530,50
530,54
530,68
530,92
530,95
530,97
531,28
531,32
531,50
531,203
532,32
532,95
532,241
532,285
533,150
533,269
534,122
534,251
535,116
536,54
536,198
537,200
538,42
539,14
539,174
540,14
541,55
541,93
541,132
541,226
542,72
542,8
542,41
542,45
542,46
542,53
542,61
542,83
542,122
542,181
543,42
543,269
544,42
544,269
545,213
545,266
545,121
546,49
546,101
546,27
546,169
547,239
548,238
548,209
548,81
548,80
548,268
548,4
548,7
548,16
548,24
548,30
549,4
549,12
549,16
549,22
549,30
549,36
549,56
549,60
549,62
549,74
550,31
550,131
550,164
550,234
551,7
551,16
551,22
551,24
551,30
551,49
551,56
551,60
551,62
551,74
552,40
552,128
552,289
552,49
553,14
554,105
555,105
556,49
556,185
556,156
556,238
556,81
556,80
556,268
556,4
556,16
556,24
557,70
557,234
557,8
557,26
557,31
557,37
557,41
557,45
557,46
557,61
558,139
559,10
559,28
559,32
559,201
559,279
560,200
560,105
561,14
562,150
562,42
562,269
563,32
564,8
564,31
564,61
564,76
564,122
564,141
564,161
564,164
564,232
564,234
565,150
565,42
565,269
566,6
566,19
566,46
566,63
566,70
566,73
566,76
566,110
566,111
566,113
567,269
568,14
569,104
570,122
570,232
571,10
571,28
571,32
571,201
571,279
572,269
573,150
573,269
574,139
575,206
576,14
577,238
577,145
577,6
577,133
577,159
577,258
578,105
579,42
579,269
580,32
581,49
581,162
582,105
582,142
582,206
583,139
584,150
584,269
585,14
586,49
586,156
586,213
587,142
588,269
589,14
589,200
589,105
590,35
590,105
590,142
590,162
590,253
591,105
591,200
592,14
593,14
594,55
594,132
595,49
596,116
597,49
597,101
597,20
597,40
597,128
597,162
597,253
597,289
598,49
598,98
598,248
598,101
598,20
598,35
598,40
598,105
598,142
598,162
599,7
599,81
599,209
599,238
600,47
601,68
601,150
602,10
602,28
602,32
602,201
603,49
603,101
603,20
603,27
603,40
603,128
603,162
603,253
603,289
604,10
604,28
604,32
604,201
605,10
605,32
605,47
605,203
605,279
606,101
606,20
606,105
606,169
606,239
606,193
607,16
607,36
607,60
607,89
607,99
607,138
607,154
607,212
607,224
607,229
608,238
608,209
608,81
608,80
608,268
608,4
608,7
608,16
608,24
608,30
609,2
610,269
611,8
611,26
611,31
611,37
611,38
611,41
611,45
611,46
611,53
611,61
612,25
612,92
612,97
612,150
612,42
612,269
613,42
613,269
614,35
614,105
614,142
614,162
614,253
615,269
616,40
616,128
616,289
617,289
618,8
618,31
618,164
618,234
618,297
618,131
619,31
619,41
619,76
619,122
619,131
619,161
619,181
619,234
619,237
619,243
620,9
620,18
620,21
620,57
620,64
620,66
620,90
620,91
620,115
620,215
621,105
621,142
622,213
622,266
622,121
623,105
624,47
624,10
624,28
624,203
625,55
625,88
625,93
625,132
625,226
626,101
627,248
628,150
628,269
629,238
629,209
629,81
629,80
629,7
629,16
629,24
629,30
629,56
629,74
630,150
630,269
631,150
631,269
632,14
633,47
633,10
633,28
633,32
633,201
633,203
634,10
634,28
634,32
634,201
635,8
635,26
635,37
635,38
635,41
635,45
635,53
635,61
635,55
635,72
636,14
637,70
638,50
639,47
639,10
639,28
639,32
639,201
639,203
639,279
640,8
640,38
640,53
640,45
640,122
640,214
640,237
640,251
640,264
640,296
641,47
641,10
642,105
642,142
642,253
643,105
644,8
644,26
644,31
644,37
644,38
644,41
644,45
644,46
644,53
644,61
645,9
645,18
645,21
645,64
645,90
645,115
645,218
645,25
645,97
645,150
646,49
646,101
646,27
646,169
646,1
646,121
646,126
646,193
646,249
647,20
647,49
647,101
647,105
647,128
647,142
647,162
647,169
647,253
647,289
648,139
649,49
649,101
649,27
649,40
649,128
649,162
649,169
649,253
649,289
650,26
650,37
650,41
650,45
650,46
650,61
650,76
650,85
650,88
650,93
651,139
652,200
652,105
653,32
654,116
655,49
655,238
655,81
655,80
655,268
655,4
655,7
655,16
655,24
655,30
656,41
656,53
656,61
657,35
657,105
657,142
658,57
658,150
658,42
658,269
659,101
659,20
659,162
660,10
660,28
660,47
660,203
661,135
661,158
661,208
661,212
661,224
661,229
661,230
661,22
661,154
661,213
661,266
661,86
661,260
661,60
661,138
662,76
662,122
662,232
662,237
662,264
663,55
663,88
663,93
663,94
663,132
663,181
663,223
663,226
664,49
664,101
664,128
664,162
664,248
664,289
664,27
665,4
665,7
665,12
665,16
665,17
665,22
665,24
665,30
665,36
665,49
666,7
666,81
666,114
666,238
667,191
667,267
668,63
668,73
668,76
668,237
668,240
669,40
669,105
669,142
669,253
669,289
669,35
669,128
670,149
671,105
671,142
671,228
671,253
672,10
672,47
673,53
674,268
674,238
674,114
674,81
674,87
674,266
674,208
674,260
674,213
674,86
675,10
675,47
676,35
676,105
676,142
676,162
676,228
676,253
677,26
677,41
677,45
677,53
677,61
677,55
677,83
677,88
677,93
677,122
678,25
678,50
678,54
678,92
678,97
678,150
678,177
678,198
679,101
679,169
680,239
681,32
682,14
683,20
683,27
683,40
683,49
683,98
683,101
683,105
683,128
683,142
683,162
684,105
685,8
685,41
685,45
685,53
685,61
685,72
685,83
685,122
685,141
685,161
686,269
686,42
687,105
688,49
688,74
688,80
688,116
688,185
688,236
688,129
688,156
688,213
688,23
689,122
689,141
689,161
689,234
689,251
689,297
689,243
690,27
690,49
690,101
690,121
690,126
690,156
690,169
690,193
690,213
690,249
691,27
691,49
691,101
691,169
691,193
691,162
692,31
692,38
692,53
692,61
692,243
692,122
692,131
692,141
692,161
692,164
693,76
694,32
695,4
695,7
695,16
695,22
695,24
695,30
695,36
695,56
695,59
695,60
696,14
696,105
696,200
697,49
698,269
699,206
700,42
700,269
701,139
702,203
703,49
703,238
703,209
703,81
703,268
703,4
703,7
703,16
703,24
703,30
704,101
704,169
704,239
705,6
705,159
705,258
705,293
706,149
707,10
707,32
707,279
708,42
708,269
709,200
709,105
710,72
710,41
710,45
710,53
710,61
710,83
710,122
710,214
710,240
710,251
711,105
712,50
712,68
712,198
713,10
713,28
713,32
713,201
713,279
714,26
714,41
714,88
714,181
714,255
715,10
715,28
715,32
715,50
715,95
715,201
715,203
715,241
715,257
715,285
716,101
716,193
717,105
718,105
719,49
720,32
721,35
721,105
721,142
721,253
722,139
723,10
723,25
723,28
723,32
723,50
723,54
723,68
723,71
723,92
723,95
724,139
725,49
725,236
725,185
725,213
726,20
726,27
726,101
726,162
727,54
727,177
727,198
728,116
728,150
728,42
728,269
728,213
729,116
729,206
729,248
730,76
730,232
731,234
731,8
731,31
731,38
731,53
731,61
731,122
731,131
731,141
731,161
732,234
732,8
732,31
732,61
732,83
732,141
732,161
732,164
732,251
732,296
733,139
734,1
734,35
734,40
734,49
734,101
734,105
734,142
734,162
734,169
734,253
735,14
735,234
735,8
735,10
735,32
735,47
735,52
735,139
735,149
735,161
736,55
736,93
736,132
736,226
737,105
738,238
738,209
738,81
738,36
738,56
738,87
738,89
738,99
738,114
738,155
739,269
740,139
741,42
741,269
742,6
742,70
742,133
742,159
742,258
742,293
742,37
742,46
742,73
742,144
743,35
743,105
743,142
744,105
745,101
746,269
747,232
747,76
748,239
749,42
749,269
750,49
750,101
750,20
750,27
750,128
750,162
750,169
750,253
750,289
751,10
751,28
751,32
751,201
751,279
752,14
753,234
753,8
753,31
753,61
753,161
753,164
753,296
753,297
754,14
755,47
756,76
756,237
757,6
757,70
757,133
757,159
757,258
757,293
757,37
757,73
757,144
757,148
758,116
759,32
759,50
759,68
759,203
759,285
760,22
760,213
760,266
760,12
760,17
760,86
760,110
760,113
760,130
760,246
761,150
761,269
762,8
762,38
762,61
762,122
762,141
762,161
762,214
762,251
762,264
762,296
763,108
764,49
764,248
764,101
764,20
764,40
764,128
764,162
764,239
764,253
764,289
765,150
766,14
766,105
766,200
767,49
767,185
767,236
767,213
768,269
769,139
770,25
770,54
770,97
770,150
770,177
770,198
770,68
770,32
770,50
770,203
771,32
771,95
771,241
771,285
772,68
772,203
773,150
773,42
773,269
774,101
774,239
775,269
776,9
776,18
776,21
776,57
776,64
776,66
776,90
776,91
776,115
776,215
777,101
777,193
778,32
778,95
778,241
779,234
779,8
779,38
779,61
779,122
779,141
779,161
779,214
779,251
779,296
780,14
780,174
780,47
780,10
780,32
780,279
780,234
780,164
781,101
781,239
782,150
782,42
782,269
783,49
783,185
783,156
783,248
783,238
783,81
783,268
783,4
783,7
783,16
784,139
785,150
785,269
786,262
786,121
786,156
786,49
786,193
786,1
786,110
786,126
786,249
786,283
787,116
788,139
789,68
789,50
790,49
790,101
790,20
790,128
790,162
790,253
790,289
791,10
791,28
791,32
791,201
791,241
791,279
792,139
793,68
793,28
793,32
793,203
794,49
794,101
794,40
794,105
794,128
794,142
794,162
794,228
794,239
794,253
795,47
795,203
796,49
796,185
796,236
796,213
797,32
798,30
798,36
798,89
798,99
798,158
798,212
798,224
798,154
798,266
798,260
799,49
799,101
800,269
801,10
801,32
801,201
801,28
802,14
803,139
804,47
804,10
805,40
805,128
805,253
806,234
806,8
806,38
806,61
806,122
806,141
806,161
806,214
806,251
806,264
807,35
807,105
807,142
808,49
808,101
808,27
808,40
808,128
808,162
808,169
808,253
808,289
809,234
809,31
809,164
810,35
810,105
810,142
811,10
811,28
811,32
811,50
811,95
811,201
811,203
811,241
811,279
811,285
812,131
812,164
812,234
812,243
812,297
813,81
813,80
813,268
813,4
813,16
813,24
813,30
813,36
813,56
813,62
814,105
814,142
814,253
815,139
816,269
817,35
817,105
817,142
817,253
818,198
818,50
819,55
819,88
820,49
820,116
820,185
820,236
820,156
820,81
820,80
820,16
820,24
820,36
821,35
821,105
821,142
821,228
821,253
822,251
823,289
824,101
825,42
825,269
826,206
827,63
827,73
827,76
827,232
827,240
828,101
828,239
829,101
829,239
830,49
830,101
830,162
830,253
830,289
831,105
832,269
833,238
833,209
833,81
833,268
833,16
833,30
833,56
833,62
833,74
833,87
834,42
834,269
835,40
835,128
835,142
835,162
835,253
836,52
837,35
837,105
837,142
837,253
838,38
838,61
838,214
838,264
839,49
839,101
839,20
839,40
839,105
839,128
839,142
839,162
839,169
839,239
840,14
840,174
840,47
840,10
840,234
841,49
841,248
841,101
841,20
841,40
841,128
841,142
841,162
841,253
841,289
842,6
842,159
842,293
843,269
844,49
844,116
844,156
844,213
845,14
846,14
847,42
847,269
848,25
848,54
848,71
848,92
848,97
848,150
848,177
849,28
849,32
849,203
850,35
850,40
850,105
850,128
850,142
850,206
850,228
850,253
850,254
850,289
851,10
851,32
851,201
852,42
852,269
853,49
853,101
853,128
853,162
853,253
853,289
854,71
854,92
854,97
854,150
854,269
855,150
856,64
856,91
856,218
856,49
856,116
856,248
856,238
856,54
856,198
856,269
857,6
857,70
857,113
857,118
857,133
857,148
857,159
857,222
857,240
857,246
858,35
858,105
858,142
858,228
858,253
859,49
859,101
859,27
859,169
859,193
860,150
860,269
861,105
862,14
863,14
864,42
864,269
865,101
866,105
867,49
867,101
867,169
868,28
868,32
868,203
869,128
869,289
870,54
870,71
870,92
870,97
870,150
870,177
870,198
871,206
872,41
872,72
872,83
872,181
873,248
874,70
874,72
874,8
874,26
874,31
874,37
874,38
874,41
874,45
874,46
875,32
876,269
877,63
877,232
878,42
878,269
879,105
880,32
881,40
881,128
881,289
882,49
882,156
882,4
882,16
882,30
882,36
882,56
882,87
882,89
882,99
883,32
883,279
884,42
884,269
885,14
886,92
886,150
887,72
887,234
887,8
887,31
887,38
887,41
887,45
887,46
887,53
887,61
888,49
888,101
888,20
888,40
888,128
888,142
888,162
888,169
888,239
888,253
889,72
889,41
889,45
889,53
889,61
889,55
889,83
889,132
889,181
890,25
890,54
890,71
890,92
890,97
890,150
890,177
890,198
890,68
890,50
891,63
891,73
891,76
891,232
891,240
892,12
892,16
892,17
892,22
892,30
892,36
892,49
892,56
892,60
892,62
893,150
893,269
894,32
894,50
894,68
894,203
895,41
895,181
896,72
896,38
896,41
896,45
896,53
896,61
896,83
896,214
896,251
896,264
897,122
897,161
897,232
897,251
898,14
899,150
900,25
900,92
900,150
901,6
901,70
901,159
901,101
901,162
901,37
901,46
901,61
901,63
901,73
902,89
902,12
902,17
902,86
902,110
902,111
902,113
902,118
902,130
902,246
903,32
904,72
904,41
904,53
904,83
905,68
905,28
905,32
905,50
905,203
906,150
906,269
907,225
907,52
907,251
908,150
908,42
908,269
909,234
909,141
909,161
909,251
909,296
910,68
910,50
911,72
911,26
911,41
911,53
911,61
911,55
911,83
911,85
911,88
911,93
912,38
912,61
912,214
912,264
913,150
913,42
913,269
914,10
914,32
915,47
915,10
915,32
915,203
915,279
916,49
916,101
916,162
917,55
917,93
917,94
917,132
917,226
918,105
919,14
919,105
919,200
920,150
920,42
920,269
921,150
921,269
922,32
922,95
922,285
923,49
923,156
923,213
924,139
925,32
926,50
926,54
926,68
926,198
926,257
926,285
927,14
927,200
927,105
928,81
928,80
928,268
928,4
928,16
928,24
928,30
928,36
928,56
928,62
929,32
930,76
931,289
932,70
932,101
932,239
932,234
932,63
932,73
932,122
932,139
932,161
932,232
933,42
933,269
934,25
934,54
934,92
934,97
934,150
934,177
934,198
934,68
934,50
935,40
935,128
935,162
935,253
935,289
936,105
937,128
937,289
938,105
938,142
938,162
938,228
938,253
939,72
939,225
939,149
939,234
939,8
939,26
939,31
939,41
939,45
939,46
940,10
941,28
941,32
941,201
942,232
943,72
943,41
943,45
943,53
943,61
943,55
943,83
943,88
943,93
943,132
944,257
944,54
944,97
944,177
944,198
944,32
944,50
944,95
944,241
944,285
945,139
946,150
946,269
947,10
947,28
947,201
948,42
948,269
949,14
950,49
950,289
951,105
951,200
952,15
953,37
953,55
953,85
953,88
953,93
953,94
953,132
953,144
953,223
953,226
954,237
955,26
955,37
955,41
955,45
955,46
955,61
955,88
955,180
955,181
955,237
956,139
957,238
957,209
957,81
957,268
957,4
957,7
957,16
957,24
957,30
957,36
958,10
958,32
958,201
959,269
960,128
961,139
962,105
963,42
963,269
964,139
965,49
965,101
965,169
966,156
966,80
966,16
966,74
966,87
966,99
966,135
966,170
966,188
966,208
967,49
967,101
967,20
967,128
967,142
967,162
967,253
967,289
968,41
968,72
968,8
968,31
968,38
968,53
968,61
968,83
968,122
968,141
969,61
970,49
970,156
970,101
970,1
970,126
970,193
970,249
971,61
971,55
971,88
972,251
973,35
973,105
973,142
974,139
975,162
976,52
977,14
978,52
978,139
979,269
980,32
981,26
981,37
981,41
981,45
981,46
981,61
981,55
981,85
981,88
981,93
982,35
982,105
982,142
983,31
983,61
983,141
983,161
983,234
983,243
983,251
983,296
983,297
984,8
984,164
985,238
985,209
985,81
985,16
985,24
985,87
985,134
985,136
985,170
985,245
986,63
986,70
986,73
986,76
986,133
986,148
986,159
986,240
986,293
987,269
988,139
989,101
990,38
990,76
990,122
990,131
990,141
990,161
990,214
990,234
990,251
990,264
991,25
991,54
991,71
991,92
991,97
991,150
991,177
991,198
991,269
991,50
992,116
992,248
992,269
992,78
992,68
993,139
994,200
994,231
994,105
994,254
995,55
995,93
995,132
995,226
996,238
996,209
996,81
996,268
996,112
996,42
996,269
996,14
996,32
996,234
997,139
998,49
998,238
998,209
998,81
998,268
998,4
998,7
998,16
998,24
998,30
999,285
1000,28
1000,32
1000,203
1001,54
1001,150
1001,177
1001,198
1001,68
1001,10
1001,28
1001,32
1001,50
1001,95
1002,49
1002,248
1003,238
1003,209
1003,81
1003,268
1003,4
1003,7
1003,16
1003,24
1003,30
1003,36
1004,49
1004,238
1004,209
1004,81
1004,80
1004,268
1004,7
1004,16
1004,24
1004,30
1005,101
1006,61
1006,122
1006,141
1006,161
1006,251
1006,296
1006,297
1007,68
1007,32
1007,50
1007,203
1007,285
1008,10
1008,32
1008,201
1008,279
1009,162
1010,68
1010,28
1010,50
1010,203
1011,49
1011,40
1011,105
1011,128
1011,142
1011,162
1011,253
1011,289
1012,257
1012,68
1012,28
1012,32
1012,50
1012,95
1012,203
1012,241
1012,285
1013,101
1014,32
1015,251
1015,264
1016,150
1016,42
1016,269
1017,234
1017,8
1017,164
1018,49
1018,238
1018,81
1018,268
1018,4
1018,16
1018,30
1018,36
1018,56
1018,87
1019,105
1020,72
1020,41
1020,45
1020,53
1020,61
1020,83
1021,85
1021,88
1021,93
1021,94
1021,122
1021,144
1021,148
1021,159
1021,180
1021,181
1021,223
1021,226
1021,240
1021,255
1021,264
1022,101
1022,20
1022,35
1022,40
1022,105
1022,128
1022,142
1022,162
1022,206
1022,228
1023,10
1023,32
1024,55
1024,88
1024,93
1024,132
1024,181
1024,226
1024,255
1025,49
1025,101
1025,27
1025,162
1025,169
1026,47
1026,10
1026,28
1026,201
1027,150
1027,269
1028,200
1028,105
1029,14
1030,14
1031,10
1031,28
1031,201
1032,257
1032,25
1032,54
1032,71
1032,92
1032,97
1032,150
1032,177
1032,198
1032,68
1033,116
1034,68
1034,28
1034,32
1034,50
1034,95
1034,203
1034,241
1034,285
1035,72
1035,41
1035,45
1035,53
1035,61
1035,83
1035,181
1035,264
1036,68
1036,28
1036,32
1036,50
1036,95
1036,203
1036,285
1037,2
1038,101
1039,150
1039,269
1040,105
1040,142
1041,49
1041,116
1041,248
1041,150
1041,269
1041,14
1041,105
1041,142
1041,143
1041,162
1042,139
1043,22
1043,154
1043,208
1043,213
1043,266
1044,251
1045,14
1045,174
1045,143
1045,47
1045,10
1045,32
1045,203
1045,279
1045,234
1045,164
1046,25
1046,54
1046,71
1046,92
1046,97
1046,150
1046,177
1046,198
1047,55
1047,88
1047,93
1047,94
1047,132
1047,223
1047,226
1047,255
1048,49
1048,185
1048,236
1049,139
1050,54
1050,97
1050,177
1050,198
1050,68
1050,50
1051,32
1052,8
1052,53
1052,61
1052,164
1052,296
1053,8
1053,61
1053,141
1053,161
1053,251
1053,296
1054,150
1054,269
1055,35
1055,105
1055,142
1055,206
1056,26
1056,37
1056,41
1056,85
1056,88
1056,94
1056,144
1056,180
1056,181
1056,223
1057,42
1057,269
1057,213
1058,32
1059,142
1060,257
1060,25
1060,71
1060,92
1060,97
1060,150
1060,269
1060,68
1060,50
1060,203
1061,40
1061,289
1062,61
1062,214
1063,40
1063,105
1063,128
1063,142
1063,289
1064,238
1064,209
1064,81
1064,268
1064,7
1064,16
1064,30
1064,36
1064,56
1064,62
1065,26
1065,37
1065,85
1065,88
1065,93
1065,94
1065,132
1065,181
1065,223
1065,226
1066,61
1067,200
1067,105
1068,105
1069,42
1069,269
1070,54
1070,97
1070,177
1070,198
1070,68
1070,50
1071,41
1071,181
1072,139
1073,40
1073,49
1073,253
1073,289
1074,32
1074,50
1074,68
1074,203
1074,285
1075,150
1076,49
1076,162
1077,71
1077,92
1077,97
1077,150
1077,269
1078,32
1078,50
1078,95
1078,241
1078,285
1079,139
1080,139
1081,72
1081,53
1081,88
1081,132
1082,238
1082,81
1082,36
1082,87
1082,89
1082,99
1082,158
1082,212
1082,224
1082,229
1083,82
1084,293
1084,8
1084,26
1084,41
1084,53
1084,83
1084,85
1084,93
1084,94
1084,148
1085,92
1085,150
1085,42
1085,269
1086,49
1086,116
1086,185
1086,156
1086,80
1086,188
1086,244
1086,42
1086,269
1086,213
1087,150
1087,269
1088,122
1089,238
1089,209
1090,25
1090,54
1090,71
1090,92
1090,97
1090,150
1090,177
1090,198
1090,68
1090,10
1091,49
1092,49
1092,116
1092,185
1092,156
1092,81
1092,80
1092,268
1092,4
1092,16
1092,24
1093,257
1093,54
1093,92
1093,97
1093,177
1093,198
1093,28
1093,32
1093,50
1093,95
1094,105
1095,49
1095,248
1095,289
1096,32
1097,122
1097,251
1098,105
1099,206
1100,42
1100,269
1101,198
1101,68
1101,50
1102,105
1103,8
1103,61
1104,10
1104,28
1104,201
1105,234
1105,61
1105,141
1105,161
1105,251
1105,296
1105,297
1106,49
1106,101
1106,169
1106,193
1107,139
1108,42
1108,269
1109,10
1109,28
1109,32
1109,201
1109,203
1110,49
1110,116
1110,185
1110,236
1110,156
1110,80
1110,74
1110,129
1110,135
1110,188
1111,68
1111,32
1111,50
1111,204
1112,72
1112,41
1112,45
1112,53
1112,61
1112,83
1112,181
1113,139
1114,116
1115,105
1116,68
1116,28
1116,50
1116,203
1116,285
1117,72
1117,41
1117,45
1117,53
1117,61
1117,83
1117,181
1118,32
1118,50
1118,68
1118,95
1118,241
1118,285
1119,215
1119,257
1119,25
1119,54
1119,71
1119,92
1119,97
1119,150
1119,177
1119,198
1120,269
1121,238
1122,269
1123,198
1123,68
1123,50
1124,200
1124,105
1125,6
1125,133
1125,159
1125,258
1125,293
1126,139
1127,269
1128,269
1129,139
1130,14
1130,200
1130,105
1131,150
1131,269
1132,81
1132,114
1133,257
1133,68
1133,28
1133,32
1133,50
1133,95
1133,203
1133,241
1133,285
1134,68
1134,50
1134,285
1135,25
1135,54
1135,71
1135,92
1135,97
1135,150
1135,177
1135,198
1135,50
1136,198
1136,68
1136,32
1136,50
1136,95
1136,203
1136,241
1136,285
1137,139
1138,139
1139,213
1140,72
1140,8
1140,41
1140,45
1140,53
1140,61
1140,83
1141,54
1141,198
1141,68
1141,50
1141,285
1142,132
1143,72
1143,41
1143,181
1144,32
1144,50
1144,285
1145,8
1145,41
1145,53
1145,72
1145,83
1146,203
1147,10
1147,32
1147,201
1147,279
1148,28
1148,32
1149,25
1149,92
1149,150
1150,269
1151,61
1151,214
1152,72
1152,8
1152,38
1152,41
1152,45
1152,53
1152,61
1152,83
1152,122
1152,181
1153,73
1153,76
1153,240
1154,150
1154,269
1154,68
1154,10
1154,28
1154,32
1154,50
1154,201
1154,203
1155,72
1155,8
1155,26
1155,41
1155,45
1155,53
1155,61
1155,83
1155,88
1155,181
1156,49
1157,150
1158,269
1159,85
1159,93
1159,94
1159,132
1159,223
1159,226
1160,101
1160,105
1161,49
1161,156
1161,213
1161,1
1161,110
1161,121
1161,126
1161,249
1161,262
1161,283
1162,10
1163,105
1164,122
1164,251
1164,264
1165,76
1165,122
1165,232
1166,206
1167,257
1167,25
1167,54
1167,71
1167,92
1167,97
1167,150
1167,177
1167,198
1167,42
1168,101
1168,27
1168,169
1169,32
1170,61
1171,2
1172,68
1172,203
1173,42
1173,269
1174,274
1175,26
1175,85
1175,88
1175,93
1175,94
1175,181
1175,223
1175,226
1175,255
1176,251
1177,76
1178,150
1178,269
1179,32
1180,26
1180,88
1180,255
1181,32
1181,50
1181,203
1182,42
1182,269
1183,6
1183,133
1183,159
1183,258
1184,26
1184,181
1184,255
1185,63
1185,73
1185,76
1185,232
1185,240
1186,10
1187,32
1187,95
1187,241
1187,285
1188,32
1189,42
1189,269
1190,49
1190,185
1190,213
1191,32
1192,93
1192,132
1192,226
1193,139
1194,10
1194,32
1194,201
1195,139
1196,105
1196,142
1197,238
1197,209
1197,81
1197,4
1197,7
1197,16
1197,30
1197,36
1197,56
1197,87
1198,32
1198,203
1199,269
1200,139
1201,50
1201,285
1202,49
1202,101
1202,128
1202,162
1202,169
1202,253
1202,289
1203,68
1203,32
1203,50
1203,203
1203,285
1204,32
1205,234
1206,116
1206,236
1206,42
1206,269
1206,213
1207,238
1207,209
1207,81
1207,4
1207,7
1207,30
1207,36
1207,56
1207,89
1207,114
1208,105
1208,142
1209,10
1210,76
1210,122
1210,233
1211,45
1211,61
1211,237
1211,264
1212,32
1213,45
1213,53
1213,61
1213,264
1214,76
1215,32
1216,72
1216,41
1216,53
1216,83
1216,88
1216,132
1216,181
1216,226
1217,10
1217,28
1217,32
1217,203
1218,88
1218,93
1218,132
1218,223
1218,226
1219,122
1219,251
1219,264
1220,200
1220,105
1221,32
1221,285
1222,269
1223,107
1224,269
1225,32
1225,50
1225,203
1226,101
1227,8
1227,61
1228,2
1229,26
1229,88
1229,93
1229,132
1229,181
1229,226
1229,255
1230,49
1230,101
1230,35
1230,40
1230,105
1230,128
1230,142
1230,162
1230,206
1230,228
1231,83
1232,32
1233,269
1234,105
1235,68
1236,50
1236,288
1237,32
1238,68
1238,50
1238,203
1239,14
1239,35
1239,40
1239,105
1239,142
1239,200
1239,206
1239,228
1239,231
1239,253
1240,139
1241,49
1241,81
1241,80
1241,24
1241,36
1241,62
1241,74
1241,87
1241,99
1241,129
1242,6
1242,70
1242,133
1242,159
1242,258
1242,293
1242,46
1242,144
1242,148
1242,180
1243,10
1244,105
1245,105
1246,76
1246,122
1246,232
1246,237
1246,251
1246,264
1247,1
1247,110
1247,193
1247,262
1248,32
1249,116
1250,238
1250,209
1250,81
1250,4
1250,7
1250,16
1250,24
1250,30
1250,36
1250,56
1251,72
1251,8
1251,41
1251,45
1251,53
1251,61
1251,83
1252,32
1253,139
1254,14
1254,174
1254,10
1254,279
1255,72
1255,41
1255,45
1255,53
1255,61
1255,83
1256,269
1257,234
1257,31
1257,164
1258,200
1258,231
1258,101
1258,105
1258,142
1258,143
1258,162
1258,206
1258,253
1258,289
1259,105
1260,47
1261,251
1262,32
1263,150
1263,269
1264,14
1264,174
1264,47
1264,10
1264,32
1264,234
1265,177
1266,25
1266,54
1266,71
1266,92
1266,97
1266,150
1266,269
1267,200
1267,105
1268,72
1268,41
1268,181
1269,63
1269,73
1269,76
1269,122
1269,232
1269,237
1269,240
1269,251
1269,264
1270,49
1270,121
1270,126
1270,249
1270,283
1271,139
1272,101
1272,27
1272,169
1273,42
1273,273
1274,257
1274,25
1274,54
1274,71
1274,92
1274,97
1274,150
1274,177
1274,198
1274,50
1275,42
1275,269
1276,68
1276,32
1276,50
1276,203
1277,206
1278,42
1278,269
1279,76
1280,109
1281,32
1282,28
1282,32
1282,50
1282,203
1282,285
1283,105
1284,105
1285,150
1285,42
1285,269
1286,203
1287,72
1287,26
1287,41
1287,45
1287,53
1287,83
1287,181
1288,70
1288,101
1288,26
1288,31
1288,37
1288,61
1288,63
1288,76
1288,85
1288,88
1289,257
1289,25
1289,54
1289,71
1289,92
1289,97
1289,150
1289,177
1289,198
1289,68
1290,32
1290,95
1290,241
1290,285
1291,150
1291,274
1292,49
1293,72
1294,105
1295,269
1296,234
1296,8
1296,31
1296,61
1296,141
1296,161
1296,164
1296,251
1296,296
1296,297
1297,28
1297,203
1298,139
1299,93
1299,132
1300,238
1300,209
1300,81
1300,6
1300,133
1300,159
1300,258
1301,116
1301,42
1301,278
1302,81
1302,4
1302,30
1302,36
1302,89
1302,114
1302,155
1302,158
1302,220
1302,224
1303,238
1303,209
1303,81
1303,4
1303,16
1303,24
1303,30
1303,36
1303,56
1303,87
1304,13
1304,104
1305,206
1306,38
1306,46
1306,53
1306,61
1306,73
1306,76
1306,122
1306,141
1306,181
1306,214
1307,26
1307,37
1307,38
1307,41
1307,45
1307,46
1307,53
1307,61
1307,73
1307,76
1308,49
1308,213
1309,72
1309,8
1309,37
1309,38
1309,41
1309,45
1309,53
1309,61
1309,83
1309,93
1310,105
1311,238
1311,81
1311,4
1311,7
1311,30
1311,36
1311,56
1311,89
1311,114
1311,158
1312,42
1312,269
1313,42
1313,269
1314,49
1314,101
1314,27
1314,169
1315,42
1315,269
1316,105
1317,269
1317,150
1318,49
1318,101
1318,27
1318,162
1318,169
1318,253
1318,289
1319,257
1319,25
1319,54
1319,71
1319,150
1319,177
1319,198
1319,269
1319,68
1319,10
1320,49
1320,200
1320,231
1320,35
1320,40
1320,105
1320,128
1320,142
1320,162
1320,206
1321,181
1322,139
1323,156
1323,80
1323,16
1323,62
1323,74
1323,87
1323,129
1323,135
1323,188
1323,208
1324,32
1324,279
1325,122
1326,49
1326,101
1326,20
1326,27
1326,40
1326,105
1326,128
1326,142
1326,162
1326,169
1327,35
1327,105
1327,142
1327,253
1328,105
1329,49
1330,28
1330,32
1330,201
1331,40
1331,128
1331,162
1331,253
1331,289
1332,139
1333,41
1333,45
1333,53
1333,61
1333,83
1334,49
1334,116
1334,185
1334,236
1335,90
1335,115
1335,257
1335,25
1335,54
1335,71
1335,97
1335,150
1335,177
1335,198
1336,238
1336,209
1336,81
1337,234
1337,8
1337,31
1337,164
1338,139
1339,38
1339,45
1339,61
1339,122
1339,214
1339,237
1339,251
1339,264
1340,25
1340,54
1340,71
1340,92
1340,97
1340,150
1340,177
1341,128
1341,289
1342,14
1343,54
1343,71
1343,92
1343,97
1343,150
1343,177
1343,198
1343,269
1343,68
1343,50
1344,49
1344,156
1344,213
1345,68
1345,28
1345,32
1345,50
1345,203
1345,285
1346,61
1347,116
1348,150
1349,150
1350,150
1350,42
1350,269
1351,49
1351,162
1352,14
1352,200
1352,105
1353,251
1354,105
1355,105
1356,234
1356,61
1356,122
1356,141
1356,161
1356,214
1356,251
1356,296
1356,297
1357,234
1358,139
1359,72
1359,41
1359,45
1359,53
1359,83
1360,200
1360,105
1361,68
1362,14
1363,200
1363,105
1364,139
1365,105
1366,10
1366,201
1367,269
1368,81
1368,4
1368,16
1368,24
1368,30
1368,36
1368,56
1368,87
1368,89
1368,99
1369,35
1369,105
1369,142
1370,116
1371,32
1372,72
1372,8
1372,41
1372,45
1372,53
1372,83
1373,90
1373,257
1373,25
1373,71
1373,92
1373,97
1373,198
1373,68
1373,50
1373,203
1374,150
1375,50
1376,54
1376,198
1377,139
1378,139
1379,28
1380,206
1381,14
1381,200
1381,105
1382,49
1382,156
1382,238
1382,209
1382,81
1382,4
1382,7
1382,16
1382,30
1382,36
1383,76
1384,49
1384,116
1384,185
1384,156
1384,80
1384,188
1384,244
1384,213
1385,101
1386,70
1386,133
1387,234
1388,234
1388,8
1388,31
1388,61
1388,122
1388,141
1388,161
1388,164
1388,251
1388,264
1389,32
1389,95
1389,203
1390,68
1390,28
1390,32
1390,50
1390,95
1390,203
1390,241
1390,285
1391,49
1392,257
1392,25
1392,54
1392,71
1392,92
1392,97
1392,150
1392,177
1392,198
1392,68
1393,35
1393,105
1393,142
1394,225
1395,81
1395,4
1395,16
1395,24
1395,30
1395,36
1395,56
1395,74
1395,87
1395,89
1396,139
1397,50
1398,206
1399,32
1400,72
1400,41
1400,45
1400,53
1400,83
1401,76
1402,150
1403,150
1403,42
1403,269
1404,35
1404,105
1404,142
1405,150
1406,42
1406,269
1407,198
1407,68
1407,50
1408,49
1408,35
1408,40
1408,105
1408,128
1408,142
1408,162
1408,253
1408,289
1409,42
1409,269
1410,139
1411,35
1411,105
1411,142
1412,139
1413,61
1413,141
1413,161
1413,251
1413,264
1413,296
1414,42
1414,269
1415,35
1415,105
1415,142
1416,40
1416,128
1416,162
1416,253
1416,289
1417,116
1418,32
1418,203
1419,68
1419,32
1419,50
1419,203
1420,42
1420,269
1421,150
1421,42
1421,269
1422,72
1422,8
1422,41
1422,45
1422,53
1422,61
1422,83
1422,214
1422,264
1423,68
1423,32
1423,203
1424,200
1424,105
1425,32
1426,206
1427,49
1427,162
1428,105
1429,116
1430,2
1431,101
1432,234
1432,8
1432,45
1432,61
1432,88
1432,122
1432,141
1432,214
1432,251
1432,264
1433,57
1433,66
1433,115
1433,150
1433,42
1433,269
1433,68
1433,10
1433,32
1433,50
1434,68
1434,32
1434,50
1434,203
1435,10
1435,28
1435,32
1435,201
1436,54
1436,32
1436,50
1436,95
1436,241
1436,285
1437,57
1437,66
1437,115
1437,218
1438,206
1439,49
1439,101
1439,27
1439,105
1439,128
1439,142
1439,162
1439,169
1439,253
1439,289
1440,76
1441,32
1442,156
1442,213
1443,269
1444,32
1444,95
1444,241
1444,285
1445,45
1445,61
1445,264
1446,105
1447,116
1448,32
1449,203
1450,105
1451,32
1452,206
1453,139
1454,41
1454,181
1455,257
1455,25
1455,54
1455,71
1455,92
1455,97
1455,150
1455,177
1455,198
1455,68
1456,234
1456,8
1456,31
1456,161
1456,164
1456,296
1456,297
1457,32
1458,50
1459,32
1460,200
1460,105
1461,25
1461,71
1461,92
1461,97
1461,150
1461,269
1462,81
1462,4
1462,16
1462,30
1462,56
1462,87
1462,99
1462,114
1462,134
1462,158
1463,116
1464,76
1464,122
1464,233
1465,234
1465,31
1465,161
1465,297
1466,285
1467,101
1467,20
1467,27
1467,40
1467,169
1467,253
1467,193
1468,150
1468,269
1469,76
1470,285
1471,105
1471,142
1471,253
1472,6
1472,70
1472,133
1472,159
1472,258
1472,293
1472,101
1472,20
1472,169
1472,253
1473,50
1474,105
1474,142
1475,238
1476,32
1477,105
1478,50
1478,285
1479,76
1480,139
1481,47
1481,10
1482,25
1482,92
1482,150
1483,251
1484,42
1484,269
1485,28
1485,32
1485,50
1485,201
1485,203
1485,279
1486,72
1486,41
1486,181
1487,107
1488,42
1488,271
1488,221
1488,176
1488,34
1488,127
1489,251
1490,72
1490,8
1490,41
1490,45
1490,53
1490,61
1490,83
1490,214
1490,237
1490,264
1491,150
1491,42
1491,269
1492,101
1493,68
1493,203
1494,32
1495,238
1496,28
1496,32
1496,203
1497,101
1498,139
1499,49
1499,101
1499,35
1499,40
1499,105
1499,128
1499,142
1499,162
1499,206
1499,228
1500,139
1501,32
1501,50
1501,285
1502,105
1503,49
1504,105
1505,139
1506,234
1506,8
1506,31
1506,164
1507,32
1508,32
1509,32
1509,285
1510,206
1511,10
1511,32
1511,201
1512,8
1512,38
1512,45
1512,61
1512,122
1512,141
1512,214
1512,240
1512,251
1512,264
1513,14
1514,234
1514,131
1515,200
1515,105
1516,139
1517,73
1517,76
1517,222
1518,32
1519,72
1519,8
1519,26
1519,37
1519,41
1519,45
1519,46
1519,53
1519,61
1519,76
1520,257
1520,25
1520,54
1520,71
1520,92
1520,97
1520,150
1520,177
1520,198
1520,269
1521,285
1522,139
1523,32
1524,76
1525,68
1526,76
1527,49
1527,101
1527,27
1527,142
1527,169
1528,18
1528,57
1528,115
1529,105
1530,238
1530,209
1531,139
1532,6
1532,70
1532,159
1532,293
1532,101
1532,20
1532,105
1532,162
1532,26
1532,37
1533,42
1533,269
1534,42
1534,269
1535,89
1536,200
1536,105
1537,32
1538,68
1538,28
1538,32
1538,50
1538,203
1539,38
1539,41
1539,45
1539,53
1539,61
1539,76
1539,122
1539,214
1539,251
1539,264
1540,105
1541,28
1541,32
1541,205
1542,72
1542,41
1542,53
1542,61
1542,83
1542,88
1542,132
1542,226
1542,251
1543,105
1544,116
1545,101
1546,150
1546,269
1547,105
1547,206
1548,200
1548,105
1549,32
1549,50
1550,49
1551,49
1551,162
1552,10
1552,28
1552,32
1552,203
1553,10
1553,28
1553,32
1553,201
1554,116
1555,41
1555,46
1555,61
1555,76
1555,122
1555,141
1555,240
1555,251
1555,264
1555,296
1556,139
1557,32
1557,285
1558,72
1558,41
1558,183
1559,49
1559,116
1559,156
1559,80
1559,74
1559,188
1559,244
1559,213
1560,72
1560,26
1560,41
1560,53
1560,61
1560,83
1560,88
1560,122
1560,181
1560,214
1561,32
1562,140
1563,234
1563,141
1563,161
1563,251
1563,297
1564,257
1564,25
1564,54
1564,92
1564,97
1564,150
1564,198
1564,68
1564,28
1564,32
1565,32
1566,50
1566,285
1567,105
1568,76
1568,181
1569,164
1570,25
1570,54
1570,71
1570,92
1570,97
1570,150
1570,177
1570,198
1570,68
1570,10
1571,116
1572,139
1573,49
1573,116
1573,185
1573,236
1573,213
1574,139
1575,32
1576,49
1576,156
1576,42
1576,269
1576,213
1577,269
1578,203
1579,9
1579,21
1579,64
1579,91
1579,215
1579,216
1579,218
1580,49
1581,116
1582,21
1582,90
1582,216
1582,218
1582,257
1582,25
1582,54
1582,71
1582,92
1582,97
1583,49
1583,101
1583,20
1583,162
1584,238
1584,209
1584,30
1584,36
1584,89
1584,114
1584,158
1584,212
1584,224
1584,230
1585,139
1586,32
1587,49
1587,101
1588,35
1588,105
1588,142
1588,228
1588,253
1589,68
1589,203
1590,42
1590,269
1591,122
1591,251
1592,49
1593,269
1594,213
1595,105
1595,142
1596,8
1596,31
1596,61
1596,141
1596,161
1596,164
1596,251
1596,296
1596,297
1597,57
1598,234
1599,206
1600,128
1601,49
1601,101
1601,40
1601,105
1601,128
1601,142
1601,162
1601,253
1601,289
1602,49
1603,32
1604,114
1605,68
1606,49
1607,105
1608,140
1609,4
1609,16
1609,30
1609,36
1609,56
1609,89
1609,158
1609,224
1609,6
1609,133
1610,150
1611,162
1611,253
1612,105
1612,254
1613,200
1613,105
1614,257
1614,25
1614,54
1614,71
1614,92
1614,97
1614,150
1614,177
1614,198
1614,32
1615,72
1615,41
1615,53
1615,83
1615,88
1615,132
1615,226
1616,49
1616,162
1617,101
1618,49
1619,50
1619,285
1620,116
1621,49
1622,107
1623,139
1624,32
1625,139
1626,25
1626,54
1626,71
1626,92
1626,97
1626,150
1626,177
1626,198
1627,49
1628,49
1628,248
1628,101
1628,169
1628,289
1628,1
1628,193
1629,139
1630,206
1631,105
1632,54
1632,177
1632,198
1632,68
1632,50
1632,203
1632,285
1633,116
1634,32
1635,150
1636,105
1637,139
1638,150
1639,139
1640,206
1641,35
1641,105
1641,142
1641,228
1642,206
1643,32
1644,269
1645,234
1646,68
1646,28
1646,50
1646,203
1646,285
1647,33
1648,8
1648,41
1648,61
1648,122
1648,214
1648,251
1648,264
1649,42
1649,269
1650,32
1651,251
1652,150
1653,42
1653,269
1654,150
1654,269
1655,6
1655,70
1655,133
1655,159
1655,258
1655,144
1655,180
1655,240
1656,61
1657,10
1657,32
1657,201
1657,279
1658,28
1658,32
1658,201
1659,49
1659,248
1659,101
1659,40
1659,128
1659,142
1659,162
1659,206
1659,253
1659,289
1660,269
1661,72
1661,41
1661,45
1661,53
1661,61
1661,83
1661,88
1661,93
1661,132
1661,181
1662,105
1662,142
1662,253
1663,49
1663,98
1663,248
1663,101
1663,40
1663,128
1663,142
1663,162
1663,169
1663,253
1664,49
1664,162
1664,289
1665,32
1665,95
1665,285
1666,32
1666,203
1667,206
1668,234
1668,164
1669,54
1669,71
1669,92
1669,97
1669,150
1669,198
1669,269
1669,68
1669,28
1669,50
1670,42
1671,122
1671,251
1672,35
1672,105
1672,142
1672,253
1673,49
1674,203
1675,200
1675,105
1676,50
1677,32
1678,269
1679,32
1680,139
1681,139
1682,150
1682,269
1683,10
1683,28
1683,32
1683,201
1683,279
1684,232
1685,238
1685,209
1686,32
1686,50
1686,95
1686,241
1686,285
1687,139
1688,234
1689,105
1690,6
1690,133
1690,159
1691,49
1692,32
1693,213
1693,12
1693,86
1693,260
1694,205
1695,68
1695,50
1695,203
1696,41
1697,139
1698,32
1699,269
1700,10
1700,28
1701,68
1701,50
1701,203
1702,101
1703,28
1703,32
1703,50
1703,95
1703,203
1703,241
1703,285
1704,269
1705,14
1706,105
1707,10
1707,32
1707,279
1708,50
1709,28
1709,203
1710,42
1710,269
1711,40
1711,128
1711,253
1711,289
1712,200
1712,105
1713,32
1714,49
1714,248
1714,101
1714,128
1714,162
1714,169
1714,289
1715,234
1715,161
1715,297
1716,139
1717,110
1717,260
1718,156
1718,213
1718,121
1719,54
1719,177
1719,198
1719,50
1720,206
1721,4
1721,89
1721,158
1721,224
1721,138
1722,285
1723,30
1723,56
1723,158
1723,224
1723,138
1724,72
1724,8
1724,41
1724,45
1724,53
1724,61
1724,83
1724,88
1724,122
1724,132
1725,32
1726,68
1726,28
1726,32
1726,50
1726,95
1726,203
1726,241
1726,285
1727,234
1727,8
1727,31
1727,141
1727,161
1727,164
1727,296
1727,297
1728,113
1729,32
1729,203
1730,269
1731,32
1732,116
1733,257
1733,25
1733,54
1733,71
1733,92
1733,97
1733,150
1733,177
1733,198
1733,68
1734,114
1735,116
1736,36
1736,89
1736,260
1737,105
1738,139
1739,116
1739,236
1739,213
1740,150
1741,14
1741,200
1741,105
1742,50
1743,139
1744,257
1744,198
1744,32
1744,50
1744,95
1744,241
1744,285
1745,25
1745,54
1745,92
1745,97
1745,177
1745,198
1745,50
1746,200
1746,105
1747,72
1747,41
1747,45
1747,53
1747,61
1747,83
1748,35
1748,105
1748,142
1749,68
1749,10
1749,28
1749,32
1749,50
1749,95
1749,201
1749,203
1749,279
1749,285
1750,72
1750,41
1750,45
1750,53
1750,61
1751,105
1751,142
1752,35
1752,105
1752,142
1753,32
1754,139
1755,61
1755,237
1755,264
1756,234
1757,139
1758,139
1759,141
1759,161
1759,296
1760,234
1761,50
1762,150
1763,198
1764,115
1765,14
1765,200
1765,101
1765,105
1765,142
1765,162
1765,206
1765,239
1765,253
1766,10
1766,28
1767,14
1767,200
1767,231
1767,101
1767,40
1767,105
1767,128
1767,142
1767,162
1767,206
1768,61
1768,76
1768,122
1768,141
1768,214
1768,237
1768,251
1768,264
1769,36
1769,213
1769,12
1769,17
1769,86
1769,110
1769,260
1770,200
1770,105
1771,128
1772,90
1772,257
1772,54
1772,71
1772,92
1772,97
1772,150
1772,177
1772,198
1772,68
1773,32
1774,57
1774,66
1775,72
1775,8
1775,41
1775,45
1775,53
1775,61
1775,83
1775,88
1775,93
1775,94
1776,6
1776,70
1776,133
1776,159
1776,258
1776,293
1776,37
1776,46
1776,63
1776,73
1777,234
1778,206
1779,139
1780,200
1780,105
1781,101
1782,32
1783,255
1784,32
1785,139
1786,116
1787,68
1787,28
1787,32
1787,50
1787,95
1787,203
1787,241
1787,285
1788,68
1788,28
1788,32
1788,50
1788,203
1789,28
1789,203
1790,25
1790,54
1790,71
1790,92
1790,97
1790,150
1790,177
1790,198
1790,68
1790,10
1791,200
1791,105
1792,25
1792,54
1792,92
1792,97
1792,150
1792,198
1792,68
1792,28
1792,32
1792,50
1793,238
1793,209
1794,49
1794,101
1794,128
1794,162
1794,253
1794,289
1795,10
1795,28
1795,32
1795,201
1796,76
1796,122
1796,232
1796,251
1796,264
1797,257
1797,25
1797,54
1797,71
1797,92
1797,97
1797,150
1797,177
1797,198
1797,68
1798,32
1798,50
1798,95
1798,203
1798,241
1799,177
1800,139
1801,200
1801,105
1802,185
1802,156
1802,80
1802,188
1802,244
1802,22
1802,213
1802,121
1803,116
1804,49
1805,139
1806,200
1806,105
1807,139
1808,105
1809,47
1809,10
1809,28
1809,203
1810,32
1811,10
1811,28
1812,200
1812,105
1813,234
1813,131
1814,105
1814,206
1815,257
1815,54
1815,92
1815,150
1815,198
1815,68
1815,10
1815,32
1815,50
1815,201
1816,114
1817,105
1817,142
1818,200
1818,105
1819,105
1820,42
1820,269
1821,139
1822,239
1823,32
1824,139
1825,105
1826,238
1826,209
1826,81
1826,7
1826,16
1826,56
1826,87
1826,99
1826,208
1826,212
1827,25
1827,54
1827,71
1827,92
1827,97
1827,150
1827,177
1827,198
1827,68
1827,28
1828,142
1829,49
1830,42
1831,101
1831,169
1831,239
1832,57
1832,66
1833,49
1833,289
1834,49
1834,98
1834,128
1834,289
1835,200
1835,105
1836,200
1836,105
1837,139
1838,25
1838,54
1838,71
1838,92
1838,97
1838,150
1838,179
1838,167
1839,63
1839,73
1839,76
1839,232
1840,238
1840,209
1841,101
1841,239
1842,105
1843,54
1843,71
1843,92
1843,97
1843,150
1843,177
1844,139
1845,50
1846,10
1846,32
1846,201
1847,49
1847,101
1847,20
1847,40
1847,105
1847,128
1847,142
1847,162
1847,253
1847,289
1848,105
1848,142
1848,206
1849,68
1849,10
1849,28
1849,32
1849,50
1849,95
1849,201
1849,203
1849,241
1849,285
1850,9
1850,64
1850,91
1850,215
1850,216
1850,218
1851,72
1851,8
1851,41
1851,53
1851,61
1851,83
1851,85
1851,88
1851,93
1851,94
1852,49
1853,105
1854,28
1855,257
1855,25
1855,54
1855,71
1855,92
1855,97
1855,150
1855,177
1855,198
1855,68
1856,150
1856,269
1857,234
1858,105
1859,105
1860,257
1860,198
1860,28
1860,32
1860,50
1860,95
1860,203
1860,241
1860,285
1861,115
1862,206
1863,49
1863,128
1863,142
1863,162
1863,253
1863,289
1864,206
1865,239
1866,139
1867,42
1867,269
1868,200
1868,105
1869,206
1870,213
1871,213
1871,12
1871,17
1871,86
1871,110
1871,260
1872,10
1872,32
1872,201
1872,279
1873,238
1873,81
1873,7
1873,16
1873,24
1873,87
1873,134
1873,170
1873,245
1874,139
1875,49
1875,238
1875,209
1875,81
1875,4
1875,30
1875,36
1875,56
1875,89
1875,114
1876,49
1876,101
1876,40
1876,128
1876,142
1876,162
1876,253
1876,289
1877,105
1878,10
1878,28
1878,201
1879,42
1879,269
1880,139
1881,139
1882,139
1883,49
1883,289
1884,28
1885,139
1886,139
1887,32
1888,200
1888,105
1889,35
1889,105
1889,142
1889,228
1889,253
1890,49
1890,248
1890,289
1891,139
1892,161
1892,297
1893,139
1894,234
1895,10
1895,28
1895,32
1895,50
1895,95
1895,201
1895,203
1895,285
1896,139
1897,14
1897,105
1897,254
1898,257
1898,25
1898,54
1898,71
1898,92
1898,97
1898,150
1898,177
1898,198
1898,68
1899,200
1899,105
1900,139
1901,49
1901,101
1901,20
1901,40
1901,105
1901,142
1901,162
1901,169
1901,253
1901,289
1902,49
1902,98
1902,162
1902,253
1902,289
1903,25
1903,54
1903,71
1903,92
1903,97
1903,150
1903,177
1903,198
1903,68
1903,28
1904,150
1905,25
1905,54
1905,71
1905,92
1905,97
1905,150
1905,177
1905,198
1905,68
1905,10
1906,139
1907,32
1908,213
1908,121
1909,269
1910,122
1910,251
1911,49
1912,101
1912,40
1912,105
1912,128
1912,142
1912,162
1912,239
1912,253
1913,139
1914,238
1914,209
1914,81
1915,144
1915,240
1916,139
1917,35
1917,105
1917,142
1917,162
1917,206
1917,253
1918,150
1919,18
1919,57
1919,66
1919,115
1919,25
1919,92
1919,150
1920,101
1920,239
1921,139
1922,72
1922,41
1922,45
1922,53
1922,61
1922,83
1922,132
1922,264
1923,200
1923,105
1924,14
1924,200
1924,35
1924,105
1924,142
1924,206
1925,139
1926,139
1927,35
1927,105
1927,142
1928,213
1928,121
1928,262
1928,283
1929,198
1929,32
1930,200
1930,105
1931,14
1931,200
1931,231
1931,101
1931,20
1931,35
1931,40
1931,105
1931,142
1931,162
1932,9
1932,21
1932,64
1932,91
1932,215
1932,216
1932,218
1933,28
1933,32
1933,203
1934,139
1935,10
1935,32
1936,68
1936,47
1936,203
1937,269
1938,139
1939,32
1939,95
1939,241
1939,285
1940,42
1941,234
1941,31
1941,161
1941,164
1941,297
1942,68
1942,28
1942,32
1942,50
1942,203
1943,52
1944,139
1945,269
1946,32
1947,35
1947,105
1947,142
1948,68
1948,10
1948,28
1948,32
1948,50
1948,95
1948,201
1948,203
1948,241
1948,285
1949,150
1950,50
1950,285
1951,68
1951,28
1951,32
1951,203
1952,139
1953,269
1954,32
1955,14
1955,200
1955,105
1956,105
1957,269
1958,70
1959,105
1959,254
1960,68
1960,32
1960,203
1960,285
1961,49
1961,162
1962,72
1962,8
1962,37
1962,38
1962,41
1962,45
1962,53
1962,61
1962,76
1962,85
1963,139
1964,49
1964,101
1964,40
1964,128
1964,253
1964,289
1965,35
1965,105
1965,142
1966,139
1967,50
1967,285
1968,49
1968,162
1968,289
1969,28
1969,32
1969,203
1970,49
1970,101
1970,20
1970,40
1970,105
1970,128
1970,142
1970,162
1970,169
1970,228
1971,54
1971,97
1971,177
1971,198
1971,68
1971,50
1972,32
1972,201
1973,105
1974,25
1974,54
1974,71
1974,92
1974,97
1974,150
1974,177
1974,198
1974,68
1974,32
1975,10
1975,32
1975,201
1976,203
1977,139
1978,239
1979,32
1980,35
1980,105
1980,142
1981,92
1981,150
1981,269
1982,8
1982,26
1982,45
1982,61
1982,63
1982,73
1982,76
1982,88
1982,93
1982,94
1983,105
1984,269
1985,206
1986,295
1986,191
1987,139
1988,105
1989,90
1989,257
1989,54
1989,71
1989,92
1989,97
1989,150
1989,177
1989,198
1989,68
1990,206
1991,105
1992,200
1992,105
1993,257
1993,25
1993,54
1993,71
1993,92
1993,97
1993,150
1993,177
1993,198
1993,68
1994,139
1995,49
1995,101
1995,162
1995,169
1996,198
1996,68
1996,50
1997,105
1997,254
1998,14
1998,200
1998,105
1999,168
2000,72
2000,41
2000,181
2001,32
2002,89
2002,224
2002,86
2002,111
2002,113
2002,118
2002,130
2002,197
2002,246
2002,260
2003,139
2004,92
2004,97
2004,150
2004,177
2004,198
2004,68
2004,10
2004,28
2004,32
2004,50
2005,61
2006,26
2006,41
2006,45
2006,88
2006,93
2006,132
2006,181
2006,226
2006,255
2007,139
2008,105
2009,105
2009,254
2010,28
2010,32
2010,203
2011,49
2011,101
2011,27
2011,162
2011,169
2011,253
2011,289
2012,200
2012,105
2013,28
2013,32
2013,203
2014,101
2015,14
2015,200
2015,105
2016,105
2017,8
2017,41
2017,45
2017,61
2017,76
2017,88
2017,93
2017,132
2017,141
2017,161
2018,35
2018,105
2018,142
2019,70
2020,248
2020,14
2020,200
2020,105
2020,142
2020,228
2021,139
2022,257
2022,54
2022,177
2022,198
2022,68
2022,32
2022,50
2022,95
2022,203
2022,241
2023,142
2023,228
2023,253
2024,101
2025,6
2025,70
2025,133
2025,234
2025,8
2025,38
2025,41
2025,46
2025,61
2025,63
2026,32
2026,50
2026,95
2026,203
2026,241
2026,285
2027,200
2027,105
2028,14
2028,200
2028,105
2028,142
2028,206
2028,254
2029,68
2029,50
2029,203
2029,285
2030,68
2030,50
2030,203
2031,49
2031,156
2031,213
2031,121
2031,126
2032,35
2032,105
2032,142
2033,139
2034,8
2034,164
2035,206
2036,285
2037,105
2038,115
2038,257
2038,54
2038,71
2038,92
2038,97
2038,150
2038,177
2038,198
2038,68
2039,133
2040,64
2040,90
2040,91
2040,257
2040,25
2040,54
2040,71
2040,92
2040,97
2040,150
2041,105
2042,234
2042,8
2042,31
2042,76
2042,88
2042,122
2042,131
2042,161
2042,164
2042,181
2043,71
2043,97
2043,177
2044,32
2045,32
2046,68
2046,50
2047,205
2048,42
2049,25
2049,54
2049,71
2049,92
2049,97
2049,150
2049,177
2049,198
2049,28
2049,32
2050,28
2051,49
2051,116
2051,185
2051,236
2051,156
2051,213
2051,121
2052,35
2052,105
2052,142
2053,285
2054,28
2054,32
2055,49
2055,116
2055,185
2055,236
2055,156
2055,213
2056,50
2056,285
2057,61
2058,32
2059,200
2059,105
2060,101
2060,27
2061,32
2062,68
2062,10
2062,28
2062,32
2062,50
2062,95
2062,201
2062,203
2062,241
2062,285
2063,32
2063,201
2064,139
2065,6
2065,159
2065,258
2065,293
2066,289
2067,101
2067,40
2067,128
2067,253
2067,289
2068,105
2068,206
2069,239
2070,200
2070,105
2071,105
2071,254
2072,122
2073,49
2073,101
2073,20
2073,239
2073,1
2073,193
2074,6
2074,133
2074,159
2074,258
2074,293
2075,6
2075,46
2075,144
2075,180
2076,105
2077,105
2078,139
2079,105
2080,105
2081,35
2081,105
2081,142
2082,139
2083,101
2084,14
2084,200
2084,105
2085,35
2085,105
2085,142
2085,253
2086,203
2087,49
2087,248
2087,101
2087,20
2087,105
2087,128
2087,142
2087,162
2087,253
2087,289
2088,101
2089,105
2090,101
2090,20
2090,162
2090,239
2091,42
2091,269
2092,49
2092,248
2092,40
2092,128
2092,142
2092,253
2092,289
2093,122
2093,161
2093,251
2093,297
2094,257
2094,25
2094,54
2094,92
2094,97
2094,150
2094,177
2094,198
2094,68
2094,28
2095,32
2096,25
2096,54
2096,92
2096,97
2096,150
2096,177
2096,198
2096,68
2096,50
2097,234
2098,150
2099,25
2099,54
2099,71
2099,92
2099,97
2099,150
2099,177
2099,198
2100,49
2100,116
2100,185
2100,213
2101,105
2102,159
2102,293
2102,73
2102,76
2102,144
2102,148
2102,180
2102,181
2102,223
2103,45
2103,53
2103,61
2104,14
2104,200
2104,105
2105,144
2105,148
2106,68
2106,47
2106,10
2106,28
2106,50
2106,203
2106,285
2107,2
2108,105
2109,17
2109,110
2110,105
2111,139
2112,139
2113,122
2113,161
2113,251
2114,49
2114,162
2115,41
2115,61
2115,181
2116,92
2116,150
2117,257
2117,50
2117,288
2118,206
2119,206
2120,206
2121,50
2121,285
2122,234
2122,8
2122,31
2122,131
2122,161
2122,164
2122,296
2122,297
2123,76
2123,122
2123,144
2123,181
2123,240
2124,32
2124,95
2124,241
2124,285
2125,50
2126,238
2126,209
2126,6
2126,133
2126,159
2126,259
2127,206
2128,105
2129,25
2129,54
2129,71
2129,92
2129,97
2129,150
2129,177
2130,49
2130,156
2130,213
2130,121
2131,206
2132,40
2132,105
2132,128
2132,142
2132,162
2132,206
2132,253
2132,289
2133,28
2134,41
2134,53
2134,88
2134,132
2135,42
2135,269
2136,101
2136,105
2136,128
2136,142
2136,162
2136,253
2136,289
2136,193
2137,32
2137,95
2137,203
2137,241
2137,285
2138,72
2138,8
2138,41
2138,45
2138,53
2138,61
2138,83
2138,88
2138,93
2138,132
2139,260
2140,234
2140,8
2140,26
2140,37
2140,38
2140,41
2140,45
2140,46
2140,53
2140,61
2141,105
2142,32
2143,139
2144,25
2144,54
2144,71
2144,92
2144,97
2144,150
2144,177
2144,198
2145,139
2146,50
2146,95
2146,241
2146,285
2147,10
2147,32
2148,10
2148,32
2148,201
2148,279
2148,285
2149,200
2149,105
2149,142
2149,206
2150,122
2150,251
2151,105
2152,203
2153,8
2153,41
2153,45
2153,53
2153,63
2153,76
2153,122
2153,141
2153,161
2153,232
2154,10
2154,32
2154,201
2155,28
2155,203
2156,105
2156,254
2157,105
2158,248
2159,68
2159,32
2159,50
2159,95
2159,203
2159,241
2159,285
2160,47
2160,10
2161,139
2162,68
2162,28
2162,32
2162,50
2162,95
2162,203
2162,241
2162,285
2163,269
2164,238
2164,114
2165,54
2165,71
2165,92
2165,97
2165,150
2165,198
2166,49
2166,101
2166,105
2166,142
2166,162
2166,228
2166,253
2167,285
2168,49
2168,185
2168,236
2168,213
2169,206
2170,35
2170,105
2170,142
2170,206
2170,253
2171,57
2171,66
2172,159
2172,293
2172,148
2173,150
2174,72
2174,234
2174,8
2174,26
2174,37
2174,38
2174,41
2174,45
2174,53
2174,61
2175,12
2175,17
2176,61
2176,76
2176,122
2176,141
2176,161
2176,214
2176,232
2176,237
2176,251
2176,264
2177,35
2177,105
2177,142
2177,206
2177,228
2177,253
2177,254
2178,54
2178,97
2178,177
2178,198
2178,68
2178,28
2178,32
2178,50
2178,95
2178,201
2179,105
2180,26
2180,88
2180,93
2180,132
2180,181
2181,101
2181,239
2182,71
2182,92
2182,97
2182,150
2183,25
2183,54
2183,71
2183,92
2183,97
2183,150
2183,177
2183,198
2183,68
2183,32
2184,68
2184,203
2185,32
2185,95
2185,285
2186,49
2186,101
2186,20
2186,105
2186,128
2186,142
2186,162
2186,169
2186,253
2186,289
2187,105
2188,28
2188,32
2188,203
2189,49
2189,116
2189,185
2189,248
2189,213
2190,234
2190,131
2190,161
2191,296
2192,105
2193,206
2194,234
2194,8
2194,31
2194,61
2194,141
2194,161
2194,251
2194,296
2194,297
2195,8
2195,61
2196,72
2196,26
2196,41
2196,45
2196,53
2196,61
2196,83
2196,85
2196,88
2196,93
2197,32
2197,50
2197,95
2197,285
2198,72
2198,8
2198,26
2198,37
2198,38
2198,41
2198,45
2198,46
2198,53
2198,61
2199,203
2200,139
2201,257
2201,25
2201,54
2201,92
2201,150
2201,177
2201,198
2201,68
2201,32
2201,50
2202,68
2202,28
2202,32
2202,50
2202,95
2202,203
2202,241
2202,285
2203,49
2203,98
2203,248
2204,49
2204,101
2204,40
2204,105
2204,142
2204,162
2204,169
2204,253
2204,289
2205,251
2206,93
2207,105
2208,47
2208,203
2209,8
2209,38
2209,61
2209,76
2209,122
2209,141
2209,240
2209,251
2209,264
2209,296
2210,105
2211,139
2212,32
2212,95
2212,241
2213,68
2213,10
2213,28
2213,32
2213,50
2213,95
2213,201
2213,203
2213,241
2213,285
2214,76
2214,122
2214,144
2214,181
2214,232
2214,240
2215,49
2215,156
2215,1
2215,110
2215,121
2215,193
2215,262
2215,283
2216,68
2216,50
2216,285
2217,150
2218,72
2218,234
2218,8
2218,26
2218,37
2218,38
2218,41
2218,45
2218,46
2218,53
2219,200
2219,105
2220,200
2220,105
2221,200
2221,231
2221,105
2222,162
2223,105
2224,105
2225,200
2225,105
2226,25
2226,54
2226,71
2226,92
2226,97
2226,150
2226,179
2226,167
2227,81
2227,114
2227,245
2228,239
2229,150
2229,269
2230,71
2230,92
2230,97
2230,150
2230,177
2230,198
2230,68
2230,28
2230,32
2230,50
2231,139
2232,49
2232,289
2233,142
2234,105
2235,72
2235,8
2235,38
2235,41
2235,45
2235,53
2235,61
2235,83
2235,122
2235,141
2236,61
2237,97
2238,54
2238,177
2238,198
2238,68
2238,50
2239,101
2239,20
2239,35
2239,40
2239,105
2239,128
2239,142
2239,239
2239,253
2239,289
2240,66
2241,49
2242,32
2243,200
2243,105
2244,49
2244,101
2244,128
2244,253
2244,289
2245,35
2245,105
2245,142
2245,206
2246,72
2246,41
2246,45
2246,53
2246,61
2246,83
2247,139
2248,142
2249,150
2250,41
2250,45
2250,61
2250,264
2251,88
2251,93
2251,132
2251,181
2252,257
2252,25
2252,54
2252,92
2252,97
2252,150
2252,177
2252,198
2252,68
2252,28
2253,54
2253,177
2253,198
2253,68
2253,28
2253,32
2253,50
2253,95
2253,203
2253,241
2254,101
2254,40
2254,162
2254,253
2254,289
2255,57
2255,115
2255,25
2255,54
2255,92
2255,97
2255,150
2255,177
2255,198
2256,105
2257,8
2258,49
2259,285
2260,41
2260,61
2260,83
2260,93
2260,226
2260,264
2261,139
2262,257
2262,54
2262,177
2262,198
2262,68
2262,28
2262,32
2262,50
2262,95
2262,203
2263,68
2263,28
2263,32
2263,50
2263,95
2263,203
2263,241
2263,285
2264,105
2264,254
2265,41
2265,45
2265,53
2265,61
2265,83
2266,206
2267,32
2268,257
2268,25
2268,54
2268,71
2268,92
2268,97
2268,150
2268,177
2268,198
2268,68
2269,185
2269,236
2270,105
2271,57
2271,257
2271,25
2271,71
2271,92
2271,97
2271,150
2271,198
2271,68
2271,10
2272,142
2273,25
2273,92
2273,152
2273,167
2274,25
2274,54
2274,92
2274,97
2274,150
2274,177
2274,198
2274,50
2275,68
2275,28
2275,32
2275,50
2275,201
2275,241
2275,279
2275,285
2276,28
2276,32
2276,50
2276,95
2276,203
2276,241
2276,285
2277,49
2277,101
2277,20
2277,27
2277,128
2277,142
2277,162
2277,169
2277,253
2277,289
2278,203
2279,52
2279,139
2280,214
2281,234
2281,61
2281,76
2281,122
2281,132
2281,141
2281,161
2281,214
2281,251
2281,264
2282,53
2283,141
2284,122
2285,234
2285,41
2285,45
2285,122
2286,1
2286,110
2286,191
2286,193
2287,25
2287,92
2287,150
2288,49
2288,101
2288,40
2288,105
2288,128
2288,142
2288,162
2288,169
2288,253
2288,289
2289,257
2289,25
2289,54
2289,71
2289,92
2289,97
2289,150
2289,177
2289,198
2289,68
2290,54
2290,198
2291,61
2292,234
2292,161
2292,297
2293,101
2293,169
2293,193
2294,95
2294,241
2294,285
2295,181
2296,68
2296,28
2296,32
2296,50
2296,203
2297,49
2297,116
2297,185
2297,236
2297,156
2297,213
2298,126
2298,249
2298,283
2299,32
2300,257
2300,68
2300,32
2300,95
2300,203
2300,241
2300,285
2301,49
2301,98
2302,32
2303,61
2304,105
2305,105
2306,38
2306,61
2306,214
2306,264
2307,72
2308,257
2308,92
2308,68
2308,28
2308,32
2308,50
2308,95
2308,203
2308,241
2308,285
2309,234
2309,8
2309,31
2309,61
2309,141
2309,161
2309,251
2309,296
2309,297
2310,142
2310,253
2311,198
2311,50
2312,81
2312,114
2312,145
2312,6
2312,133
2312,159
2312,258
2313,257
2313,68
2313,28
2313,32
2313,50
2313,95
2313,203
2313,241
2313,285
2314,72
2314,234
2314,38
2314,41
2314,61
2314,73
2314,76
2314,122
2314,132
2314,139
2315,257
2315,54
2315,97
2315,177
2315,198
2315,68
2315,28
2315,32
2315,50
2315,95
2316,193
2317,72
2317,41
2317,88
2317,93
2317,132
2317,181
2317,226
2318,28
2318,201
2319,25
2319,54
2319,71
2319,92
2319,97
2319,150
2319,177
2319,269
2320,101
2321,76
2321,232
2322,41
2322,83
2323,49
2323,101
2323,27
2323,169
2324,105
2325,206
2326,213
2326,12
2326,17
2326,86
2326,110
2326,260
2327,54
2327,97
2327,177
2327,198
2327,68
2327,50
2327,95
2327,203
2327,285
2328,8
2328,53
2329,150
2330,93
2331,159
2331,293
2331,37
2331,41
2331,45
2331,46
2331,76
2331,85
2331,88
2331,93
2332,162
2333,206
2334,49
2335,269
2336,72
2336,41
2336,45
2336,53
2336,61
2336,83
2337,72
2337,41
2337,45
2337,53
2337,61
2337,83
2337,214
2337,251
2337,264
2338,213
2339,122
2339,240
2339,251
2339,264
2340,25
2340,54
2340,92
2340,97
2340,150
2340,177
2340,198
2340,68
2340,28
2340,50
2341,105
2342,105
2343,198
2344,49
2344,289
2345,257
2345,68
2345,10
2345,28
2345,32
2345,50
2345,95
2345,201
2345,203
2345,241
2346,32
2347,150
2348,234
2348,31
2348,61
2348,122
2348,161
2348,251
2348,296
2348,297
2349,25
2349,71
2349,92
2349,97
2349,150
2350,122
2351,49
2352,198
2353,49
2353,116
2353,185
2353,213
2354,206
2355,49
2355,101
2355,193
2356,200
2356,105
2357,150
2358,54
2358,177
2358,198
2358,28
2358,32
2358,50
2358,95
2358,203
2358,241
2359,8
2359,61
2359,141
2359,296
2360,234
2360,61
2360,131
2360,141
2360,161
2360,181
2360,251
2360,296
2360,297
2361,49
2361,98
2361,248
2362,257
2362,25
2362,54
2362,92
2362,97
2362,150
2362,177
2362,198
2362,68
2362,32
2363,50
2364,38
2364,61
2364,214
2364,264
2365,49
2365,101
2365,162
2365,289
2366,110
2367,54
2367,198
2368,50
2368,285
2369,85
2369,144
2369,148
2369,180
2369,223
2370,101
2370,239
2371,68
2371,28
2371,32
2371,50
2371,95
2371,203
2371,241
2371,285
2372,10
2372,32
2372,201
2372,279
2373,41
2374,105
2375,234
2375,8
2375,61
2375,139
2375,296
2375,297
2376,139
2377,10
2377,28
2377,32
2377,201
2378,49
2378,128
2378,253
2378,289
2379,128
2379,142
2379,162
2379,253
2380,72
2380,8
2380,26
2380,41
2380,45
2380,53
2380,61
2380,83
2380,85
2380,88
2381,49
2381,289
2382,257
2382,25
2382,71
2382,92
2382,97
2382,150
2382,177
2382,68
2382,10
2382,28
2383,45
2383,53
2383,83
2384,40
2384,105
2384,128
2384,142
2384,162
2384,206
2384,253
2384,289
2385,50
2386,38
2386,61
2386,214
2386,264
2387,206
2388,72
2388,41
2388,45
2388,53
2388,83
2388,181
2389,54
2389,71
2389,97
2389,177
2390,68
2390,28
2390,32
2390,50
2390,95
2390,203
2390,241
2390,285
2391,257
2391,54
2391,97
2391,198
2391,68
2391,28
2391,32
2391,50
2391,95
2391,203
2392,38
2392,61
2392,214
2392,264
2393,38
2393,61
2393,214
2393,264
2394,49
2394,101
2394,162
2394,169
2394,289
2395,206
2396,105
2397,150
2398,68
2398,50
2399,206
2400,47
2400,10
2400,201
2401,257
2401,54
2401,97
2401,177
2401,198
2401,68
2401,32
2401,50
2401,95
2401,203
2402,105
2402,254
2403,47
2403,10
2404,150
2405,37
2405,46
2405,88
2405,93
2405,144
2405,181
2405,223
2405,240
2406,28
2406,32
2406,203
2407,90
2407,218
2407,257
2407,32
2407,50
2407,95
2407,285
2408,61
2409,71
2409,92
2409,97
2409,150
2410,122
2411,72
2411,38
2411,41
2411,45
2411,53
2411,61
2411,84
2412,41
2412,181
2413,32
2413,241
2414,49
2415,234
2415,8
2415,31
2415,45
2415,76
2415,122
2415,141
2415,161
2415,164
2415,181
2416,61
2417,90
2417,68
2417,28
2417,32
2417,50
2417,95
2417,203
2417,241
2417,285
2418,10
2418,32
2418,201
2418,279
2419,257
2419,54
2419,177
2419,198
2419,68
2419,28
2419,32
2419,50
2419,95
2419,241
2420,38
2420,83
2420,122
2420,214
2420,264
2421,105
2422,116
2423,213
2423,12
2423,17
2423,86
2423,260
2424,142
2424,253
2425,37
2425,41
2425,85
2425,88
2425,93
2425,132
2425,181
2425,223
2425,226
2425,255
2426,8
2426,41
2426,45
2426,61
2426,122
2426,181
2426,240
2426,251
2426,264
2426,296
2427,105
2428,254
2429,105
2429,142
2430,234
2430,31
2430,41
2430,76
2430,93
2430,122
2430,132
2430,141
2430,161
2430,181
2431,41
2431,88
2431,93
2431,181
2432,68
2433,32
2434,234
2434,8
2434,38
2434,61
2434,76
2434,93
2434,122
2434,141
2434,161
2434,214
2435,213
2435,12
2435,17
2435,86
2435,261
2436,105
2436,142
2436,162
2436,253
2437,225
2438,8
2438,61
2438,122
2438,141
2438,161
2438,214
2438,251
2438,264
2438,296
2438,297
2439,8
2439,41
2439,45
2439,61
2439,214
2439,251
2439,264
2440,139
2441,150
2442,61
2442,122
2442,214
2442,251
2442,264
2443,61
2443,264
2444,239
2445,49
2445,289
2446,234
2446,8
2446,31
2446,37
2446,53
2446,88
2446,93
2446,94
2446,144
2446,164
2447,88
2447,93
2447,132
2447,226
2448,92
2449,92
2449,150
2450,41
2451,41
2451,76
2451,122
2451,181
2451,232
2451,240
2452,248
2453,105
2454,42
2454,269
2455,49
2455,162
2456,10
2456,32
2456,201
2456,279
2457,49
2457,128
2457,162
2457,289
2458,93
2458,132
2458,226
2459,35
2459,40
2459,105
2459,128
2459,142
2459,253
2459,289
2460,54
2460,71
2460,92
2460,97
2460,150
2460,177
2460,198
2460,68
2460,28
2460,50
2461,72
2462,10
2462,28
2462,32
2462,201
2462,203
2463,139
2464,139
2465,150
2466,105
2466,142
2466,206
2466,253
2467,150
2468,32
2468,95
2468,241
2468,285
2469,232
2470,248
2471,139
2472,105
2473,105
2474,25
2474,92
2474,150
2475,68
2475,50
2475,203
2475,285
2476,213
2477,68
2477,32
2477,203
2477,285
2478,122
2478,251
2479,234
2479,61
2479,161
2479,251
2479,296
2479,297
2480,28
2480,32
2480,201
2481,105
2482,150
2483,61
2484,49
2485,38
2485,61
2485,214
2485,264
2486,41
2486,45
2487,76
2487,122
2488,122
2488,251
2489,61
2490,1
2490,110
2490,193
2491,49
2491,162
2491,169
2492,92
2492,150
2493,105
2494,72
2494,41
2494,45
2494,83
2495,139
2496,76
2496,122
2497,234
2498,105
2498,206
2499,41
2500,257
2500,54
2500,97
2500,150
2500,177
2500,198
2500,68
2500,32
2500,50
2500,95
2501,68
2501,28
2501,32
2501,50
2501,95
2501,203
2501,241
2501,285
2502,47
2502,203
2503,234
2503,31
2503,38
2503,61
2503,76
2503,122
2503,141
2503,161
2503,214
2503,240
2504,10
2505,8
2506,41
2507,76
2507,122
2508,68
2508,28
2508,32
2508,50
2508,95
2508,203
2508,241
2508,285
2509,25
2509,54
2509,71
2509,92
2509,97
2509,150
2509,177
2509,198
2509,68
2509,50
2510,38
2510,61
2510,214
2511,251
2512,93
2512,132
2512,226
2513,110
2513,191
2514,285
2515,150
2516,257
2516,25
2516,54
2516,92
2516,150
2516,177
2516,198
2516,68
2516,28
2516,32
2517,68
2517,50
2517,203
2518,35
2518,142
2518,228
2519,105
2520,198
2520,68
2520,10
2520,28
2520,32
2520,50
2520,95
2520,201
2520,203
2520,241
2521,76
2521,144
2521,240
2522,251
2523,49
2523,128
2523,253
2523,289
2524,32
2524,50
2524,95
2524,203
2524,241
2525,41
2526,150
2527,61
2528,17
2528,121
2528,249
2528,262
2529,206
2530,105
2530,142
2531,93
2531,132
2531,223
2531,226
2532,41
2532,45
2532,53
2532,61
2532,122
2532,264
2533,63
2533,73
2533,76
2533,122
2533,295
2534,234
2534,122
2534,139
2534,161
2534,251
2534,296
2534,297
2535,76
2535,223
2536,200
2536,105
2537,68
2537,32
2537,50
2537,203
2537,285
2538,49
2538,156
2538,213
2539,150
2540,139
2541,139
2542,45
2542,53
2542,83
2543,72
2543,8
2543,41
2543,53
2543,61
2543,83
2543,88
2543,93
2543,122
2543,132
2544,169
2544,253
2545,10
2545,28
2545,32
2545,201
2546,150
2547,49
2548,49
2548,128
2548,142
2548,162
2548,253
2548,289
2549,61
2549,264
2550,150
2551,49
2551,98
2551,101
2551,35
2551,40
2551,105
2551,128
2551,142
2551,162
2551,206
2552,251
2553,251
2554,234
2555,61
2555,214
2556,61
2556,214
2556,264
2557,292
2558,142
2559,25
2559,54
2559,71
2559,92
2559,97
2559,150
2559,177
2560,49
2561,10
2561,32
2561,50
2561,95
2561,241
2561,285
2562,105
2562,142
2563,50
2564,142
2564,206
2565,139
2566,198
2566,68
2566,28
2566,32
2566,50
2566,95
2566,203
2566,241
2566,287
2567,49
2568,50
2569,46
2569,122
2569,232
2569,237
2569,240
2569,251
2569,264
2570,92
2570,97
2570,150
2570,177
2570,32
2570,285
2571,150
2572,54
2572,71
2572,92
2572,97
2572,150
2572,177
2572,50
2572,95
2572,241
2572,285
2573,50
2574,50
2575,225
2575,139
2576,10
2576,32
2576,279
2577,76
2577,122
2577,240
2577,264
2578,72
2578,41
2578,53
2578,61
2578,88
2578,93
2578,132
2578,181
2578,223
2578,226
2579,198
2579,68
2579,28
2579,32
2579,50
2579,95
2579,203
2579,241
2579,285
2580,68
2580,50
2580,203
2581,142
2581,253
2582,122
2582,251
2583,47
2583,28
2583,203
2584,45
2584,53
2585,234
2585,297
2586,142
2586,253
2587,25
2587,54
2587,71
2587,92
2587,97
2587,150
2587,177
2587,198
2588,257
2588,25
2588,54
2588,71
2588,92
2588,97
2588,150
2588,177
2588,198
2588,50
2589,150
2590,28
2590,32
2590,50
2590,95
2590,203
2590,241
2590,285
2591,54
2591,71
2591,92
2591,97
2591,150
2591,177
2592,264
2593,47
2593,10
2594,32
2594,95
2594,203
2594,241
2594,285
2595,203
2596,122
2597,105
2598,61
2599,101
2599,128
2599,162
2599,253
2599,289
2600,251
2601,88
2601,93
2601,132
2601,226
2602,181
2602,264
2603,68
2603,10
2603,28
2603,50
2603,203
2603,288
2604,68
2604,50
2605,105
2606,139
2607,68
2608,200
2608,105
2609,295
2609,191
2610,32
2610,285
2611,49
2611,116
2611,185
2611,213
2612,54
2612,71
2612,92
2612,97
2612,150
2612,177
2613,49
2613,101
2613,253
2613,289
2614,105
2615,61
2616,139
2617,47
2617,203
2618,257
2618,54
2618,71
2618,97
2618,177
2618,198
2618,68
2618,10
2618,28
2618,32
2619,38
2619,61
2619,214
2619,251
2619,265
2620,93
2621,68
2621,28
2621,32
2621,95
2621,203
2621,241
2621,285
2622,50
2622,285
2623,234
2623,8
2623,31
2623,38
2623,61
2623,122
2623,141
2623,161
2623,164
2623,251
2624,28
2624,203
2625,32
2625,50
2625,95
2625,285
2626,50
2626,285
2627,68
2627,203
2628,14
2628,200
2628,105
2629,101
2630,18
2630,57
2631,47
2631,10
2631,28
2631,32
2631,201
2631,203
2632,54
2632,198
2632,50
2632,285
2633,200
2633,231
2633,284
2633,105
2634,10
2634,32
2634,201
2635,68
2636,32
2637,85
2637,122
2637,144
2637,148
2637,223
2637,226
2637,251
2637,264
2638,200
2638,105
2639,61
2639,122
2639,251
2639,264
2640,128
2640,253
2641,197
2642,200
2642,231
2642,105
2643,101
2643,193
2644,105
2645,49
2645,162
2645,253
2645,289
2646,49
2646,101
2646,162
2646,253
2647,35
2647,105
2647,142
2648,50
2648,285
2649,49
2650,213
2651,139
2652,68
2652,203
2653,150
2654,206
2655,251
2656,206
2657,139
2658,40
2658,128
2658,142
2658,162
2658,253
2658,289
2659,14
2659,105
2660,21
2660,64
2660,91
2661,54
2661,177
2661,198
2661,68
2661,28
2661,32
2661,50
2661,203
2661,241
2661,285
2662,150
2663,206
2664,49
2665,105
2666,234
2666,8
2666,31
2666,165
2667,49
2667,116
2667,185
2667,236
2667,213
2668,14
2668,200
2668,105
2669,68
2669,32
2669,50
2669,95
2669,203
2669,241
2669,285
2670,122
2670,232
2671,139
2672,150
2672,28
2672,32
2672,95
2672,203
2672,285
2673,49
2673,248
2673,40
2673,128
2673,162
2673,253
2673,289
2674,206
2675,200
2675,231
2675,105
2676,76
2676,144
2676,240
2677,1
2677,110
2677,121
2677,126
2677,249
2677,262
2677,283
2678,122
2679,54
2679,71
2679,92
2679,97
2679,150
2679,177
2680,32
2680,50
2680,95
2680,241
2680,285
2681,28
2681,32
2681,201
2682,253
2683,72
2683,41
2683,53
2683,61
2683,83
2683,88
2683,93
2683,132
2683,181
2683,226
2684,105
2685,68
2685,10
2685,28
2685,32
2685,50
2685,201
2685,203
2686,68
2686,50
2686,203
2687,142
2688,25
2688,54
2688,71
2688,92
2688,97
2688,150
2688,177
2688,198
2688,28
2688,32
2689,49
2689,121
2689,126
2690,10
2691,139
2692,76
2693,54
2693,150
2693,198
2693,68
2693,10
2693,28
2693,32
2693,50
2693,95
2693,203
2694,257
2694,198
2694,68
2694,28
2694,32
2694,50
2694,95
2694,203
2694,241
2694,285
2695,139
2696,248
2697,139
2698,49
2698,101
2698,20
2698,162
2698,169
2699,10
2699,32
2699,279
2700,105
2700,206
2701,139
2702,49
2702,128
2702,162
2702,253
2702,289
2703,49
2703,169
2704,35
2704,105
2704,142
2704,206
2705,234
2706,49
2706,128
2706,253
2706,289
2707,40
2707,128
2707,162
2707,289
2708,105
2708,142
2709,32
2709,95
2709,203
2710,68
2710,50
2711,139
2712,150
2713,61
2713,76
2714,61
2715,61
2716,257
2716,68
2716,10
2716,28
2716,32
2716,95
2716,201
2716,203
2716,241
2716,285
2717,32
2717,95
2718,93
2718,132
2718,226
2719,66
2720,234
2721,50
2721,285
2722,105
2723,200
2723,105
2724,64
2724,91
2725,139
2726,45
2726,61
2727,50
2727,285
2728,139
2729,105
2730,105
2731,198
2731,68
2731,50
2732,105
2733,128
2733,289
2734,25
2734,97
2734,150
2734,177
2734,198
2734,50
2734,95
2734,203
2734,285
2735,200
2735,105
2736,32
2736,203
2737,10
2737,28
2737,201
2738,49
2738,248
2738,101
2738,169
2738,289
2738,1
2738,194
2738,196
2739,105
2740,25
2740,92
2740,97
2740,150
2741,150
2741,42
2741,269
2742,105
2742,142
2743,54
2743,198
2743,68
2743,28
2743,50
2743,203
2743,285
2744,251
2745,105
2745,142
2745,253
2745,289
2746,105
2747,68
2747,28
2747,32
2747,50
2747,203
2748,32
2748,241
2748,285
2749,296
2750,105
2750,254
2751,105
2752,139
2753,37
2753,88
2753,93
2753,132
2753,144
2753,181
2753,226
2754,54
2754,198
2754,68
2754,50
2754,203
2755,49
2755,289
2756,35
2756,105
2756,142
2757,61
2757,122
2757,214
2757,232
2757,237
2757,251
2757,264
2758,105
2758,142
2759,10
2759,32
2759,201
2759,279
2760,10
2760,28
2760,201
2761,105
2762,49
2762,101
2762,169
2762,1
2762,12
2762,17
2762,86
2762,110
2762,121
2762,126
2763,105
2764,139
2765,92
2765,97
2766,40
2766,128
2766,253
2766,289
2767,50
2768,97
2768,150
2768,68
2768,28
2768,32
2768,50
2768,203
2768,285
2769,10
2769,32
2769,201
2769,279
2770,68
2770,28
2770,32
2770,50
2770,203
2771,68
2771,50
2771,203
2771,285
2772,50
2773,105
2774,54
2774,198
2775,105
2775,142
2775,253
2776,296
2777,162
2778,128
2778,142
2779,10
2780,139
2781,257
2781,285
2782,10
2782,28
2782,32
2782,50
2782,201
2782,285
2783,200
2783,105
2784,139
2785,93
2785,132
2785,226
2786,150
2787,68
2787,28
2787,32
2787,50
2787,203
2788,139
2789,105
2789,254
2790,105
2791,105
2792,128
2792,289
2793,68
2793,203
2794,49
2794,128
2794,142
2794,162
2794,253
2794,289
2795,72
2795,41
2795,181
2796,128
2796,162
2796,253
2796,289
2797,50
2797,285
2798,32
2799,92
2799,150
2800,105
2801,200
2801,105
2802,206
2803,32
2803,95
2803,241
2804,61
2804,264
2805,41
2805,61
2805,83
2805,88
2805,93
2805,132
2805,181
2805,226
2805,264
2805,2
2806,200
2806,105
2807,68
2807,50
2807,203
2807,285
2808,248
2809,35
2809,105
2809,142
2809,253
2810,139
2811,50
2812,50
2813,206
2814,105
2815,105
2816,101
2816,162
2816,169
2816,289
2817,105
2818,142
2818,206
2818,253
2819,105
2820,35
2820,105
2820,142
2821,142
2822,105
2823,139
2824,139
2825,54
2825,71
2825,92
2825,97
2825,150
2825,177
2826,68
2826,203
2827,63
2827,73
2827,76
2827,122
2827,222
2828,52
2829,32
2830,54
2830,150
2830,177
2830,198
2830,32
2830,50
2830,95
2830,285
2831,54
2831,71
2831,92
2831,97
2831,150
2831,177
2831,198
2831,68
2831,32
2831,50
2832,53
2832,83
2833,35
2833,105
2833,142
2834,49
2834,162
2834,253
2834,289
2835,139
2836,68
2836,28
2836,32
2836,50
2836,95
2836,203
2836,285
2837,61
2837,214
2837,264
2838,50
2838,95
2838,203
2838,285
2839,50
2839,285
2840,54
2840,97
2840,150
2840,198
2840,68
2840,28
2840,32
2840,50
2840,95
2840,203
2841,54
2841,198
2841,68
2841,28
2841,50
2841,203
2841,285
2842,139
2843,150
2844,105
2844,128
2844,142
2844,162
2844,206
2844,253
2844,289
2845,101
2846,200
2846,105
2847,101
2848,142
2848,253
2849,68
2849,50
2850,139
2851,32
2852,68
2852,50
2852,203
2853,10
2854,41
2854,61
2854,122
2855,200
2855,105
2856,150
2857,200
2857,105
2858,139
2859,139
2860,101
2860,162
2861,49
2861,142
2861,162
2861,253
2861,289
2862,139
2863,68
2863,32
2863,50
2863,203
2863,285
2864,10
2865,68
2865,95
2865,203
2865,241
2865,285
2866,32
2867,200
2867,105
2868,150
2869,200
2869,105
2870,105
2871,28
2871,32
2871,203
2872,105
2872,142
2872,206
2872,254
2873,68
2873,28
2873,50
2873,203
2874,68
2874,50
2875,41
2875,53
2875,181
2876,40
2876,128
2876,253
2876,289
2877,28
2878,139
2879,32
2880,28
2880,285
2881,35
2881,105
2881,142
2881,253
2882,32
2883,105
2883,142
2883,253
2884,150
2884,269
2885,10
2885,28
2885,203
2886,142
2887,32
2888,122
2889,139
2890,257
2890,68
2890,32
2890,50
2890,95
2890,241
2890,285
2891,198
2892,105
2893,32
2894,49
2894,101
2894,289
2895,32
2896,32
2897,257
2897,285
2898,32
2898,50
2898,203
2899,32
2900,32
2901,28
2901,32
2901,201
2902,32
2903,32
2904,49
2904,40
2904,128
2904,162
2904,253
2904,289
2905,41
2905,93
2905,132
2905,181
2906,32
2907,32
2908,32
2909,8
2909,31
2909,45
2909,61
2909,73
2909,76
2909,122
2909,141
2909,161
2909,164
2910,20
2910,27
2910,35
2910,40
2910,49
2910,98
2910,101
2910,105
2910,128
2910,142
2911,269
2912,42
2912,269
2913,150
2913,269
2914,269
2915,9
2915,18
2915,21
2915,57
2915,64
2915,66
2915,90
2915,91
2915,115
2915,215
2916,101
2916,110
2916,169
2916,193
2916,239
2917,25
2917,50
2917,54
2917,57
2917,66
2917,68
2917,71
2917,92
2917,97
2917,115
2918,55
2918,70
2918,72
2918,73
2918,76
2918,83
2918,85
2918,88
2918,93
2918,94
2918,122
2918,132
2918,139
2918,141
2918,144
2918,148
2918,161
2918,164
2918,180
2918,181
2918,214
2918,223
2918,226
2918,232
2918,234
2918,237
2918,240
2918,243
2918,251
2918,255
2918,264
2918,296
2918,297
2919,269
2920,4
2920,16
2920,22
2920,24
2920,30
2920,36
2920,49
2920,56
2920,60
2920,62
2921,150
2921,272
2921,39
2921,171
2921,282
2921,173
2922,269
2923,20
2923,40
2923,49
2923,98
2923,101
2923,105
2923,128
2923,162
2923,169
2923,253
2924,150
2924,42
2924,269
2925,42
2925,269
2925,151
2925,105
2925,206
2925,238
2926,42
2926,269
2926,150
2926,68
2926,285
2927,20
2927,27
2927,40
2927,49
2927,98
2927,101
2927,105
2927,116
2927,142
2927,162
2928,42
2928,150
2928,269
2929,8
2929,9
2929,14
2929,19
2929,20
2929,21
2929,25
2929,32
2929,49
2929,50
2930,18
2930,21
2930,57
2930,66
2930,90
2930,91
2930,115
2930,215
2930,216
2930,218
2931,4
2931,7
2931,12
2931,16
2931,17
2931,22
2931,24
2931,30
2931,36
2931,56
2932,14
2932,200
2933,269
2934,42
2934,269
2935,42
2935,269
2936,269
2937,150
2937,269
2938,150
2938,269
2939,269
2940,9
2940,14
2940,18
2940,19
2940,21
2940,25
2940,32
2940,40
2940,49
2940,50
2941,14
2942,42
2942,270
2943,269
2944,49
2945,25
2945,42
2945,269
2945,92
2945,150
2946,10
2946,28
2946,32
2946,201
2947,1
2947,20
2947,40
2947,49
2947,101
2947,105
2947,110
2947,128
2947,142
2947,162
2948,269
2949,42
2949,92
2949,97
2949,150
2949,269
2949,71
2950,101
2950,169
2951,228
2951,253
2951,289
2952,57
2952,18
2953,68
2954,42
2954,150
2954,269
2955,4
2955,6
2955,30
2955,56
2955,59
2955,70
2955,89
2955,113
2955,114
2955,130
2956,6
2956,37
2956,41
2956,46
2956,63
2956,70
2956,73
2956,76
2956,122
2956,133
2957,101
2957,239
2957,20
2957,162
2957,253
2957,40
2957,289
2958,42
2958,269
2959,42
2959,150
2959,269
2960,150
2960,269
2961,14
2962,14
2963,150
2963,269
2964,150
2964,269
2965,4
2965,30
2965,36
2965,56
2965,81
2965,89
2965,114
2965,158
2965,212
2965,224
2966,269
2966,42
2967,4
2967,16
2967,30
2967,36
2967,56
2967,86
2967,89
2967,114
2967,158
2967,138
2968,14
2968,105
2968,200
2968,231
2969,14
2970,14
2971,101
2971,193
2971,239
2972,269
2973,42
2973,150
2973,269
2974,28
2974,32
2974,50
2974,68
2974,95
2974,201
2974,203
2974,241
2974,257
2974,285
2975,150
2975,269
2976,150
2976,269
2977,269
2978,50
2978,285
2979,14
2979,105
2979,200
2980,150
2980,269
2981,14
2982,150
2982,269
2983,219
2983,14
2983,19
2983,20
2983,40
2983,49
2983,50
2983,54
2983,63
2983,68
2984,14
2984,105
2984,200
2985,150
2985,269
2986,131
2986,234
2986,297
2987,269
2988,49
2988,128
2988,162
2988,248
2988,253
2988,289
2989,42
2989,150
2989,269
2990,222
2990,295
2991,150
2991,269
2992,40
2992,49
2992,128
2992,253
2992,289
2993,42
2993,269
2994,116
2994,213
2995,42
2995,269
2996,40
2996,49
2996,79
2996,101
2996,105
2996,116
2996,142
2996,78
2996,162
2996,195
2997,150
2997,269
2998,150
2998,269
2999,122
2999,251
3000,269
3001,81
3001,87
3001,114
3001,230
3001,238
3001,245
3002,150
3002,269
3003,32
3003,50
3003,54
3003,68
3003,71
3003,92
3003,95
3003,97
3003,150
3003,177
3004,150
3004,274
3005,50
3005,54
3005,177
3005,198
3005,285
3006,42
3006,150
3006,269
3007,42
3007,150
3007,269
3008,139
3009,206
3010,20
3010,27
3010,40
3010,49
3010,101
3010,128
3010,142
3010,162
3010,169
3010,253
3011,40
3011,105
3011,128
3011,253
3012,150
3012,269
3013,150
3013,92
3014,14
3014,105
3014,200
3015,150
3015,269
3016,150
3016,269
3017,139
3017,225
3018,42
3018,150
3018,269
3019,40
3019,49
3019,101
3019,128
3019,162
3019,248
3019,289
3020,206
3021,269
3022,1
3022,4
3022,12
3022,17
3022,30
3022,36
3022,56
3022,86
3022,89
3022,110
3023,10
3023,25
3023,32
3023,50
3023,54
3023,68
3023,92
3023,95
3023,97
3023,150
3024,42
3024,269
3025,269
3026,25
3026,50
3026,54
3026,68
3026,92
3026,97
3026,150
3026,177
3026,198
3026,203
3027,269
3028,150
3028,269
3029,14
3029,105
3029,200
3030,269
3031,150
3031,269
3032,14
3033,110
3033,125
3033,191
3033,222
3033,295
3033,111
3034,25
3034,50
3034,54
3034,68
3034,71
3034,92
3034,97
3034,150
3034,177
3034,198
3035,26
3035,85
3035,93
3035,94
3035,223
3035,226
3035,255
3036,150
3036,269
3037,25
3037,92
3037,150
3038,139
3039,42
3039,269
3039,150
3040,150
3040,269
3041,4
3041,7
3041,12
3041,16
3041,17
3041,22
3041,24
3041,30
3041,36
3041,49
3042,269
3042,285
3043,269
3044,14
3045,42
3045,269
3045,150
3046,42
3046,269
3047,42
3047,269
3048,40
3048,49
3048,98
3048,105
3048,128
3048,137
3048,142
3048,162
3048,253
3048,289
3049,4
3049,16
3049,24
3049,30
3049,36
3049,56
3049,60
3049,81
3049,87
3049,89
3050,42
3050,269
3051,269
3051,150
3052,30
3052,56
3052,81
3052,114
3052,158
3052,230
3052,245
3053,4
3053,12
3053,16
3053,17
3053,22
3053,24
3053,30
3053,36
3053,56
3053,60
3054,42
3054,150
3054,269
3055,14
3056,116
3057,269
3058,150
3058,269
3059,70
3059,113
3059,118
3059,222
3059,246
3060,10
3060,28
3060,32
3060,201
3061,139
3062,6
3062,56
3062,70
3062,81
3062,89
3062,114
3062,133
3062,159
3062,209
3062,230
3063,150
3063,269
3064,35
3064,40
3064,49
3064,101
3064,105
3064,128
3064,142
3064,228
3064,253
3064,289
3065,66
3066,10
3066,25
3066,28
3066,32
3066,54
3066,68
3066,92
3066,95
3066,97
3066,150
3067,49
3067,98
3067,128
3067,137
3067,248
3067,289
3068,4
3068,16
3068,30
3068,36
3068,56
3068,60
3068,87
3068,89
3068,99
3068,114
3069,1
3069,12
3069,17
3069,59
3069,101
3069,110
3069,111
3069,118
3069,121
3069,126
3070,14
3071,101
3071,20
3071,239
3071,162
3071,253
3071,142
3071,128
3071,40
3071,289
3071,49
3072,7
3072,56
3072,81
3072,114
3072,145
3072,230
3072,238
3072,245
3072,89
3072,136
3073,42
3073,269
3074,20
3074,101
3074,162
3075,6
3075,59
3075,70
3075,89
3075,111
3075,113
3075,118
3075,130
3075,133
3075,145
3076,42
3076,269
3076,150
3077,1
3077,4
3077,12
3077,16
3077,17
3077,30
3077,36
3077,49
3077,56
3077,60
3078,55
3078,88
3078,181
3078,41
3078,45
3078,83
3078,53
3078,61
3078,8
3078,264
3079,4
3079,30
3079,56
3079,81
3079,89
3079,99
3079,114
3079,158
3079,138
3079,212
3080,269
3081,238
3081,209
3081,6
3081,159
3082,97
3082,269
3083,49
3083,185
3083,236
3084,105
3084,142
3084,228
3084,253
3084,289
3085,150
3085,269
3086,150
3086,269
3087,116
3087,213
3088,200
3088,105
3089,68
3090,150
3090,269
3091,49
3091,101
3091,40
3091,105
3091,128
3091,142
3091,162
3091,206
3091,228
3091,253
3092,10
3092,28
3092,32
3092,201
3092,279
3093,101
3094,32
3095,6
3095,81
3095,114
3095,133
3095,159
3095,209
3095,238
3095,245
3095,258
3096,64
3096,91
3097,122
3097,251
3098,6
3098,70
3098,133
3098,159
3098,258
3098,293
3098,46
3098,144
3098,148
3098,180
3099,150
3100,42
3100,269
3101,150
3101,269
3102,105
3102,142
3102,228
3103,269
3104,150
3104,269
3105,238
3105,209
3105,81
3105,114
3106,206
3107,139
3108,238
3108,209
3108,6
3108,159
3108,258
3109,150
3110,206
3111,238
3111,81
3111,268
3111,7
3111,16
3111,56
3111,87
3111,114
3111,155
3111,230
3112,40
3112,128
3112,162
3112,253
3112,289
3113,66
3114,28
3114,32
3114,50
3114,68
3114,95
3114,203
3114,241
3114,285
3115,150
3115,269
3116,206
3117,20
3117,40
3117,49
3117,101
3117,105
3117,128
3117,142
3117,162
3117,200
3117,206
3118,81
3118,209
3118,238
3118,114
3119,20
3119,101
3119,169
3119,193
3120,150
3120,269
3121,14
3122,8
3122,26
3122,38
3122,41
3122,45
3122,61
3122,55
3122,83
3122,88
3122,93
3123,25
3123,54
3123,92
3123,150
3123,177
3123,198
3123,269
3123,71
3123,97
3124,150
3124,269
3125,4
3125,89
3126,150
3126,269
3127,35
3127,40
3127,101
3127,105
3127,128
3127,142
3127,162
3127,206
3127,228
3127,253
3128,68
3129,274
3130,269
3131,32
3132,20
3132,27
3132,35
3132,40
3132,49
3132,101
3132,105
3132,128
3132,142
3132,162
3133,150
3133,269
3134,14
3134,19
3134,20
3134,40
3134,49
3134,101
3134,105
3134,110
3134,111
3134,125
3135,42
3135,269
3136,234
3137,234
3138,150
3138,269
3139,150
3139,269
3140,105
3140,200
3141,54
3141,97
3141,177
3141,198
3142,28
3142,32
3142,50
3142,68
3142,95
3142,203
3142,241
3142,288
3143,20
3143,101
3143,105
3143,142
3143,162
3143,253
3143,35
3144,269
3145,150
3145,269
3146,238
3146,209
3146,81
3147,89
3147,260
3148,139
3149,269
3150,14
3150,200
3150,105
3151,251
3152,238
3152,209
3152,81
3152,114
3152,155
3152,6
3152,159
3152,258
3153,89
3154,150
3154,269
3155,150
3155,269
3156,150
3156,269
3157,269
3158,269
3159,269
3160,150
3161,269
3162,42
3162,269
3163,8
3163,164
3164,206
3165,150
3166,32
3167,269
3168,9
3169,101
3169,20
3169,169
3169,239
3169,1
3169,110
3169,193
3169,249
3169,262
3169,283
3170,150
3170,269
3171,101
3172,139
3173,101
3173,239
3173,193
3174,115
3175,269
3176,295
3176,110
3176,111
3176,113
3176,118
3176,125
3176,191
3176,210
3176,222
3176,267
3177,49
3177,98
3177,248
3177,101
3177,20
3177,128
3177,162
3177,289
3178,150
3178,269
3179,139
3180,289
3181,234
3181,164
3182,123
3182,120
3183,10
3183,28
3183,32
3183,201
3184,238
3184,209
3184,81
3184,6
3184,133
3184,159
3184,258
3185,49
3185,98
3185,248
3185,101
3185,20
3185,105
3185,128
3185,142
3185,162
3185,169
3186,238
3187,269
3188,238
3189,269
3190,150
3190,269
3191,269
3192,8
3192,164
3193,49
3193,248
3193,101
3193,128
3193,162
3193,289
3194,89
3195,150
3196,238
3196,114
3196,6
3196,159
3196,258
3197,238
3197,209
3197,81
3198,105
3198,142
3198,162
3198,228
3198,253
3199,68
3200,251
3201,101
3201,20
3201,169
3202,257
3202,198
3202,68
3202,28
3202,32
3202,50
3202,95
3202,201
3202,203
3202,241
3203,70
3203,101
3203,76
3203,240
3203,295
3203,1
3203,111
3203,113
3203,118
3203,125
3204,26
3204,88
3204,93
3204,132
3204,226
3204,255
3205,150
3206,149
3207,12
3207,17
3207,110
3207,111
3207,260
3208,25
3208,54
3208,92
3208,97
3208,150
3208,177
3208,198
3208,68
3208,50
3209,269
3210,35
3210,105
3210,142
3210,206
3210,228
3210,253
3211,32
3212,150
3213,139
3214,114
3214,145
3215,49
3215,101
3215,27
3215,162
3215,169
3215,289
3216,139
3217,101
3217,20
3217,143
3217,169
3217,239
3218,150
3218,269
3219,150
3219,269
3220,101
3220,169
3220,239
3221,105
3221,206
3221,253
3222,269
3223,6
3223,133
3223,258
3223,46
3223,144
3223,148
3223,180
3223,240
3224,49
3224,116
3224,248
3225,269
3226,150
3226,269
3227,114
3227,6
3227,133
3227,258
3228,238
3228,209
3228,6
3228,159
3229,4
3229,36
3229,56
3229,89
3229,99
3229,212
3229,224
3229,229
3229,260
3229,138
3230,150
3230,269
3231,130
3231,246
3232,238
3232,209
3233,223
3233,255
3234,139
3235,97
3236,289
3237,150
3238,68
3239,238
3239,209
3239,159
3240,150
3241,234
3241,131
3241,161
3241,297
3242,150
3243,150
3244,150
3245,269
3246,139
3247,101
3248,92
3248,150
3249,139
3250,70
3250,111
3250,118
3250,222
3250,247
3250,2
3251,101
3252,35
3252,105
3252,142
3252,228
3253,105
3253,142
3253,253
3254,269
3255,92
3255,150
3256,139
3257,269
3258,269
3259,269
3260,206
3261,238
3261,209
3262,139
3263,59
3263,130
3263,246
3263,260
3264,150
3265,150
3265,269
3266,70
3266,113
3266,197
3267,64
3268,238
3268,209
3269,206
3270,92
3271,101
3271,239
3271,1
3271,110
3271,193
3271,262
3272,12
3272,260
3273,150
3273,269
3274,6
3274,159
3274,258
3274,293
3275,139
3276,49
3277,128
3277,289
3278,251
3279,213
3279,17
3279,86
3280,97
3281,49
3281,101
3281,40
3281,128
3281,142
3281,162
3281,253
3281,289
3282,238
3282,209
3283,139
3284,269
3285,206
3286,64
3287,269
3288,150
3289,150
3290,260
3291,269
3292,234
3293,72
3293,41
3293,83
3293,181
3294,92
3294,150
3295,110
3296,238
3296,209
3296,81
3297,269
3298,101
3298,40
3298,105
3298,128
3298,142
3298,162
3298,228
3298,253
3298,289
3299,101
3299,193
3300,159
3301,81
3301,114
3302,113
3302,130
3302,246
3302,260
3303,150
3304,139
3305,139
3306,111
3306,113
3306,118
3306,130
3306,246
3306,260
3307,92
3307,97
3307,150
3308,150
3309,35
3309,105
3309,142
3309,206
3309,228
3309,253
3309,289
3310,213
3311,150
3311,269
3312,50
3313,150
3313,269
3314,150
3315,269
3316,239
3317,150
3318,234
3318,31
3318,38
3318,61
3318,122
3318,131
3318,141
3318,161
3318,214
3318,251
3319,269
3320,260
3321,139
3322,49
3322,116
3322,248
3322,101
3322,40
3322,128
3322,142
3322,162
3322,253
3322,289
3323,269
3324,238
3325,150
3326,139
3327,150
3328,6
3328,133
3329,139
3330,104
3331,32
3332,89
3332,260
3333,150
3334,113
3334,118
3334,130
3334,246
3334,261
3335,105
3335,142
3335,228
3335,253
3335,289
3336,150
3336,269
3337,150
3338,239
3339,101
3340,238
3340,209
3341,47
3341,10
3342,225
3343,213
3343,86
3344,238
3344,6
3344,160
3345,140
3346,101
3347,139
3348,6
3348,159
3349,105
3349,142
3350,150
3350,269
3351,139
3352,225
3352,139
3353,70
3353,133
3353,63
3353,73
3353,76
3353,122
3353,232
3353,237
3353,240
3353,264
3354,238
3355,150
3356,49
3357,206
3358,105
3359,232
3360,32
3360,203
3361,149
3362,234
3362,31
3362,131
3362,141
3362,296
3362,298
3363,28
3363,203
3364,97
3365,269
3366,260
3367,206
3368,225
3369,105
3370,150
3371,101
3371,169
3372,225
3373,150
3374,150
3375,111
3375,118
3375,246
3375,260
3376,150
3377,139
3378,68
3378,28
3378,32
3378,50
3378,203
3379,238
3379,6
3379,159
3379,258
3380,130
3380,246
3381,70
3381,113
3381,118
3381,197
3382,150
3383,139
3384,150
3385,92
3385,150
3386,150
3387,6
3387,70
3387,133
3387,258
3387,59
3387,113
3387,118
3387,130
3387,246
3387,260
3388,238
3389,113
3389,118
3389,197
3389,246
3390,248
3391,122
3391,251
3392,116
3392,236
3393,101
3393,40
3393,128
3393,142
3393,162
3393,253
3393,289
3394,101
3395,101
3396,206
3397,54
3397,71
3397,92
3397,97
3397,150
3397,177
3398,225
3399,1
3399,110
3399,193
3400,32
3401,122
3402,234
3403,150
3404,92
3404,150
3405,68
3406,139
3407,139
3408,246
3408,260
3409,206
3410,150
3410,269
3411,139
3412,150
3413,71
3413,92
3413,97
3413,150
3413,177
3414,49
3414,101
3415,150
3416,139
3417,150
3418,105
3419,234
3420,206
3421,206
3422,238
3423,150
3424,139
3425,239
3426,150
3426,269
3427,101
3428,139
3429,139
3430,6
3430,159
3431,150
3432,150
3433,206
3434,238
3435,150
3436,234
3436,161
3437,49
3437,101
3437,169
3438,234
3439,139
3440,234
3441,101
3442,216
3442,257
3442,32
3442,50
3442,95
3442,241
3442,285
3443,234
3444,142
3445,32
3446,150
3447,238
3447,81
3448,139
3449,139
3450,239
3451,32
3452,225
3453,52
3453,139
3454,206
3455,101
3455,27
3455,169
3456,150
3457,101
3457,193
3458,238
3458,159
3459,12
3459,246
3459,260
3460,139
3461,113
3461,118
3461,130
3461,197
3461,247
3462,139
3463,1
3463,193
3464,238
3465,161
3465,297
3466,6
3466,70
3466,133
3466,258
3466,293
3466,46
3466,144
3466,148
3466,180
3467,66
3468,234
3469,49
3469,121
3469,126
3469,249
3469,262
3469,283
3470,206
3471,206
3472,206
3473,159
3474,139
3475,101
3476,139
3477,269
3478,139
3479,142
3480,49
3481,66
3482,101
3482,239
3483,105
3483,142
3484,234
3484,131
3485,234
3486,49
3486,98
3486,289
3487,159
3488,150
3489,101
3489,20
3489,193
3490,66
3491,225
3492,139
3493,101
3493,193
3494,101
3495,149
3495,52
3495,139
3496,159
3497,150
3498,12
3498,17
3498,110
3498,260
3499,150
3500,139
3501,66
3502,8
3502,31
3502,161
3502,164
3502,296
3502,297
3503,206
3504,52
3505,128
3505,253
3506,159
3507,105
3508,150
3509,6
3509,258
3510,66
3511,238
3511,81
3511,7
3512,139
3513,70
3514,6
3514,159
3514,258
3515,206
3516,8
3516,164
3516,296
3517,10
3518,225
3519,64
3519,91
3520,239
3521,150
3522,47
3522,10
3523,32
3524,105
3525,47
3526,159
3527,139
3528,206
3529,163
3530,101
3530,193
3531,159
3532,206
3533,66
3534,253
3535,101
3536,239
3537,139
3538,253
3539,225
3540,239
3541,251
3542,295
3542,191
3542,267
3543,8
3543,31
3543,164
3544,101
3544,239
3545,225
3546,139
3547,139
3548,139
3549,139
3550,85
3550,94
3550,223
3551,139
3552,66
3553,32
3554,101
3554,35
3554,105
3554,142
3554,162
3554,253
3555,296
3556,101
3557,72
3557,41
3557,83
3558,66
3559,139
3560,101
3561,140
3562,225
3563,83
3564,159
3564,293
3565,32
3566,6
3566,258
3567,66
3568,104
3569,41
3570,223
3571,139
3572,32
3573,285
3574,251
3575,61
3576,225
3577,203
3578,105
3579,150
3580,30
3580,56
3580,114
3580,230
3581,257
3581,25
3581,54
3581,71
3581,92
3581,97
3581,150
3581,177
3581,198
3581,269
3582,150
3582,42
3582,269
3583,150
3583,269
3584,269
3585,238
3585,209
3585,81
3585,80
3585,268
3585,4
3585,7
3585,16
3585,24
3585,30
3586,238
3586,209
3586,81
3586,4
3586,7
3586,16
3586,24
3586,30
3586,36
3586,56
3587,49
3588,42
3588,269
3589,238
3589,81
3589,80
3589,268
3589,4
3589,7
3589,16
3589,24
3589,36
3589,56
3590,42
3590,269
3591,72
3591,41
3592,14
3592,200
3592,105
3593,42
3593,269
3594,42
3594,269
3595,25
3595,54
3595,92
3595,97
3595,150
3595,177
3595,198
3595,50
3596,42
3596,269
3597,42
3597,269
3598,101
3599,198
3599,42
3599,269
3600,234
3600,164
3601,28
3601,32
3601,50
3601,95
3601,203
3601,241
3601,285
3602,81
3602,80
3602,268
3602,4
3602,16
3602,24
3602,30
3602,36
3602,56
3602,62
3603,42
3603,269
3604,81
3604,268
3604,16
3604,24
3604,62
3604,74
3604,87
3604,99
3604,129
3604,134
3605,150
3605,42
3605,269
3606,32
3606,50
3606,95
3606,285
3607,238
3607,209
3607,81
3607,4
3607,16
3607,24
3607,30
3607,36
3607,56
3607,62
3608,150
3608,274
3609,42
3609,269
3610,238
3610,209
3610,81
3610,268
3610,16
3610,24
3610,62
3610,74
3610,87
3610,112
3611,54
3611,177
3611,198
3611,269
3611,50
3612,49
3612,98
3612,137
3612,101
3612,20
3612,40
3612,105
3612,128
3612,142
3612,162
3613,42
3613,269
3614,42
3614,269
3615,47
3615,10
3616,238
3616,209
3616,159
3617,42
3617,269
3618,81
3618,4
3618,16
3618,30
3618,36
3618,56
3618,74
3618,87
3618,89
3618,99
3619,49
3619,81
3619,16
3619,30
3619,36
3619,56
3619,62
3619,87
3619,89
3619,99
3620,269
3621,150
3621,42
3621,269
3622,208
3622,212
3622,224
3622,229
3622,230
3622,244
3622,22
3622,154
3622,213
3622,266
3622,121
3622,260
3622,60
3623,25
3623,54
3623,71
3623,92
3623,97
3623,150
3623,177
3624,238
3624,209
3624,81
3624,268
3624,24
3624,87
3624,136
3624,170
3624,245
3624,60
3625,49
3625,81
3625,80
3625,16
3625,24
3625,56
3625,62
3625,74
3625,87
3625,99
3626,81
3626,4
3626,16
3626,30
3626,56
3626,87
3626,114
3626,134
3626,158
3626,224
3627,42
3627,269
3628,101
3629,42
3629,269
3630,113
3631,42
3631,269
3632,239
3633,238
3633,81
3633,268
3633,4
3633,16
3633,24
3633,30
3633,36
3633,56
3633,62
3634,269
3635,269
3636,139
3637,238
3637,209
3637,81
3638,25
3638,54
3638,71
3638,92
3638,97
3638,150
3638,177
3638,269
3639,42
3639,269
3640,47
3641,110
3642,238
3642,209
3642,81
3642,24
3642,87
3642,136
3642,170
3642,245
3643,150
3643,269
3644,42
3644,277
3644,189
3644,192
3644,211
3645,238
3646,269
3647,42
3647,269
3648,16
3648,30
3648,36
3648,56
3648,99
3648,212
3648,224
3648,229
3648,154
3648,266
3649,257
3649,68
3649,10
3649,28
3649,32
3649,50
3649,95
3649,201
3649,203
3649,241
3650,234
3650,141
3650,161
3650,297
3651,139
3652,150
3652,269
3653,4
3653,16
3653,30
3653,56
3653,89
3653,99
3653,114
3653,158
3653,224
3653,230
3654,54
3654,198
3654,68
3654,50
3655,150
3655,269
3656,122
3657,57
3658,14
3658,200
3658,105
3658,254
3659,28
3659,32
3659,201
3660,234
3660,8
3660,31
3660,61
3660,122
3660,141
3660,161
3660,164
3660,251
3660,296
3661,238
3661,209
3661,81
3661,114
3661,155
3661,6
3661,159
3661,258
3662,269
3663,105
3664,25
3664,71
3664,92
3664,97
3664,150
3665,32
3666,114
3667,114
3668,206
3669,238
3669,209
3670,208
3670,212
3670,229
3670,266
3670,60
3671,269
3672,201
3673,238
3673,81
3673,7
3674,238
3674,6
3674,159
3675,68
3676,234
3677,238
3677,209
3678,238
3678,6
3678,159
3678,258
3679,238
3679,209
3679,81
3680,32
3681,10
3681,32
3681,201
3682,101
3683,238
3683,209
3684,238
3684,81
3684,114
3685,36
3685,89
3685,224
3685,213
3685,266
3685,17
3685,86
3685,110
3685,260
3685,138
3686,285
3687,14
3687,105
3688,203
3689,185
3689,236
3690,54
3690,177
3690,198
3690,68
3690,50
3691,238
3691,209
3692,238
3692,209
3693,32
3693,203
3694,72
3694,41
3694,45
3694,53
3694,61
3694,55
3694,83
3694,88
3694,93
3694,132
3695,238
3695,209
3696,47
3697,238
3697,159
3698,238
3698,159
3699,101
3700,49
3701,40
3701,128
3701,162
3701,253
3701,289
3702,54
3702,97
3702,177
3703,239
3704,105
3705,54
3705,177
3705,198
3706,47
3706,10
3706,28
3706,203
3707,251
3708,238
3709,54
3709,71
3709,92
3709,97
3709,150
3709,177
3710,101
3711,41
3711,53
3711,61
3711,83
3711,182
3712,101
3713,14
3713,200
3713,105
3714,105
3714,228
3715,150
3716,257
3716,68
3716,28
3716,32
3716,50
3716,95
3716,203
3716,241
3716,285
3717,239
3718,101
3718,169
3719,40
3719,128
3719,162
3719,253
3719,289
3720,54
3720,71
3720,92
3720,97
3720,150
3720,177
3721,55
3721,88
3722,101
3723,101
3724,50
3725,25
3725,92
3725,97
3725,150
3726,101
3727,101
3728,54
3728,198
3729,101
3730,101
3731,198
3731,50
3732,239
3733,92
3734,239
3735,150
3736,105
3737,101
3738,71
3738,92
3738,150
3739,105
3740,239
3741,101
3742,92
3742,150
3743,251
3744,239
3745,32
3745,203
3746,239
3747,150
3748,150
3749,71
3749,97
3750,105
3751,239
3752,105
3752,142
3753,239
3754,50
3755,95
3755,285
3756,101
3757,68
3758,54
3758,198
3759,76
3759,122
3759,232
3760,101
3761,97
3762,150
3763,150
3764,41
3765,150
3766,32
3767,142
3768,32
3769,198
3770,92
3770,150
3771,83
3772,32
3772,50
3772,203
3772,285
3773,101
3774,142
3775,285
3776,285
3777,150
3778,161
3779,142
3780,139
3781,198
3782,50
3783,285
3784,68
3785,10
3785,32
3786,285
3787,150
3788,32
3789,142
3790,285
3791,28
3791,32
3791,95
3791,203
3791,241
3791,287
3792,101
3793,47
3794,61
3795,92
3795,150
3796,105
3797,150
3798,139
3799,139
3800,61
3801,239
3802,150
3803,10
3804,285
3805,47
3806,32
3807,41
3808,203
3809,285
3810,68
3810,28
3810,50
3810,203
3811,142
3812,101
3813,203
3814,285
3815,289
3816,32
3817,8
3818,49
3819,139
3820,251
3821,200
3821,105
3822,45
3823,239
3824,105
3825,32
3826,139
3827,285
3828,54
3829,105
3830,10
3830,279
3831,139
3832,50
3833,285
3834,45
3835,203
3836,239
3837,105
3838,50
3839,139
3840,139
3841,139
3842,140
3843,32
3844,92
3845,139
3846,54
3846,198
3847,116
3847,238
3847,112
3847,188
3847,42
3847,269
3847,14
3847,174
3847,234
3847,164
3848,14
3848,47
3848,10
3848,234
3849,116
3849,185
3849,236
3849,150
3849,42
3849,269
3849,213
3850,238
3850,209
3850,81
3850,80
3850,268
3850,16
3850,24
3850,62
3850,74
3850,87
3851,149
3852,213
3852,266
3852,17
3852,110
3852,121
3852,262
3853,49
3853,98
3853,116
3853,185
3853,236
3853,137
3853,248
3853,70
3853,213
3853,14
3854,174
3855,238
3855,209
3856,9
3856,18
3856,21
3856,57
3856,64
3856,66
3856,90
3856,91
3856,115
3856,215
3857,49
3857,98
3857,116
3857,185
3857,236
3857,248
3857,70
3857,14
3857,200
3857,101
3858,238
3858,209
3858,81
3858,80
3858,268
3858,4
3858,7
3858,16
3858,24
3858,30
3859,49
3859,238
3859,209
3859,81
3859,80
3859,268
3859,16
3859,24
3859,30
3859,36
3860,238
3860,209
3860,81
3860,80
3860,268
3860,4
3860,7
3860,16
3860,24
3860,30
3861,47
3861,10
3862,238
3862,209
3862,81
3862,80
3862,268
3862,4
3862,7
3862,16
3862,24
3862,30
3863,234
3863,164
3864,269
3865,238
3865,209
3865,81
3865,80
3865,268
3865,7
3865,16
3865,24
3865,30
3865,36
3866,4
3866,16
3866,30
3866,36
3866,56
3866,87
3866,89
3866,99
3866,114
3866,208
3867,101
3867,105
3867,239
3868,269
3869,257
3869,285
3870,42
3870,150
3870,269
3870,25
3870,112
3870,213
3871,4
3871,14
3871,30
3871,49
3871,53
3871,86
3871,98
3871,105
3871,113
3871,116
3872,10
3872,25
3872,28
3872,32
3872,50
3872,54
3872,68
3872,92
3872,95
3872,97
3873,45
3873,61
3873,214
3873,237
3873,240
3873,251
3873,264
3873,296
3873,76
3874,4
3874,6
3874,7
3874,12
3874,16
3874,17
3874,22
3874,27
3874,30
3874,36
3875,6
3875,7
3875,16
3875,17
3875,19
3875,22
3875,24
3875,36
3875,40
3875,56
3876,1
3876,6
3876,7
3876,16
3876,17
3876,22
3876,24
3876,36
3876,42
3876,56
3877,6
3877,8
3877,9
3877,10
3877,16
3877,17
3877,18
3877,19
3877,20
3877,21
3878,150
3878,269
3878,42
3879,4
3879,6
3879,12
3879,16
3879,17
3879,18
3879,19
3879,20
3879,22
3879,24
3880,269
3880,42
3880,18
3880,57
3880,150
3880,115
3880,16
3880,24
3880,60
3880,62
3881,14
3882,14
3883,4
3883,6
3883,7
3883,12
3883,16
3883,17
3883,22
3883,24
3883,30
3883,36
3884,18
3884,42
3884,57
3884,150
3884,269
3884,14
3884,22
3884,36
3884,100
3884,115
3885,6
3885,8
3885,31
3885,37
3885,41
3885,45
3885,46
3885,63
3885,70
3885,73
3886,9
3886,18
3886,21
3886,25
3886,42
3886,54
3886,57
3886,64
3886,66
3886,71
3887,10
3887,25
3887,28
3887,32
3887,42
3887,50
3887,54
3887,68
3887,71
3887,92
3888,25
3888,42
3888,92
3888,150
3888,269
3888,97
3889,42
3889,269
3889,150
3890,1
3890,4
3890,6
3890,7
3890,12
3890,16
3890,17
3890,20
3890,22
3890,24
3891,18
3891,25
3891,42
3891,50
3891,54
3891,57
3891,66
3891,71
3891,92
3891,97
3892,6
3892,7
3892,16
3892,17
3892,22
3892,24
3892,36
3892,49
3892,56
3892,60
3893,14
3894,6
3894,16
3894,17
3894,22
3894,24
3894,36
3894,56
3894,60
3894,62
3894,70
3895,10
3895,18
3895,25
3895,28
3895,32
3895,42
3895,47
3895,50
3895,54
3895,57
3896,6
3896,7
3896,8
3896,9
3896,10
3896,16
3896,18
3896,19
3896,21
3896,22
3897,57
3897,269
3897,150
3897,42
3897,62
3898,4
3898,7
3898,12
3898,16
3898,17
3898,22
3898,24
3898,30
3898,36
3898,56
3899,20
3899,27
3899,101
3899,169
3899,193
3899,239
3900,42
3900,49
3900,57
3900,116
3900,236
3900,150
3900,213
3900,269
3900,77
3900,112
3901,6
3901,36
3901,37
3901,41
3901,45
3901,46
3901,61
3901,55
3901,70
3901,76
3902,42
3902,150
3902,269
3903,18
3903,25
3903,42
3903,54
3903,71
3903,92
3903,97
3903,150
3903,177
3903,269
3904,9
3904,18
3904,21
3904,25
3904,42
3904,50
3904,54
3904,57
3904,64
3904,66
3905,150
3905,269
3906,168
3907,4
3907,12
3907,30
3907,86
3907,113
3907,134
3907,156
3907,158
3907,188
3907,208
3908,14
3909,49
3909,100
3909,116
3909,121
3909,129
3909,268
3909,42
3909,77
3909,80
3909,188
3910,18
3910,42
3910,57
3910,66
3910,150
3910,115
3910,269
3910,170
3910,268
3911,42
3911,150
3911,269
3912,206
3913,4
3913,6
3913,7
3913,8
3913,12
3913,16
3913,17
3913,19
3913,20
3913,22
3914,1
3914,4
3914,7
3914,12
3914,16
3914,17
3914,22
3914,24
3914,27
3914,30
3915,1
3915,6
3915,7
3915,17
3915,70
3915,73
3915,76
3915,81
3915,89
3915,110
3916,27
3916,254
3916,20
3916,40
3916,49
3916,101
3916,105
3916,128
3916,142
3916,162
3917,42
3917,150
3917,269
3918,6
3918,8
3918,9
3918,10
3918,14
3918,18
3918,19
3918,20
3918,21
3918,25
3919,1
3919,4
3919,7
3919,12
3919,16
3919,17
3919,22
3919,24
3919,27
3919,30
3920,18
3920,42
3920,150
3920,269
3921,1
3921,4
3921,7
3921,12
3921,16
3921,17
3921,22
3921,24
3921,30
3921,36
3922,47
3922,50
3922,68
3922,71
3922,97
3922,150
3922,177
3922,198
3922,203
3922,269
3923,4
3923,6
3923,7
3923,12
3923,16
3923,17
3923,22
3923,24
3923,27
3923,30
3924,1
3924,20
3924,26
3924,27
3924,37
3924,41
3924,45
3924,46
3924,49
3924,55
3925,42
3925,269
3926,269
3926,54
3926,177
3926,42
3926,9
3926,18
3926,21
3926,25
3926,50
3926,57
3927,14
3927,105
3927,200
3928,269
3928,25
3928,42
3928,50
3928,92
3928,97
3928,150
3928,177
3928,54
3928,71
3929,6
3929,7
3929,17
3929,22
3929,24
3929,36
3929,56
3929,59
3929,60
3929,62
3930,42
3930,269
3930,150
3931,9
3931,18
3931,21
3931,42
3931,47
3931,50
3931,57
3931,64
3931,66
3931,68
3932,269
3932,42
3932,150
3932,18
3933,1
3933,12
3933,17
3933,49
3933,86
3933,110
3933,121
3933,236
3933,185
3933,128
3934,28
3934,32
3934,201
3935,10
3935,14
3935,32
3935,47
3935,139
3935,161
3935,164
3935,174
3935,234
3935,279
3936,1
3936,20
3936,27
3936,40
3936,49
3936,101
3936,110
3936,128
3936,142
3936,162
3937,4
3937,12
3937,16
3937,17
3937,22
3937,24
3937,30
3937,36
3937,49
3937,56
3938,121
3938,156
3938,213
3938,262
3938,22
3938,62
3938,80
3938,87
3938,89
3938,129
3939,42
3939,150
3939,269
3940,42
3940,269
3941,169
3941,193
3941,228
3941,239
3941,253
3941,289
3941,27
3941,206
3941,191
3941,110
3941,267
3941,295
3941,195
3942,6
3942,7
3942,16
3942,17
3942,22
3942,24
3942,36
3942,56
3942,60
3942,62
3943,16
3943,24
3943,36
3943,56
3943,60
3943,62
3943,81
3943,87
3943,99
3943,114
3944,9
3944,18
3944,21
3944,42
3944,50
3944,57
3944,64
3944,66
3944,68
3944,71
3945,10
3945,25
3945,28
3945,32
3945,50
3945,54
3945,68
3945,71
3945,92
3945,95
3946,49
3946,116
3946,185
3946,236
3946,213
3946,248
3946,22
3946,98
3946,101
3946,156
3947,14
3947,174
3948,4
3948,7
3948,12
3948,16
3948,17
3948,22
3948,24
3948,30
3948,36
3948,56
3949,57
3949,269
3950,213
3950,49
3950,116
3950,185
3950,236
3950,269
3950,248
3951,8
3951,26
3951,31
3951,37
3951,38
3951,41
3951,45
3951,46
3951,61
3951,55
3952,6
3952,7
3952,16
3952,17
3952,24
3952,36
3952,56
3952,60
3952,62
3952,63
3953,1
3953,6
3953,16
3953,17
3953,22
3953,24
3953,30
3953,36
3953,56
3953,59
3954,269
3954,25
3954,54
3954,177
3954,42
3954,9
3954,18
3954,21
3954,50
3954,57
3955,4
3955,6
3955,8
3955,17
3955,26
3955,36
3955,37
3955,46
3955,52
3955,61
3956,42
3956,54
3956,57
3956,71
3956,92
3956,97
3956,150
3956,177
3956,198
3956,25
3957,6
3957,7
3957,17
3957,24
3957,30
3957,36
3957,56
3957,59
3957,60
3957,62
3958,168
3959,4
3959,6
3959,16
3959,24
3959,36
3959,37
3959,38
3959,61
3959,56
3959,60
3960,42
3960,269
3960,150
3960,18
3961,6
3961,7
3961,16
3961,17
3961,19
3961,20
3961,22
3961,24
3961,36
3961,56
3962,4
3962,6
3962,8
3962,12
3962,16
3962,17
3962,19
3962,20
3962,22
3962,24
3963,6
3963,42
3963,62
3963,77
3963,81
3963,100
3963,112
3963,159
3963,258
3963,188
3964,14
3964,174
3964,47
3965,25
3965,28
3965,32
3965,50
3965,54
3965,68
3965,92
3965,95
3965,97
3965,150
3966,42
3966,57
3966,150
3966,269
3966,9
3966,18
3966,21
3966,62
3966,64
3966,100
3967,269
3967,213
3967,80
3967,100
3967,188
3967,244
3967,42
3967,49
3967,81
3967,116
3968,14
3968,105
3968,200
3969,25
3969,42
3969,71
3969,92
3969,97
3969,150
3969,177
3969,269
3969,57
3970,4
3970,16
3970,17
3970,19
3970,20
3970,22
3970,24
3970,27
3970,30
3970,36
3971,6
3971,7
3971,8
3971,12
3971,16
3971,17
3971,19
3971,20
3971,24
3971,26
3972,42
3972,71
3972,92
3972,97
3972,150
3972,177
3972,269
3973,18
3973,21
3973,25
3973,42
3973,50
3973,54
3973,57
3973,66
3973,92
3973,97
3974,42
3974,269
3974,150
3975,42
3975,269
3975,18
3975,57
3975,150
3975,87
3975,268
3976,10
3976,25
3976,28
3976,32
3976,42
3976,47
3976,50
3976,54
3976,68
3976,71
3977,101
3977,193
3978,9
3978,10
3978,18
3978,21
3978,28
3978,32
3978,42
3978,47
3978,50
3978,57
3979,42
3979,269
3979,150
3980,42
3980,241
3980,269
3980,279
3980,10
3980,18
3980,25
3980,28
3980,32
3980,47
3981,269
3981,54
3981,177
3981,10
3981,18
3981,25
3981,28
3981,32
3981,42
3981,50
3982,4
3982,6
3982,9
3982,17
3982,18
3982,21
3982,24
3982,32
3982,36
3982,42
3983,8
3983,161
3983,164
3983,234
3984,1
3984,4
3984,12
3984,17
3984,22
3984,24
3984,30
3984,36
3984,49
3984,56
3985,42
3985,269
3985,150
3986,1
3986,7
3986,16
3986,17
3986,22
3986,24
3986,36
3986,59
3986,60
3986,62
3987,1
3987,6
3987,7
3987,16
3987,17
3987,22
3987,24
3987,36
3987,56
3987,59
3988,10
3988,25
3988,28
3988,32
3988,47
3988,50
3988,54
3988,64
3988,68
3988,71
3989,18
3989,42
3989,57
3989,150
3989,269
3989,25
3989,268
3990,1
3990,17
3990,36
3990,59
3990,70
3990,89
3990,110
3990,111
3990,113
3990,118
3991,42
3991,269
3991,54
3991,91
3991,177
3991,9
3991,18
3991,21
3991,25
3991,28
3992,42
3992,269
3993,4
3993,16
3993,17
3993,24
3993,30
3993,36
3993,56
3993,60
3993,62
3993,80
3994,6
3994,7
3994,16
3994,17
3994,24
3994,36
3994,56
3994,60
3994,62
3994,70
3995,14
3995,174
3996,10
3996,28
3996,32
3996,201
3996,279
3997,10
3997,47
3997,234
3998,42
3998,150
3998,269
3999,8
3999,12
3999,14
3999,17
3999,20
3999,26
3999,27
3999,31
3999,35
3999,36
4000,1
4000,4
4000,6
4000,12
4000,16
4000,17
4000,22
4000,24
4000,30
4000,36
4001,6
4001,8
4001,12
4001,17
4001,19
4001,20
4001,31
4001,38
4001,40
4001,43
4002,28
4002,32
4002,50
4002,68
4002,95
4002,198
4002,201
4002,203
4002,241
4002,285
4003,14
4004,42
4004,150
4004,269
4005,8
4005,10
4005,14
4005,16
4005,24
4005,26
4005,28
4005,32
4005,41
4005,42
4006,18
4006,42
4006,269
4006,150
4007,14
4008,27
4008,40
4008,49
4008,101
4008,105
4008,128
4008,142
4008,162
4008,169
4008,253
4009,14
4010,14
4010,105
4010,200
4011,24
4011,57
4011,77
4011,112
4011,170
4011,209
4011,268
4011,42
4011,81
4011,100
4012,18
4012,42
4012,57
4012,66
4012,71
4012,92
4012,97
4012,150
4012,198
4012,269
4013,10
4013,25
4013,28
4013,32
4013,50
4013,54
4013,57
4013,68
4013,71
4013,92
4014,6
4014,8
4014,9
4014,10
4014,12
4014,14
4014,17
4014,18
4014,19
4014,20
4015,4
4015,6
4015,7
4015,12
4015,16
4015,17
4015,22
4015,24
4015,27
4015,30
4016,10
4016,18
4016,28
4016,32
4016,42
4016,50
4016,57
4016,66
4016,68
4016,71
4017,42
4017,269
4017,18
4017,66
4017,188
4017,268
4018,42
4018,49
4018,101
4018,116
4018,236
4018,150
4018,213
4018,269
4018,18
4018,21
4019,18
4019,25
4019,54
4019,57
4019,71
4019,92
4019,97
4019,150
4019,177
4019,198
4020,8
4020,31
4020,37
4020,38
4020,41
4020,45
4020,46
4020,53
4020,61
4020,63
4021,101
4021,105
4021,142
4021,162
4021,195
4021,200
4021,206
4021,231
4021,253
4021,289
4022,10
4022,14
4022,47
4022,234
4023,8
4023,26
4023,31
4023,37
4023,38
4023,41
4023,45
4023,46
4023,53
4023,61
4024,14
4024,105
4024,200
4025,6
4025,16
4025,20
4025,22
4025,24
4025,27
4025,30
4025,49
4025,60
4025,62
4026,49
4026,116
4026,185
4026,236
4026,156
4026,213
4026,248
4027,42
4027,269
4028,9
4028,18
4028,21
4028,25
4028,42
4028,54
4028,57
4028,64
4028,66
4028,68
4029,10
4029,28
4029,32
4029,47
4029,50
4029,54
4029,68
4029,71
4029,92
4029,150
4030,4
4030,6
4030,12
4030,16
4030,17
4030,27
4030,30
4030,36
4030,49
4030,56
4031,201
4031,10
4031,28
4031,32
4032,28
4032,32
4032,50
4032,68
4032,95
4032,203
4032,241
4032,285
4033,49
4034,14
4034,40
4034,49
4034,101
4034,128
4034,162
4034,169
4034,193
4034,289
4034,20
4035,9
4035,18
4035,21
4035,25
4035,28
4035,42
4035,50
4035,54
4035,57
4035,64
4036,269
4036,279
4036,10
4036,18
4036,25
4036,28
4036,32
4036,42
4036,47
4036,50
4037,10
4037,47
4037,234
4038,42
4039,1
4039,6
4039,7
4039,16
4039,17
4039,22
4039,24
4039,36
4039,46
4039,56
4040,54
4040,71
4040,92
4040,97
4040,150
4040,177
4040,198
4041,18
4041,32
4041,50
4041,57
4041,66
4041,68
4041,95
4041,115
4041,150
4041,241
4042,42
4042,57
4042,92
4042,150
4042,269
4043,9
4043,18
4043,21
4043,25
4043,32
4043,42
4043,47
4043,50
4043,54
4043,57
4044,14
4045,14
4045,254
4046,269
4046,32
4046,54
4046,25
4046,42
4046,71
4046,18
4046,47
4046,50
4046,57
4047,42
4047,150
4047,269
4048,54
4048,92
4048,269
4048,42
4048,150
4049,42
4049,150
4049,269
4050,8
4050,26
4050,31
4050,37
4050,38
4050,41
4050,45
4050,46
4050,53
4050,61
4051,42
4051,150
4051,269
4052,42
4052,269
4052,25
4052,54
4052,9
4052,18
4052,21
4052,50
4052,57
4052,64
4053,269
4054,4
4054,6
4054,8
4054,9
4054,10
4054,12
4054,16
4054,17
4054,18
4054,19
4055,4
4055,6
4055,8
4055,12
4055,14
4055,16
4055,17
4055,19
4055,20
4055,22
4056,269
4056,279
4056,285
4056,9
4056,10
4056,18
4056,21
4056,25
4056,28
4056,32
4057,18
4057,42
4057,54
4057,57
4057,66
4057,71
4057,92
4057,150
4057,177
4057,269
4058,14
4058,200
4058,231
4058,105
4058,174
4059,20
4059,27
4059,49
4059,98
4059,101
4059,143
4059,162
4059,169
4059,193
4059,210
4060,269
4060,42
4060,150
4060,18
4061,25
4061,269
4061,54
4061,9
4061,21
4061,64
4061,66
4061,71
4061,90
4061,91
4062,6
4062,7
4062,16
4062,17
4062,22
4062,24
4062,36
4062,42
4062,56
4062,59
4063,105
4064,269
4064,18
4064,42
4064,57
4064,150
4064,268
4065,49
4065,101
4065,20
4065,27
4065,162
4065,169
4065,239
4065,289
4065,1
4065,193
4066,9
4066,18
4066,21
4066,57
4066,64
4066,66
4066,90
4066,91
4066,115
4066,215
4067,9
4067,18
4067,21
4067,25
4067,42
4067,57
4067,64
4067,66
4067,91
4067,150
4068,40
4068,49
4068,105
4068,128
4068,162
4068,253
4068,289
4069,8
4069,10
4069,14
4069,18
4069,20
4069,25
4069,26
4069,27
4069,28
4069,31
4070,269
4071,10
4071,28
4071,32
4071,95
4071,201
4071,203
4071,241
4071,279
4072,49
4072,238
4072,81
4072,4
4072,7
4072,16
4072,30
4072,36
4072,56
4072,87
4073,238
4073,209
4073,81
4073,80
4073,268
4073,4
4073,7
4073,16
4073,24
4073,30
4074,77
4074,62
4074,74
4074,80
4074,81
4074,87
4074,100
4074,129
4074,188
4074,213
4075,9
4075,21
4075,28
4075,32
4075,42
4075,50
4075,57
4075,64
4075,66
4075,68
4076,177
4077,42
4077,150
4077,269
4077,92
4078,9
4078,10
4078,18
4078,21
4078,25
4078,28
4078,32
4078,42
4078,50
4078,54
4079,1
4079,6
4079,7
4079,16
4079,17
4079,19
4079,20
4079,24
4079,27
4079,36
4080,17
4080,49
4080,110
4080,121
4080,156
4080,213
4080,283
4080,101
4080,193
4080,262
4081,47
4081,10
4081,32
4081,201
4081,279
4082,12
4082,16
4082,36
4082,49
4082,56
4082,60
4082,86
4082,87
4082,89
4082,99
4083,25
4083,92
4083,150
4084,14
4084,16
4084,24
4084,30
4084,49
4084,60
4084,94
4084,98
4084,121
4084,236
4085,68
4086,25
4086,54
4086,71
4086,92
4086,97
4086,150
4086,177
4086,198
4086,42
4086,269
4087,49
4087,101
4087,20
4087,27
4087,40
4087,128
4087,142
4087,162
4087,169
4087,253
4088,269
4088,18
4088,42
4088,54
4088,71
4088,92
4088,97
4088,150
4088,177
4088,198
4089,269
4089,25
4089,54
4089,91
4089,115
4089,177
4089,42
4089,18
4089,50
4089,57
4090,238
4090,81
4090,268
4090,4
4090,16
4090,24
4090,30
4090,36
4090,56
4090,62
4091,150
4091,42
4091,269
4092,269
4092,9
4092,18
4092,21
4092,25
4092,42
4092,57
4092,64
4092,91
4092,150
4093,238
4093,209
4093,81
4093,80
4093,268
4093,4
4093,7
4093,16
4093,24
4093,30
4094,4
4094,6
4094,7
4094,8
4094,12
4094,17
4094,26
4094,36
4094,37
4094,41
4095,14
4095,20
4095,35
4095,40
4095,49
4095,98
4095,101
4095,105
4095,128
4095,142
4096,9
4096,18
4096,21
4096,57
4096,64
4096,215
4096,216
4096,218
4096,257
4096,25
4097,1
4097,20
4097,27
4097,101
4097,110
4097,111
4097,169
4097,191
4097,193
4097,239
4098,251
4098,264
4098,296
4098,297
4098,131
4098,243
4099,27
4099,49
4099,101
4099,162
4099,169
4099,193
4099,1
4100,10
4100,32
4100,50
4100,95
4100,241
4100,257
4100,285
4100,25
4100,57
4100,64
4101,8
4101,26
4101,31
4101,37
4101,38
4101,41
4101,45
4101,46
4101,61
4101,55
4102,8
4102,26
4102,31
4102,37
4102,38
4102,41
4102,45
4102,46
4102,53
4102,61
4103,8
4103,26
4103,31
4103,37
4103,38
4103,41
4103,45
4103,46
4103,52
4103,53
4104,49
4104,185
4104,236
4104,156
4104,238
4104,209
4104,81
4104,36
4104,56
4104,89
4105,42
4105,269
4105,150
4106,49
4106,98
4106,185
4106,236
4106,156
4106,238
4106,209
4106,81
4106,4
4106,7
4107,18
4107,57
4107,25
4107,54
4107,71
4107,92
4107,97
4107,150
4107,177
4107,198
4108,150
4108,42
4108,269
4109,14
4110,1
4110,126
4110,156
4110,213
4110,249
4110,27
4110,49
4110,101
4110,121
4110,169
4111,49
4111,98
4111,116
4111,185
4111,236
4111,156
4111,248
4111,238
4111,209
4111,81
4112,6
4112,26
4112,37
4112,38
4112,41
4112,45
4112,46
4112,55
4112,63
4112,73
4113,150
4113,42
4113,269
4114,18
4114,57
4114,238
4114,209
4114,81
4114,268
4114,24
4114,62
4114,77
4114,87
4115,14
4115,20
4115,35
4115,40
4115,49
4115,101
4115,105
4115,128
4115,142
4115,162
4116,150
4116,269
4117,25
4117,28
4117,32
4117,50
4117,54
4117,57
4117,68
4117,71
4117,92
4117,95
4118,97
4118,150
4118,177
4118,198
4118,201
4118,203
4118,241
4118,257
4118,279
4118,285
4119,150
4119,42
4119,269
4120,89
4120,113
4120,114
4120,130
4120,145
4120,170
4120,138
4120,197
4120,209
4120,238
4121,49
4121,98
4121,116
4121,185
4121,236
4121,137
4121,156
4121,248
4121,16
4121,30
4122,9
4122,21
4122,57
4122,64
4122,66
4122,91
4122,215
4122,216
4122,218
4122,238
4123,49
4123,116
4123,185
4123,236
4123,156
4123,238
4123,209
4123,81
4123,80
4123,268
4124,279
4124,10
4124,28
4124,32
4124,50
4124,68
4124,150
4124,201
4124,203
4124,269
4125,49
4125,238
4125,209
4125,81
4125,80
4125,268
4125,4
4125,16
4125,24
4125,30
4126,42
4126,150
4126,269
4127,4
4127,7
4127,12
4127,16
4127,17
4127,22
4127,24
4127,30
4127,36
4127,49
4128,42
4128,150
4128,269
4128,18
4128,92
4129,9
4129,10
4129,18
4129,21
4129,25
4129,28
4129,32
4129,42
4129,50
4129,54
4130,14
4130,105
4130,200
4131,4
4131,12
4131,17
4131,36
4131,49
4131,70
4131,86
4131,89
4131,98
4131,101
4132,9
4132,10
4132,18
4132,21
4132,28
4132,32
4132,47
4132,50
4132,57
4132,64
4133,18
4133,25
4133,42
4133,57
4133,71
4133,92
4133,97
4133,150
4133,177
4133,198
4134,49
4134,116
4134,185
4134,156
4134,162
4134,213
4134,253
4134,27
4134,101
4134,236
4135,4
4135,6
4135,10
4135,16
4135,17
4135,19
4135,20
4135,22
4135,24
4135,28
4136,9
4136,18
4136,21
4136,57
4136,64
4136,215
4136,216
4136,218
4136,257
4136,25
4137,269
4137,42
4138,52
4138,53
4138,61
4138,55
4138,63
4138,73
4138,76
4138,83
4138,85
4138,88
4138,93
4138,94
4138,122
4138,131
4138,141
4138,144
4138,148
4138,161
4138,164
4138,180
4138,181
4138,214
4138,223
4138,226
4138,232
4138,237
4138,240
4138,251
4138,255
4138,264
4138,296
4138,297
4138,295
4138,110
4138,111
4139,10
4139,32
4139,47
4139,203
4139,279
4140,20
4140,35
4140,40
4140,49
4140,101
4140,105
4140,128
4140,142
4140,143
4140,162
4141,49
4141,236
4141,156
4141,248
4141,238
4141,209
4141,81
4141,80
4141,268
4141,4
4142,42
4142,269
4142,150
4142,18
4142,62
4142,112
4142,159
4142,188
4142,209
4142,238
4143,1
4143,6
4143,7
4143,16
4143,17
4143,24
4143,36
4143,56
4143,60
4143,62
4144,49
4144,101
4144,27
4144,35
4144,40
4144,105
4144,128
4144,142
4144,162
4144,169
4145,49
4145,238
4145,209
4145,81
4145,80
4145,268
4145,4
4145,7
4145,16
4145,24
4146,4
4146,7
4146,12
4146,16
4146,17
4146,22
4146,24
4146,30
4146,49
4146,56
4147,24
4147,27
4147,36
4147,37
4147,38
4147,40
4147,41
4147,42
4147,45
4147,46
4148,42
4148,150
4148,269
4149,269
4149,18
4149,57
4149,91
4149,115
4149,150
4149,215
4149,177
4149,21
4149,42
4150,269
4150,18
4150,42
4150,57
4150,150
4150,198
4150,213
4150,25
4150,115
4150,116
4151,49
4151,98
4151,116
4151,185
4151,236
4151,156
4151,248
4151,238
4151,209
4151,81
4152,4
4152,6
4152,8
4152,16
4152,17
4152,19
4152,20
4152,22
4152,24
4152,26
4153,115
4153,25
4153,54
4153,71
4153,92
4153,97
4153,150
4153,177
4153,198
4153,269
4154,92
4154,150
4154,269
4154,42
4155,168
4156,150
4156,42
4156,269
4157,14
4158,22
4158,60
4158,74
4158,80
4158,112
4158,129
4158,135
4158,213
4158,244
4158,268
4159,9
4159,18
4159,21
4159,57
4159,64
4159,66
4159,90
4159,91
4159,115
4159,215
4160,156
4160,188
4160,213
4160,269
4160,42
4160,129
4160,49
4160,74
4160,80
4160,121
4161,49
4161,101
4161,20
4161,27
4161,40
4161,105
4161,128
4161,142
4161,162
4161,169
4162,238
4162,6
4162,70
4162,133
4162,159
4162,258
4162,293
4162,148
4162,240
4163,10
4163,47
4164,18
4164,57
4164,66
4164,25
4164,54
4164,71
4164,92
4164,97
4164,150
4164,177
4165,18
4165,57
4165,215
4165,257
4165,25
4165,54
4165,92
4165,97
4165,150
4165,198
4166,25
4166,50
4166,54
4166,71
4166,92
4166,97
4166,150
4166,177
4166,198
4166,269
4167,12
4167,42
4167,49
4167,74
4167,77
4167,80
4167,86
4167,89
4167,112
4167,116
4168,4
4168,9
4168,16
4168,17
4168,18
4168,20
4168,21
4168,24
4168,27
4168,30
4169,9
4169,21
4169,57
4169,64
4169,91
4169,215
4169,216
4169,218
4169,257
4169,25
4170,42
4170,150
4170,269
4171,42
4171,150
4171,269
4172,18
4172,57
4172,66
4172,115
4172,25
4172,54
4172,71
4172,92
4172,97
4172,150
4173,269
4173,71
4173,92
4173,42
4173,97
4173,150
4173,18
4173,57
4173,87
4173,100
4174,18
4174,57
4174,49
4174,98
4174,116
4174,185
4174,236
4174,156
4174,248
4174,238
4175,8
4175,31
4175,76
4175,122
4175,161
4175,164
4175,232
4175,234
4175,237
4175,240
4176,49
4176,101
4176,20
4176,162
4176,169
4176,239
4176,234
4176,8
4176,26
4176,31
4177,49
4177,248
4177,101
4177,20
4177,27
4177,40
4177,105
4177,128
4177,142
4177,162
4178,101
4179,239
4180,8
4180,31
4180,38
4180,53
4180,61
4180,76
4180,122
4180,131
4180,141
4180,161
4181,9
4181,18
4181,21
4181,57
4181,64
4181,66
4181,215
4181,216
4181,218
4181,25
4182,101
4182,169
4182,239
4182,110
4182,193
4183,8
4183,4
4183,9
4183,17
4183,18
4183,20
4183,21
4183,26
4183,31
4183,36
4184,9
4184,18
4184,21
4184,25
4184,42
4184,54
4184,57
4184,64
4184,71
4184,92
4185,63
4185,76
4185,122
4185,232
4186,1
4186,12
4186,49
4186,121
4186,126
4186,156
4186,158
4186,213
4186,249
4186,283
4187,14
4188,10
4188,18
4188,25
4188,28
4188,32
4188,47
4188,50
4188,57
4188,68
4188,71
4189,49
4189,98
4189,116
4189,185
4189,236
4189,156
4189,238
4189,209
4189,81
4189,80
4190,25
4190,54
4190,71
4190,92
4190,97
4190,150
4190,177
4190,198
4190,42
4190,269
4191,20
4191,27
4191,49
4191,101
4191,121
4191,126
4191,142
4191,156
4191,162
4191,169
4192,14
4193,49
4193,156
4193,238
4193,81
4193,80
4193,268
4193,4
4193,16
4193,24
4193,74
4194,9
4194,18
4194,21
4194,57
4194,64
4194,66
4194,90
4194,115
4194,215
4194,216
4195,238
4195,209
4195,81
4195,268
4195,62
4195,77
4195,87
4195,89
4195,100
4195,112
4196,10
4196,25
4196,28
4196,32
4196,50
4196,68
4196,71
4196,92
4196,97
4196,150
4197,49
4197,101
4197,20
4197,27
4197,40
4197,105
4197,128
4197,142
4197,162
4197,169
4198,9
4198,18
4198,21
4198,25
4198,32
4198,50
4198,54
4198,57
4198,64
4198,66
4199,6
4199,20
4199,24
4199,27
4199,30
4199,36
4199,40
4199,56
4199,59
4199,62
4200,42
4200,269
4201,14
4201,105
4201,200
4201,231
4202,42
4202,9
4202,18
4202,21
4202,57
4202,64
4202,66
4202,115
4202,215
4202,216
4203,9
4203,10
4203,18
4203,21
4203,25
4203,28
4203,32
4203,42
4203,47
4203,50
4204,49
4204,248
4204,101
4204,20
4204,27
4204,35
4204,40
4204,105
4204,128
4204,142
4205,269
4205,279
4205,10
4205,25
4205,28
4205,32
4205,42
4205,47
4205,50
4205,54
4206,54
4206,150
4206,42
4206,269
4207,14
4207,105
4207,200
4207,254
4208,234
4208,8
4208,26
4208,31
4208,37
4208,38
4208,41
4208,45
4208,46
4208,61
4209,68
4209,50
4210,49
4210,116
4210,185
4210,236
4210,156
4210,248
4210,238
4210,81
4210,80
4210,268
4211,9
4211,18
4211,21
4211,25
4211,42
4211,54
4211,57
4211,64
4211,66
4211,71
4212,25
4212,50
4212,54
4212,92
4212,97
4212,150
4212,177
4212,198
4212,285
4213,269
4213,150
4214,18
4214,57
4214,92
4214,150
4214,42
4214,269
4215,9
4215,18
4215,21
4215,25
4215,28
4215,42
4215,50
4215,57
4215,64
4215,66
4216,49
4216,98
4216,137
4216,70
4216,101
4216,20
4216,27
4216,40
4216,105
4216,128
4217,9
4217,18
4217,21
4217,25
4217,32
4217,42
4217,50
4217,54
4217,57
4217,64
4218,49
4218,185
4218,236
4218,156
4218,213
4218,101
4218,20
4218,27
4218,128
4218,143
4219,116
4219,185
4219,236
4219,238
4219,209
4219,81
4219,80
4219,268
4219,24
4219,62
4220,70
4220,101
4220,20
4220,162
4220,239
4220,234
4220,8
4220,26
4220,31
4220,37
4221,238
4221,209
4221,81
4221,80
4221,268
4221,24
4221,62
4221,74
4221,77
4221,87
4222,49
4222,101
4222,169
4222,121
4222,126
4222,193
4222,249
4222,262
4222,283
4223,49
4223,116
4223,185
4223,236
4223,156
4223,213
4223,121
4223,248
4224,57
4224,92
4224,97
4224,150
4224,42
4224,269
4225,150
4225,42
4225,269
4226,6
4226,8
4226,12
4226,14
4226,16
4226,17
4226,19
4226,20
4226,31
4226,35
4227,49
4227,116
4227,156
4227,80
4227,129
4227,188
4227,229
4227,244
4227,42
4227,269
4228,49
4228,156
4228,80
4228,188
4228,244
4228,213
4228,121
4229,150
4229,269
4230,9
4230,10
4230,18
4230,21
4230,25
4230,28
4230,32
4230,42
4230,47
4230,50
4231,49
4231,116
4231,185
4231,236
4231,137
4231,248
4231,238
4231,209
4231,81
4231,80
4232,49
4232,238
4232,209
4232,81
4232,80
4232,268
4232,4
4232,16
4232,24
4232,30
4233,9
4233,18
4233,21
4233,57
4233,64
4233,66
4233,91
4233,115
4233,215
4233,216
4234,9
4234,21
4234,64
4234,215
4234,216
4234,218
4234,238
4234,209
4234,81
4234,268
4235,42
4235,71
4235,92
4235,97
4235,150
4235,177
4235,269
4236,57
4236,49
4236,116
4236,185
4236,236
4236,248
4236,238
4236,81
4236,80
4236,268
4237,35
4237,105
4237,142
4237,253
4238,49
4238,116
4238,185
4238,236
4238,156
4238,213
4238,14
4238,174
4238,101
4238,27
4239,116
4239,185
4239,236
4239,156
4239,238
4239,81
4239,80
4239,268
4239,4
4239,7
4240,49
4240,156
4240,238
4240,81
4240,80
4240,268
4240,4
4240,16
4240,24
4240,36
4241,42
4241,116
4241,213
4241,269
4241,236
4241,185
4242,49
4242,156
4242,238
4242,209
4242,81
4242,80
4242,268
4242,4
4242,16
4242,24
4243,121
4243,156
4243,213
4243,116
4243,236
4243,185
4243,49
4243,262
4243,128
4243,283
4244,49
4244,156
4244,238
4244,209
4244,81
4244,80
4244,268
4244,4
4244,7
4244,16
4245,101
4245,20
4245,27
4245,169
4245,193
4246,49
4246,116
4246,185
4246,236
4246,248
4246,81
4246,80
4246,268
4246,24
4246,62
4247,105
4247,254
4248,30
4248,121
4248,134
4248,156
4248,213
4248,4
4248,19
4248,20
4248,42
4248,59
4249,234
4249,8
4249,26
4249,31
4249,37
4249,38
4249,41
4249,45
4249,46
4249,53
4250,14
4250,105
4250,200
4250,231
4250,254
4251,269
4251,25
4251,54
4251,91
4251,115
4251,177
4251,42
4251,9
4251,18
4251,21
4252,66
4252,25
4252,54
4252,71
4252,92
4252,97
4252,150
4252,177
4252,198
4252,42
4253,216
4253,218
4253,257
4253,25
4253,54
4253,71
4253,92
4253,97
4253,150
4253,177
4253,198
4253,42
4253,269
4253,68
4253,47
4253,10
4253,28
4253,32
4253,50
4253,95
4253,203
4253,241
4253,285
4254,49
4254,98
4254,116
4254,185
4254,236
4254,156
4254,248
4254,238
4254,209
4254,81
4255,42
4255,269
4256,42
4256,269
4256,150
4256,49
4256,116
4256,236
4256,185
4256,213
4256,100
4256,16
4257,238
4257,209
4257,81
4257,80
4257,268
4257,4
4257,16
4257,24
4257,30
4257,36
4258,14
4258,174
4258,47
4258,10
4258,32
4258,279
4258,234
4259,54
4259,92
4259,97
4259,150
4259,42
4259,269
4260,71
4260,92
4260,97
4260,150
4260,177
4260,42
4260,269
4261,1
4261,17
4261,36
4261,42
4261,50
4261,56
4261,80
4261,89
4261,110
4261,111
4262,49
4262,236
4262,156
4262,238
4262,4
4262,36
4262,62
4262,89
4262,114
4262,212
4263,14
4264,42
4264,269
4264,150
4265,101
4265,20
4265,169
4265,239
4265,193
4266,8
4266,26
4266,31
4266,37
4266,38
4266,41
4266,45
4266,46
4266,61
4266,55
4267,9
4267,18
4267,57
4267,49
4267,116
4267,185
4267,236
4267,248
4267,238
4267,209
4268,150
4268,42
4268,269
4269,4
4269,16
4269,24
4269,49
4269,56
4269,62
4269,81
4269,87
4269,99
4269,100
4270,8
4270,26
4270,31
4270,37
4270,38
4270,41
4270,45
4270,46
4270,53
4270,61
4271,269
4271,25
4271,54
4271,66
4271,115
4271,177
4271,9
4271,18
4271,21
4271,42
4272,9
4272,18
4272,21
4272,57
4272,64
4272,66
4272,91
4272,115
4272,215
4272,216
4273,49
4273,98
4273,116
4273,185
4273,236
4273,156
4273,248
4273,238
4273,209
4273,81
4274,73
4274,76
4274,232
4274,240
4275,42
4275,269
4276,42
4276,115
4276,269
4276,279
4276,9
4276,10
4276,18
4276,21
4276,28
4276,32
4277,10
4277,28
4277,32
4277,201
4277,279
4278,25
4278,54
4278,71
4278,92
4278,97
4278,150
4278,177
4278,68
4278,10
4278,28
4279,18
4279,57
4279,25
4279,54
4279,71
4279,92
4279,97
4279,150
4279,177
4279,198
4280,9
4280,18
4280,21
4280,57
4280,64
4280,66
4280,90
4280,91
4280,115
4280,215
4281,6
4281,16
4281,17
4281,19
4281,20
4281,24
4281,27
4281,35
4281,36
4281,40
4282,49
4282,116
4282,185
4282,236
4282,156
4282,248
4282,238
4282,209
4282,81
4282,80
4283,72
4283,234
4283,8
4283,26
4283,31
4283,37
4283,38
4283,41
4283,45
4283,46
4284,18
4284,57
4284,49
4284,116
4284,185
4284,236
4284,248
4284,238
4284,209
4284,81
4285,68
4285,32
4285,50
4285,95
4285,203
4285,241
4285,285
4286,49
4286,116
4286,185
4286,236
4286,156
4286,238
4286,81
4286,80
4286,268
4286,16
4287,20
4287,40
4287,49
4287,101
4287,110
4287,128
4287,162
4287,169
4287,193
4287,239
4288,8
4288,31
4288,38
4288,41
4288,61
4288,63
4288,73
4288,76
4288,83
4288,85
4289,116
4289,80
4289,62
4289,100
4289,188
4289,244
4289,42
4289,269
4289,213
4290,9
4290,18
4290,21
4290,57
4290,64
4290,66
4290,90
4290,91
4290,115
4290,215
4291,18
4291,57
4291,92
4291,150
4291,42
4291,269
4292,42
4292,150
4292,269
4292,18
4292,21
4292,54
4292,57
4292,100
4292,198
4293,10
4293,28
4293,32
4293,50
4293,68
4293,95
4293,198
4293,201
4293,203
4293,241
4294,7
4294,16
4294,17
4294,22
4294,24
4294,36
4294,42
4294,56
4294,60
4294,62
4295,49
4295,156
4295,238
4295,209
4295,81
4295,4
4295,16
4295,30
4295,36
4295,56
4296,4
4296,6
4296,7
4296,12
4296,16
4296,17
4296,22
4296,24
4296,25
4296,27
4297,14
4297,105
4297,200
4297,174
4298,6
4298,8
4298,9
4298,10
4298,16
4298,18
4298,20
4298,21
4298,26
4298,28
4299,49
4299,238
4299,209
4299,81
4299,80
4299,268
4299,4
4299,7
4299,16
4299,24
4300,137
4300,86
4300,98
4300,113
4300,121
4300,185
4300,126
4300,200
4300,213
4300,223
4301,8
4301,26
4301,31
4301,37
4301,41
4301,45
4301,46
4301,61
4301,55
4301,63
4302,92
4302,150
4302,42
4302,269
4303,9
4303,18
4303,21
4303,57
4303,64
4303,66
4303,90
4303,115
4303,215
4303,216
4304,16
4304,18
4304,22
4304,24
4304,36
4304,42
4304,49
4304,60
4304,62
4304,74
4305,18
4305,57
4305,257
4305,25
4305,54
4305,71
4305,92
4305,97
4305,150
4305,177
4306,28
4307,42
4307,116
4307,147
4307,150
4307,78
4307,213
4307,269
4307,174
4307,49
4307,236
4308,18
4308,42
4308,50
4308,57
4308,68
4308,71
4308,92
4308,97
4308,150
4308,177
4309,49
4309,101
4309,35
4309,40
4309,105
4309,142
4309,162
4309,206
4309,228
4309,253
4310,49
4310,156
4310,238
4310,209
4310,81
4310,80
4310,268
4310,4
4310,7
4310,16
4311,257
4311,25
4311,54
4311,71
4311,92
4311,97
4311,150
4311,177
4311,198
4311,269
4312,92
4312,150
4312,42
4312,269
4313,10
4313,28
4313,50
4313,68
4313,150
4313,203
4313,285
4314,16
4314,17
4314,24
4314,36
4314,60
4314,77
4314,81
4314,89
4314,99
4314,110
4315,49
4315,98
4315,116
4315,185
4315,236
4315,156
4315,248
4315,238
4315,209
4315,81
4316,150
4316,42
4316,269
4317,9
4317,18
4317,21
4317,57
4317,64
4317,66
4317,90
4317,91
4317,115
4317,215
4318,8
4318,31
4318,38
4318,61
4318,122
4318,131
4318,141
4318,161
4318,164
4318,214
4319,9
4319,18
4319,21
4319,57
4319,64
4319,66
4319,90
4319,91
4319,115
4319,215
4320,25
4320,54
4320,71
4320,92
4320,97
4320,150
4320,177
4320,198
4320,42
4320,269
4321,200
4321,105
4322,25
4322,54
4322,71
4322,92
4322,97
4322,150
4322,177
4322,198
4322,42
4322,269
4323,150
4323,42
4323,269
4324,101
4324,20
4324,27
4324,40
4324,162
4324,169
4324,1
4324,110
4324,193
4325,174
4326,9
4326,18
4326,21
4326,42
4326,50
4326,57
4326,64
4326,66
4326,71
4326,92
4327,49
4327,98
4327,116
4327,156
4327,238
4327,209
4327,81
4327,80
4327,268
4327,4
4328,32
4329,27
4329,101
4329,169
4329,40
4329,128
4329,162
4329,193
4329,239
4329,253
4329,20
4330,49
4330,156
4330,238
4330,209
4330,81
4330,80
4330,268
4330,4
4330,7
4330,16
4331,4
4331,6
4331,8
4331,17
4331,26
4331,30
4331,31
4331,37
4331,38
4331,41
4332,49
4332,98
4332,116
4332,236
4332,137
4332,248
4332,101
4332,20
4332,27
4332,35
4333,105
4334,164
4334,234
4334,31
4334,131
4334,243
4334,297
4335,49
4335,116
4335,185
4335,236
4335,156
4335,248
4335,238
4335,209
4335,81
4335,80
4336,217
4337,25
4337,150
4337,42
4337,269
4338,269
4339,49
4339,116
4339,185
4339,236
4339,248
4339,213
4339,101
4339,27
4339,40
4339,105
4340,150
4340,269
4341,18
4341,57
4341,25
4341,71
4341,92
4341,97
4341,150
4341,177
4341,42
4341,269
4342,57
4342,115
4342,54
4342,71
4342,92
4342,97
4342,150
4342,177
4342,42
4342,269
4343,105
4343,200
4344,9
4344,18
4344,21
4344,57
4344,64
4344,66
4344,215
4344,216
4344,218
4344,257
4345,42
4345,269
4346,68
4346,28
4346,50
4346,203
4346,285
4347,26
4347,37
4347,41
4347,45
4347,46
4347,55
4347,85
4347,88
4347,93
4347,94
4348,49
4349,238
4349,209
4349,81
4349,80
4349,268
4349,4
4349,7
4349,16
4349,24
4349,30
4350,9
4350,10
4350,21
4350,32
4350,42
4350,47
4350,64
4350,91
4350,116
4350,143
4351,42
4351,269
4351,25
4351,54
4351,91
4351,115
4351,177
4351,9
4351,18
4351,21
4352,49
4352,116
4352,185
4352,236
4352,156
4352,238
4352,81
4352,80
4352,4
4352,7
4353,18
4353,57
4353,66
4353,115
4353,257
4353,25
4353,54
4353,71
4353,92
4353,97
4354,14
4354,200
4354,106
4354,104
4355,49
4355,116
4355,185
4355,236
4355,248
4355,238
4355,209
4355,81
4355,80
4355,268
4356,49
4356,156
4356,238
4356,209
4356,81
4356,268
4356,4
4356,7
4356,89
4356,112
4357,49
4357,116
4357,185
4357,236
4357,248
4357,238
4357,209
4357,81
4357,80
4357,268
4358,101
4358,20
4358,40
4358,169
4358,253
4358,289
4359,70
4359,234
4359,8
4359,31
4359,45
4359,46
4359,63
4359,73
4359,76
4359,122
4360,14
4361,10
4361,28
4361,32
4361,47
4361,68
4361,201
4361,203
4361,279
4362,49
4362,98
4362,116
4362,185
4362,236
4362,156
4362,248
4362,238
4362,209
4362,81
4363,14
4363,105
4363,200
4364,269
4364,42
4364,150
4364,57
4365,49
4365,116
4365,185
4365,236
4365,156
4365,248
4365,238
4365,209
4365,81
4365,80
4366,101
4366,20
4366,27
4366,169
4366,239
4366,193
4367,269
4368,25
4368,92
4368,150
4369,257
4369,54
4369,177
4369,198
4369,68
4369,10
4369,28
4369,32
4369,50
4369,95
4370,234
4370,8
4370,26
4370,31
4370,37
4370,38
4370,41
4370,45
4370,46
4370,53
4371,150
4371,42
4371,269
4372,150
4372,42
4372,269
4373,80
4373,16
4373,36
4373,62
4373,74
4373,87
4373,89
4373,99
4373,114
4373,129
4374,9
4374,18
4374,21
4374,25
4374,42
4374,54
4374,57
4374,64
4374,68
4374,71
4375,49
4375,156
4375,4
4375,16
4375,36
4375,56
4375,62
4375,89
4375,114
4375,158
4376,9
4376,18
4376,21
4376,57
4376,64
4376,66
4376,91
4376,215
4376,216
4376,218
4377,42
4377,269
4377,150
4377,25
4377,54
4377,57
4377,71
4377,92
4377,97
4377,66
4378,18
4378,92
4378,150
4378,42
4378,269
4379,238
4379,209
4379,81
4379,80
4379,268
4379,4
4379,7
4379,16
4379,24
4379,30
4380,269
4380,42
4380,150
4381,49
4381,162
4382,49
4382,116
4382,185
4382,156
4382,238
4382,209
4382,81
4382,80
4382,268
4382,4
4383,257
4383,32
4383,95
4383,241
4383,285
4384,68
4384,47
4384,10
4384,28
4384,50
4384,203
4385,49
4385,116
4385,185
4385,236
4385,156
4385,248
4385,238
4385,81
4385,80
4385,268
4386,9
4386,18
4386,21
4386,57
4386,64
4386,66
4386,91
4386,115
4386,215
4386,216
4387,14
4388,150
4388,42
4388,269
4389,49
4389,98
4389,116
4389,185
4389,236
4389,248
4389,238
4389,209
4389,81
4389,4
4390,25
4390,32
4390,50
4390,54
4390,57
4390,71
4390,92
4390,95
4390,97
4390,150
4391,101
4391,169
4391,239
4391,1
4391,121
4391,126
4391,249
4391,262
4391,283
4392,238
4392,209
4392,81
4392,80
4392,268
4392,4
4392,16
4392,24
4392,30
4392,36
4393,105
4394,49
4394,98
4394,185
4394,137
4394,156
4394,248
4394,81
4394,80
4394,4
4394,16
4395,150
4395,269
4396,257
4396,198
4396,68
4396,28
4396,32
4396,50
4396,95
4396,203
4396,285
4397,49
4397,156
4397,238
4397,209
4397,81
4397,80
4397,268
4397,4
4397,7
4397,16
4398,1
4398,4
4398,12
4398,16
4398,17
4398,22
4398,30
4398,49
4398,56
4398,60
4399,49
4399,98
4399,116
4399,185
4399,236
4399,248
4399,238
4399,209
4399,81
4399,80
4400,234
4400,8
4400,31
4400,61
4400,76
4400,122
4400,164
4400,232
4400,237
4400,240
4401,40
4401,105
4401,142
4401,162
4401,206
4401,228
4401,253
4401,289
4402,49
4402,116
4402,185
4402,236
4402,156
4402,248
4402,238
4402,209
4402,81
4402,80
4403,9
4403,18
4403,21
4403,42
4403,50
4403,57
4403,64
4403,66
4403,90
4403,92
4404,54
4404,68
4404,97
4404,177
4404,198
4405,10
4405,28
4405,47
4405,203
4406,9
4406,18
4406,21
4406,25
4406,32
4406,42
4406,50
4406,54
4406,57
4406,64
4407,49
4407,101
4407,20
4407,40
4407,128
4407,162
4407,169
4407,289
4408,42
4408,150
4408,269
4409,4
4409,16
4409,22
4409,36
4409,49
4409,56
4409,60
4409,74
4409,80
4409,99
4410,49
4410,98
4410,116
4410,185
4410,236
4410,156
4410,248
4410,238
4410,209
4410,81
4411,9
4411,18
4411,21
4411,57
4411,64
4411,66
4411,91
4411,215
4411,216
4411,218
4412,21
4412,115
4412,25
4412,54
4412,71
4412,92
4412,97
4412,150
4412,177
4412,198
4413,116
4413,213
4413,42
4413,269
4414,9
4414,18
4414,21
4414,57
4414,64
4414,66
4414,90
4414,91
4414,115
4414,215
4415,159
4415,73
4415,295
4415,118
4415,222
4415,246
4415,260
4416,14
4416,10
4417,24
4417,62
4417,77
4417,87
4417,89
4417,100
4417,112
4417,114
4417,135
4417,170
4417,188
4417,208
4417,229
4417,230
4417,244
4417,245
4417,150
4417,6
4417,159
4417,258
4417,293
4417,42
4417,269
4417,213
4417,148
4417,260
4417,43
4418,42
4418,269
4419,49
4419,62
4419,81
4419,116
4419,150
4419,244
4419,77
4419,87
4419,100
4419,112
4420,1
4420,4
4420,6
4420,12
4420,16
4420,17
4420,22
4420,24
4420,30
4420,49
4421,269
4422,238
4422,209
4422,81
4422,268
4422,4
4422,7
4422,16
4422,24
4422,30
4422,36
4423,54
4423,71
4423,92
4423,97
4423,150
4423,177
4423,42
4423,269
4424,200
4424,105
4425,234
4425,38
4425,61
4425,122
4425,131
4425,141
4425,161
4425,164
4425,214
4425,251
4426,238
4426,81
4426,80
4426,268
4426,4
4426,7
4426,16
4426,24
4426,30
4426,36
4427,150
4427,42
4427,269
4428,18
4428,25
4428,54
4428,71
4428,92
4428,97
4428,150
4428,177
4428,42
4428,269
4429,9
4429,10
4429,18
4429,21
4429,25
4429,32
4429,47
4429,50
4429,57
4429,64
4430,238
4430,209
4430,81
4430,4
4430,7
4430,16
4430,30
4430,36
4430,56
4430,87
4431,91
4431,257
4431,238
4431,209
4431,81
4431,268
4431,62
4431,77
4431,100
4431,112
4432,105
4432,200
4433,101
4433,169
4433,193
4434,49
4434,98
4434,116
4434,185
4434,236
4434,156
4434,248
4434,238
4434,209
4434,81
4435,8
4435,26
4435,31
4435,37
4435,38
4435,41
4435,45
4435,46
4435,61
4435,55
4436,49
4436,116
4436,185
4436,236
4436,156
4436,238
4436,209
4436,81
4436,80
4436,268
4437,18
4437,57
4437,66
4437,91
4437,25
4437,54
4437,97
4437,150
4437,42
4437,269
4438,101
4438,20
4438,162
4438,239
4439,9
4439,21
4439,64
4439,91
4439,215
4439,216
4439,218
4439,257
4439,156
4439,238
4440,49
4440,101
4440,27
4441,9
4441,18
4441,21
4441,57
4441,64
4441,66
4441,90
4441,91
4441,115
4441,215
4442,49
4442,116
4442,185
4442,236
4442,156
4442,248
4442,238
4442,81
4442,80
4442,268
4443,156
4443,238
4443,209
4443,81
4443,80
4443,268
4443,4
4443,7
4443,16
4443,24
4444,10
4444,18
4444,21
4444,28
4444,32
4444,42
4444,47
4444,50
4444,57
4444,68
4445,150
4445,269
4446,49
4446,116
4446,185
4446,236
4446,156
4446,238
4446,81
4446,268
4446,4
4446,7
4447,101
4448,49
4448,98
4448,116
4448,185
4448,236
4448,137
4448,156
4448,248
4448,238
4448,209
4449,8
4449,10
4449,14
4449,32
4449,47
4449,164
4449,174
4449,203
4449,234
4449,279
4450,269
4450,279
4450,25
4450,54
4450,9
4450,10
4450,18
4450,21
4450,28
4450,32
4451,49
4451,156
4451,238
4451,81
4451,80
4451,268
4451,4
4451,16
4451,24
4451,30
4452,238
4452,209
4452,159
4453,18
4453,57
4453,91
4453,25
4453,54
4453,92
4453,97
4453,150
4453,177
4453,42
4454,28
4454,32
4455,49
4455,116
4455,156
4455,42
4455,269
4455,213
4455,121
4456,150
4457,14
4457,200
4457,101
4457,27
4457,40
4457,105
4457,128
4457,162
4457,169
4457,239
4458,150
4458,269
4459,49
4459,156
4459,238
4459,209
4459,81
4459,4
4459,7
4459,16
4459,36
4459,56
4460,49
4460,156
4460,238
4460,209
4460,81
4460,4
4460,30
4460,36
4460,56
4460,89
4461,14
4461,200
4461,231
4461,105
4461,254
4462,4
4462,6
4462,8
4462,9
4462,10
4462,12
4462,14
4462,16
4462,17
4462,18
4463,49
4463,116
4463,185
4463,236
4463,248
4463,238
4463,81
4463,80
4463,268
4463,4
4464,49
4464,238
4464,209
4464,81
4464,80
4464,268
4464,4
4464,16
4464,24
4464,30
4465,153
4465,269
4466,9
4466,10
4466,18
4466,21
4466,25
4466,28
4466,32
4466,42
4466,50
4466,54
4467,9
4467,18
4467,21
4467,57
4467,64
4467,66
4467,91
4467,215
4467,216
4467,218
4468,68
4469,150
4469,42
4469,269
4470,49
4470,116
4470,248
4470,54
4470,150
4470,269
4470,14
4470,79
4470,147
4470,78
4471,9
4471,18
4471,21
4471,25
4471,32
4471,42
4471,50
4471,57
4471,64
4471,66
4472,150
4472,42
4472,269
4473,18
4473,57
4473,66
4473,115
4473,25
4473,54
4473,71
4473,92
4473,97
4473,150
4474,149
4475,9
4475,18
4475,21
4475,57
4475,64
4475,91
4475,215
4475,216
4475,218
4475,257
4476,101
4476,193
4477,269
4477,25
4477,54
4477,9
4477,18
4477,21
4477,42
4477,50
4477,57
4477,64
4478,238
4478,209
4478,81
4478,268
4478,4
4478,24
4478,36
4478,56
4478,77
4478,87
4479,49
4479,116
4479,185
4479,236
4479,156
4479,248
4479,238
4479,81
4479,80
4479,268
4480,49
4480,98
4480,116
4480,185
4480,236
4480,156
4480,238
4480,209
4480,81
4480,80
4481,49
4481,156
4481,238
4481,209
4481,81
4481,80
4481,268
4481,4
4481,7
4481,16
4482,9
4482,10
4482,18
4482,21
4482,25
4482,28
4482,32
4482,42
4482,47
4482,50
4483,269
4484,9
4484,18
4484,21
4484,57
4484,64
4484,66
4484,90
4484,91
4484,115
4484,215
4485,206
4486,92
4486,97
4486,177
4486,269
4486,42
4486,150
4487,200
4487,106
4487,104
4488,14
4488,200
4488,105
4489,14
4490,54
4490,71
4490,92
4490,97
4490,150
4490,177
4490,42
4490,269
4490,50
4491,101
4491,20
4491,40
4491,162
4491,169
4492,150
4492,269
4493,234
4493,8
4493,31
4493,61
4493,63
4493,73
4493,76
4493,122
4493,141
4493,161
4494,14
4494,200
4494,174
4494,79
4494,256
4494,284
4494,105
4495,10
4495,14
4495,47
4495,234
4495,32
4495,139
4495,161
4495,164
4495,174
4495,279
4496,42
4496,269
4496,150
4496,68
4497,150
4497,42
4497,269
4498,18
4498,47
4498,57
4498,64
4498,66
4498,68
4498,97
4498,150
4498,203
4498,215
4499,18
4499,57
4499,64
4499,66
4499,90
4499,91
4499,115
4499,215
4499,216
4499,218
4500,174
4501,24
4501,60
4501,81
4501,112
4501,170
4501,212
4501,268
4501,62
4501,87
4501,244
4502,25
4502,54
4502,71
4502,92
4502,97
4502,150
4502,177
4502,198
4502,42
4502,269
4503,18
4503,21
4503,57
4503,66
4503,115
4503,257
4503,49
4503,98
4503,116
4503,156
4504,150
4504,269
4505,10
4505,28
4505,32
4505,201
4505,279
4506,68
4506,203
4507,238
4507,209
4507,81
4507,80
4507,268
4507,4
4507,16
4507,24
4507,30
4507,36
4508,150
4508,42
4508,269
4509,42
4509,150
4509,269
4510,168
4511,42
4511,269
4512,4
4512,6
4512,12
4512,26
4512,31
4512,36
4512,37
4512,38
4512,41
4512,46
4513,40
4513,49
4513,162
4513,253
4513,289
4513,128
4513,10
4514,10
4514,28
4514,32
4514,201
4515,32
4515,95
4515,241
4515,285
4516,14
4517,101
4517,20
4517,40
4517,128
4517,162
4517,169
4517,239
4517,253
4517,289
4517,193
4518,257
4518,25
4518,54
4518,71
4518,92
4518,97
4518,150
4518,177
4518,198
4518,68
4519,71
4519,92
4519,97
4519,150
4519,177
4520,54
4520,71
4520,92
4520,97
4520,150
4520,177
4520,25
4521,10
4521,47
4521,14
4521,174
4522,49
4522,98
4522,116
4522,185
4522,236
4522,156
4522,248
4522,238
4522,209
4522,81
4523,14
4523,20
4523,32
4523,47
4523,49
4523,50
4523,52
4523,54
4523,79
4523,101
4524,116
4524,77
4524,100
4524,188
4524,42
4524,269
4524,213
4525,9
4525,21
4525,64
4525,66
4525,90
4525,91
4525,115
4525,215
4525,216
4525,218
4526,68
4527,47
4527,10
4527,32
4527,201
4527,279
4528,269
4529,269
4529,25
4529,54
4529,18
4529,42
4529,57
4529,71
4529,92
4529,97
4529,150
4530,10
4530,28
4530,32
4530,201
4531,42
4531,269
4532,105
4533,49
4533,156
4533,238
4533,209
4533,81
4533,4
4533,16
4533,24
4533,30
4533,36
4534,150
4534,42
4534,269
4535,9
4535,18
4535,21
4535,57
4535,64
4535,66
4535,91
4535,115
4535,215
4535,216
4536,9
4536,18
4536,21
4536,57
4536,64
4536,66
4536,90
4536,91
4536,215
4536,216
4537,150
4537,42
4537,269
4538,101
4539,47
4539,10
4540,54
4540,71
4540,92
4540,97
4540,150
4540,177
4540,269
4540,25
4540,42
4541,42
4541,92
4541,150
4541,269
4542,101
4542,20
4542,27
4542,143
4542,162
4542,169
4542,239
4542,110
4542,191
4542,193
4543,234
4543,8
4543,26
4543,31
4543,37
4543,38
4543,41
4543,45
4543,46
4543,61
4544,213
4544,269
4544,110
4544,147
4544,78
4544,195
4544,206
4544,222
4544,240
4544,295
4545,10
4545,32
4545,47
4545,279
4546,14
4547,9
4547,18
4547,21
4547,57
4547,64
4547,91
4547,215
4547,216
4547,218
4547,257
4548,49
4548,116
4548,185
4548,236
4548,156
4548,248
4548,238
4548,209
4548,81
4548,268
4549,18
4549,57
4549,42
4549,269
4550,47
4550,10
4550,28
4550,32
4550,201
4550,203
4550,279
4551,14
4552,71
4552,92
4552,97
4552,150
4552,177
4553,54
4553,92
4553,97
4553,150
4553,177
4553,198
4553,42
4553,269
4554,49
4554,98
4554,116
4554,185
4554,236
4554,248
4554,213
4554,101
4554,20
4554,142
4555,91
4555,238
4555,209
4555,81
4555,268
4555,62
4555,112
4555,54
4555,150
4555,198
4556,9
4556,21
4556,57
4556,64
4556,66
4556,90
4556,91
4556,115
4556,215
4556,216
4557,49
4557,116
4557,185
4557,236
4557,156
4557,238
4557,81
4557,80
4557,4
4557,16
4558,49
4558,116
4558,185
4558,236
4558,150
4558,42
4558,269
4558,213
4559,49
4559,98
4559,116
4559,185
4559,156
4559,81
4559,80
4559,268
4559,16
4559,24
4560,54
4560,71
4560,92
4560,150
4560,97
4560,177
4561,269
4562,49
4562,101
4562,20
4562,27
4562,35
4562,40
4562,105
4562,128
4562,142
4562,162
4563,49
4563,116
4563,185
4563,236
4563,156
4563,213
4564,25
4564,54
4564,92
4564,97
4564,150
4564,177
4564,198
4564,68
4564,10
4564,28
4565,100
4565,42
4565,269
4566,238
4566,209
4566,81
4566,268
4566,4
4566,16
4566,24
4566,30
4566,36
4566,56
4567,269
4567,279
4567,10
4567,25
4567,28
4567,32
4567,50
4567,54
4567,57
4567,68
4568,49
4568,116
4568,236
4568,248
4568,78
4568,195
4568,101
4568,20
4568,27
4568,35
4569,101
4569,20
4569,27
4569,40
4569,128
4569,162
4569,169
4569,253
4569,289
4569,110
4570,234
4570,31
4570,164
4571,41
4571,46
4571,76
4571,85
4571,93
4571,94
4571,122
4571,144
4571,148
4571,180
4572,42
4572,269
4572,18
4572,50
4572,57
4572,68
4572,92
4572,150
4572,203
4573,68
4573,28
4573,50
4573,203
4573,285
4574,49
4574,185
4574,236
4574,213
4574,101
4574,20
4574,27
4574,35
4574,40
4574,105
4575,174
4576,198
4576,68
4576,28
4576,32
4576,50
4576,95
4576,203
4576,241
4576,285
4577,42
4577,54
4577,71
4577,92
4577,97
4577,150
4577,269
4577,285
4577,9
4577,21
4578,238
4578,209
4578,81
4578,36
4578,56
4578,89
4578,114
4578,145
4578,158
4578,224
4579,238
4579,4
4579,16
4579,30
4579,36
4579,56
4579,74
4579,87
4579,89
4579,99
4580,49
4580,238
4580,209
4580,81
4580,4
4580,16
4580,24
4580,30
4580,36
4580,56
4581,49
4582,9
4582,21
4582,57
4582,64
4582,66
4582,90
4582,91
4582,215
4582,216
4582,218
4583,80
4583,268
4583,62
4583,74
4583,77
4583,87
4583,100
4583,112
4583,129
4583,188
4584,150
4584,42
4584,269
4585,9
4585,18
4585,21
4585,57
4585,64
4585,66
4585,91
4585,215
4585,216
4585,218
4586,49
4586,98
4586,248
4586,238
4586,209
4586,81
4586,80
4586,268
4586,4
4586,16
4587,257
4587,54
4587,177
4587,198
4587,68
4587,47
4587,10
4587,28
4587,32
4587,50
4588,42
4588,269
4589,42
4589,269
4590,25
4590,54
4590,71
4590,92
4590,97
4590,150
4590,177
4590,198
4590,42
4590,269
4591,116
4591,150
4591,42
4591,269
4591,213
4592,18
4592,57
4592,25
4592,54
4592,71
4592,92
4592,97
4592,150
4592,177
4592,42
4593,49
4593,116
4593,248
4593,150
4593,42
4593,269
4593,14
4593,174
4593,147
4593,78
4594,32
4595,105
4596,18
4596,25
4596,54
4596,71
4596,92
4596,150
4596,42
4596,269
4597,32
4597,50
4597,95
4597,241
4597,285
4598,105
4599,57
4600,238
4600,209
4600,81
4600,80
4600,268
4600,4
4600,7
4600,16
4600,24
4600,30
4601,150
4601,269
4602,49
4602,156
4602,238
4602,209
4602,81
4602,80
4602,4
4602,16
4602,24
4602,30
4603,116
4603,236
4603,54
4603,150
4603,42
4603,269
4603,213
4603,14
4603,174
4603,79
4604,150
4604,42
4604,269
4605,269
4605,42
4605,150
4606,66
4606,257
4606,25
4606,54
4606,71
4606,92
4606,97
4606,150
4606,177
4606,198
4607,9
4607,18
4607,21
4607,57
4607,64
4607,66
4607,91
4607,115
4607,215
4607,216
4608,238
4608,209
4608,81
4608,80
4608,268
4608,4
4608,16
4608,24
4608,30
4608,36
4609,9
4609,18
4609,21
4609,57
4609,64
4609,215
4609,216
4609,218
4609,257
4609,25
4610,42
4610,269
4611,14
4611,174
4611,47
4611,10
4611,32
4611,279
4611,234
4611,164
4612,8
4612,38
4612,61
4612,73
4612,76
4612,122
4612,141
4612,161
4612,164
4612,214
4613,115
4614,150
4614,42
4614,269
4615,42
4615,115
4615,269
4615,54
4615,177
4615,18
4615,25
4615,50
4615,57
4615,66
4616,8
4616,50
4616,61
4616,68
4616,164
4616,203
4616,234
4616,32
4616,42
4616,53
4617,9
4617,10
4617,18
4617,21
4617,25
4617,32
4617,42
4617,50
4617,54
4617,57
4618,42
4618,49
4618,116
4618,236
4618,150
4618,213
4618,248
4618,269
4618,206
4619,101
4620,150
4620,42
4620,269
4621,54
4621,71
4621,92
4621,97
4621,150
4621,177
4621,42
4621,269
4621,47
4621,10
4622,32
4623,64
4624,54
4624,71
4624,92
4624,97
4624,150
4624,177
4624,198
4624,68
4624,28
4624,50
4625,8
4625,31
4625,38
4625,53
4625,61
4625,83
4625,122
4625,131
4625,141
4625,161
4626,49
4626,156
4626,238
4626,209
4626,81
4626,80
4626,268
4626,4
4626,7
4626,16
4627,150
4627,269
4628,269
4629,28
4629,32
4629,50
4629,54
4629,68
4629,95
4629,198
4629,203
4629,241
4629,257
4630,150
4630,269
4631,9
4631,18
4631,21
4631,57
4631,64
4631,66
4631,90
4631,91
4631,115
4631,215
4632,150
4632,42
4632,269
4633,18
4633,57
4633,25
4633,54
4633,71
4633,92
4633,97
4633,150
4633,177
4633,198
4634,49
4634,238
4634,209
4634,81
4634,268
4634,4
4634,7
4634,16
4634,24
4634,30
4635,49
4635,98
4635,116
4635,185
4635,236
4635,156
4635,248
4635,213
4635,101
4635,20
4636,49
4636,98
4636,116
4636,185
4636,236
4636,156
4636,248
4636,213
4636,101
4636,20
4637,101
4638,18
4638,57
4638,66
4638,91
4638,257
4638,25
4638,54
4638,71
4638,92
4638,97
4639,21
4639,150
4639,14
4639,174
4639,68
4639,47
4639,10
4639,32
4639,203
4639,279
4640,150
4640,269
4641,238
4641,209
4641,81
4641,80
4641,268
4641,4
4641,7
4641,16
4641,24
4641,30
4642,257
4642,25
4642,54
4642,71
4642,92
4642,97
4642,150
4642,177
4642,198
4642,269
4643,70
4643,159
4643,293
4643,101
4643,239
4643,72
4643,26
4643,37
4643,41
4643,52
4644,18
4644,21
4644,57
4644,115
4644,25
4644,54
4644,92
4644,97
4644,150
4644,177
4645,68
4645,32
4645,50
4645,95
4645,203
4645,241
4645,285
4646,234
4646,8
4646,31
4646,131
4646,141
4646,161
4646,164
4646,296
4646,297
4647,101
4647,169
4647,193
4648,49
4648,81
4648,80
4648,4
4648,16
4648,30
4648,36
4648,56
4648,62
4648,74
4649,150
4649,42
4649,269
4649,10
4649,203
4650,150
4650,42
4650,269
4651,101
4651,20
4651,40
4651,128
4651,162
4651,169
4652,49
4652,101
4652,169
4652,1
4652,121
4652,126
4652,193
4652,249
4652,262
4652,283
4653,10
4653,25
4653,28
4653,32
4653,47
4653,50
4653,68
4653,92
4653,95
4653,97
4654,18
4654,57
4654,25
4654,71
4654,92
4654,97
4654,150
4654,42
4654,269
4655,150
4655,42
4655,269
4656,42
4656,269
4656,92
4656,150
4657,150
4657,269
4658,257
4658,54
4658,198
4658,68
4658,28
4658,32
4658,50
4658,95
4658,203
4658,241
4659,20
4659,27
4659,40
4659,101
4659,105
4659,128
4659,142
4659,162
4659,169
4659,193
4660,234
4660,61
4660,122
4660,131
4660,141
4660,161
4660,164
4660,214
4660,237
4660,240
4661,238
4661,209
4661,81
4661,80
4661,268
4661,4
4661,7
4661,16
4661,24
4661,30
4662,49
4662,116
4662,185
4662,236
4662,156
4662,238
4662,81
4662,80
4662,268
4662,16
4663,57
4663,25
4663,54
4663,71
4663,92
4663,97
4663,150
4663,177
4663,198
4663,42
4664,150
4664,42
4664,269
4665,18
4665,57
4665,66
4665,115
4665,25
4665,54
4665,71
4665,92
4665,97
4665,150
4666,49
4666,98
4666,116
4666,185
4666,236
4666,137
4666,156
4666,248
4666,238
4666,209
4667,25
4667,54
4667,71
4667,92
4667,97
4667,150
4667,177
4667,198
4667,42
4667,269
4668,49
4668,98
4668,101
4668,20
4668,40
4668,128
4668,162
4668,169
4668,239
4668,253
4669,68
4669,47
4669,10
4669,28
4669,32
4669,50
4669,201
4669,203
4669,279
4669,285
4670,54
4670,71
4670,92
4670,97
4670,150
4670,177
4671,54
4671,71
4671,92
4671,97
4671,150
4671,177
4671,42
4671,269
4672,25
4672,28
4672,32
4672,50
4672,54
4672,68
4672,71
4672,92
4672,95
4672,97
4673,25
4673,28
4673,50
4673,68
4673,92
4673,97
4673,150
4673,177
4673,203
4673,285
4674,47
4674,50
4674,68
4674,203
4675,150
4675,42
4675,269
4676,49
4676,116
4676,185
4676,236
4676,156
4676,238
4676,81
4676,80
4676,4
4676,16
4677,68
4677,28
4677,32
4677,50
4677,95
4677,201
4677,203
4677,241
4677,285
4678,269
4678,25
4678,54
4678,91
4678,115
4678,279
4678,9
4678,10
4678,18
4678,21
4679,49
4679,98
4679,116
4679,185
4679,236
4679,137
4679,248
4679,238
4679,209
4679,81
4680,25
4680,54
4680,71
4680,92
4680,97
4680,150
4680,177
4680,198
4680,68
4680,10
4681,49
4681,101
4681,20
4681,27
4681,40
4681,105
4681,128
4681,162
4681,169
4681,253
4682,150
4682,274
4683,25
4683,54
4683,71
4683,92
4683,97
4683,150
4683,177
4683,198
4683,42
4683,269
4684,71
4684,92
4684,97
4684,150
4684,42
4684,269
4685,257
4685,50
4685,285
4686,49
4686,156
4686,4
4686,16
4686,36
4686,56
4686,89
4686,99
4686,114
4686,145
4687,42
4687,269
4688,49
4688,98
4688,236
4688,156
4688,248
4688,238
4688,209
4688,81
4688,80
4688,268
4689,57
4689,150
4689,42
4689,269
4690,257
4690,198
4690,68
4690,47
4690,10
4690,28
4690,32
4690,50
4690,95
4690,201
4691,42
4691,269
4691,54
4691,115
4691,177
4691,9
4691,18
4691,21
4691,25
4691,28
4692,238
4692,209
4692,81
4692,4
4692,36
4692,56
4692,89
4692,114
4692,145
4692,158
4693,101
4693,1
4693,110
4693,111
4693,125
4693,193
4693,222
4694,9
4694,21
4694,57
4694,64
4694,215
4694,216
4694,218
4694,116
4694,81
4694,80
4695,49
4695,116
4695,185
4695,236
4695,238
4695,81
4695,80
4695,268
4695,24
4695,62
4696,16
4696,36
4696,56
4696,89
4696,158
4696,212
4696,224
4696,154
4696,213
4696,266
4697,92
4697,150
4697,42
4697,269
4698,10
4698,28
4698,32
4698,201
4698,279
4699,47
4699,50
4699,68
4699,203
4699,198
4700,9
4700,18
4700,21
4700,57
4700,64
4700,66
4700,90
4700,91
4700,215
4700,216
4701,9
4701,18
4701,21
4701,57
4701,64
4701,66
4701,90
4701,91
4701,115
4701,215
4702,71
4702,150
4702,68
4702,50
4702,203
4703,234
4703,8
4703,31
4703,131
4703,164
4703,297
4704,101
4704,20
4704,35
4704,40
4704,105
4704,128
4704,142
4704,162
4704,169
4704,206
4705,9
4705,18
4705,21
4705,57
4705,64
4705,66
4705,90
4705,91
4705,115
4705,215
4706,150
4706,269
4706,42
4707,9
4707,18
4707,21
4707,57
4707,64
4707,66
4707,115
4707,215
4707,216
4707,218
4708,49
4708,116
4708,236
4708,248
4708,150
4708,42
4708,269
4708,213
4708,147
4708,78
4709,177
4709,198
4709,68
4709,28
4709,32
4709,50
4709,95
4709,203
4709,241
4709,285
4710,101
4710,27
4710,162
4711,97
4711,150
4711,177
4711,68
4711,32
4711,50
4711,95
4711,241
4711,285
4712,8
4712,26
4712,31
4712,37
4712,38
4712,41
4712,45
4712,46
4712,53
4712,61
4713,68
4713,47
4713,50
4713,203
4714,47
4714,10
4714,279
4715,25
4715,54
4715,71
4715,92
4715,97
4715,150
4715,177
4715,198
4715,42
4715,269
4715,50
4715,285
4716,49
4716,98
4716,116
4716,185
4716,236
4716,156
4716,248
4716,238
4716,209
4716,81
4717,269
4718,174
4718,14
4718,10
4719,72
4719,234
4719,8
4719,26
4719,31
4719,37
4719,38
4719,41
4719,45
4719,46
4720,101
4720,169
4720,193
4721,257
4721,25
4721,54
4721,71
4721,92
4721,97
4721,150
4721,177
4721,198
4721,42
4722,49
4722,116
4722,185
4722,236
4722,156
4722,248
4722,213
4723,42
4723,150
4723,269
4724,49
4724,101
4724,20
4724,40
4724,128
4724,162
4724,169
4724,253
4724,289
4725,101
4726,49
4726,116
4726,185
4726,236
4726,150
4726,42
4726,269
4726,213
4727,9
4727,18
4727,21
4727,25
4727,57
4727,64
4727,66
4727,91
4727,150
4727,198
4728,18
4728,150
4728,42
4728,269
4729,18
4729,50
4729,57
4729,68
4729,71
4729,92
4729,97
4729,150
4729,177
4729,198
4730,25
4730,50
4730,54
4730,71
4730,92
4730,97
4730,150
4730,177
4730,198
4730,269
4731,234
4731,8
4731,26
4731,31
4731,37
4731,38
4731,41
4731,45
4731,46
4731,61
4732,174
4733,269
4734,49
4734,116
4734,248
4734,101
4734,20
4734,40
4734,105
4734,128
4734,142
4734,162
4735,49
4735,156
4735,238
4735,36
4735,89
4735,212
4735,6
4735,159
4735,258
4735,213
4736,57
4736,66
4736,115
4736,25
4736,54
4736,97
4736,150
4736,198
4736,269
4736,47
4737,9
4737,18
4737,21
4737,57
4737,64
4737,66
4737,115
4737,215
4737,216
4737,218
4738,49
4738,101
4738,20
4738,40
4738,128
4738,162
4738,169
4738,253
4738,289
4738,234
4739,72
4739,234
4739,8
4739,31
4739,38
4739,41
4739,45
4739,53
4739,61
4739,55
4740,213
4740,269
4740,42
4740,116
4741,49
4741,238
4741,209
4741,81
4741,268
4741,4
4741,24
4741,30
4741,36
4741,56
4742,49
4742,248
4742,200
4742,101
4742,20
4742,27
4742,40
4742,105
4742,128
4742,142
4743,20
4743,40
4743,101
4743,105
4743,128
4743,162
4743,253
4743,289
4743,142
4744,49
4744,156
4744,209
4744,81
4744,4
4744,16
4744,24
4744,30
4744,36
4744,56
4745,25
4745,71
4745,92
4745,97
4745,150
4745,177
4745,269
4746,25
4746,50
4746,54
4746,92
4746,97
4746,150
4746,177
4746,198
4746,285
4747,21
4747,49
4747,98
4747,116
4747,236
4747,156
4747,248
4747,238
4747,209
4747,81
4748,8
4748,9
4748,10
4748,18
4748,21
4748,26
4748,32
4748,41
4748,42
4748,50
4749,68
4749,203
4750,25
4750,54
4750,92
4750,97
4750,150
4750,177
4750,198
4750,68
4750,10
4750,28
4751,42
4751,269
4752,14
4752,105
4752,200
4753,14
4753,20
4753,35
4753,40
4753,73
4753,79
4753,101
4753,105
4753,128
4753,142
4754,257
4754,68
4754,28
4754,32
4754,50
4754,95
4754,203
4754,241
4754,285
4755,10
4755,28
4755,32
4755,201
4755,203
4755,279
4756,25
4756,54
4756,71
4756,92
4756,97
4756,150
4756,177
4756,198
4756,42
4756,269
4757,49
4757,248
4757,101
4757,20
4757,35
4757,40
4757,105
4757,128
4757,142
4757,162
4758,150
4758,269
4759,49
4759,116
4759,185
4759,236
4759,80
4759,24
4759,62
4759,188
4759,244
4759,150
4760,90
4760,257
4760,25
4760,54
4760,71
4760,92
4760,97
4760,150
4760,177
4760,198
4761,9
4761,18
4761,21
4761,57
4761,64
4761,66
4761,91
4761,215
4761,216
4761,218
4762,18
4762,25
4762,54
4762,71
4762,92
4762,97
4762,150
4762,177
4762,198
4762,42
4763,238
4763,81
4763,80
4763,268
4763,4
4763,16
4763,24
4763,30
4763,36
4763,56
4764,25
4764,54
4764,71
4764,92
4764,97
4764,150
4764,177
4764,198
4764,68
4764,50
4765,49
4765,248
4765,101
4765,27
4765,35
4765,40
4765,105
4765,128
4765,142
4765,162
4766,49
4766,98
4766,116
4766,185
4766,236
4766,248
4766,238
4766,81
4766,80
4766,268
4767,269
4767,25
4767,54
4767,279
4767,91
4767,9
4767,10
4767,18
4767,21
4767,28
4768,28
4769,9
4769,18
4769,21
4769,57
4769,64
4769,66
4769,91
4769,115
4769,215
4769,216
4770,49
4770,156
4770,80
4770,188
4770,244
4770,42
4770,269
4770,213
4770,121
4771,49
4771,116
4771,185
4771,236
4771,156
4771,213
4771,121
4771,248
4772,25
4772,54
4772,92
4772,97
4772,150
4772,177
4772,198
4773,257
4773,25
4773,54
4773,71
4773,92
4773,97
4773,150
4773,177
4773,198
4773,68
4774,150
4774,269
4775,9
4775,18
4775,21
4775,57
4775,64
4775,66
4775,90
4775,91
4775,115
4775,215
4776,9
4776,18
4776,21
4776,57
4776,64
4776,66
4776,90
4776,91
4776,115
4776,215
4777,257
4777,25
4777,54
4777,71
4777,92
4777,97
4777,150
4777,177
4777,198
4777,42
4778,49
4778,156
4778,238
4778,81
4778,4
4778,7
4778,16
4778,30
4778,36
4778,56
4779,28
4779,32
4779,50
4779,68
4779,95
4779,203
4779,241
4779,257
4779,285
4780,18
4780,57
4780,66
4780,115
4780,25
4780,71
4780,150
4780,198
4780,42
4780,269
4781,150
4781,42
4781,269
4782,9
4782,18
4782,21
4782,57
4782,64
4782,66
4782,90
4782,91
4782,115
4782,215
4783,57
4783,66
4783,115
4783,25
4783,54
4783,71
4783,92
4783,97
4783,150
4783,177
4784,18
4784,57
4784,66
4784,91
4784,115
4784,25
4784,54
4784,92
4784,97
4784,150
4785,9
4785,18
4785,21
4785,57
4785,64
4785,66
4785,90
4785,91
4785,115
4785,215
4786,234
4786,8
4786,31
4786,38
4786,41
4786,45
4786,46
4786,61
4786,73
4786,76
4787,18
4787,92
4787,150
4787,42
4787,269
4788,238
4788,209
4788,81
4788,268
4788,4
4788,7
4788,16
4788,24
4788,30
4788,36
4789,10
4789,32
4789,202
4790,18
4790,57
4790,66
4790,25
4790,54
4790,71
4790,92
4790,97
4790,150
4790,42
4791,49
4791,116
4791,156
4791,238
4791,209
4791,81
4791,80
4791,268
4791,4
4791,16
4792,257
4792,25
4792,54
4792,92
4792,97
4792,150
4792,177
4792,198
4792,68
4792,47
4793,4
4793,6
4793,8
4793,9
4793,10
4793,12
4793,16
4793,17
4793,18
4793,21
4794,238
4794,209
4794,81
4794,80
4794,268
4794,4
4794,16
4794,24
4794,30
4794,36
4795,10
4795,32
4795,279
4795,234
4795,8
4795,161
4795,164
4796,9
4796,18
4796,21
4796,57
4796,64
4796,66
4796,90
4796,91
4796,115
4796,215
4797,49
4797,238
4797,209
4797,81
4797,56
4797,114
4797,159
4797,258
4797,213
4797,266
4798,72
4798,234
4798,8
4798,26
4798,31
4798,37
4798,38
4798,41
4798,45
4798,46
4799,18
4799,57
4799,66
4799,91
4799,25
4799,54
4799,71
4799,92
4799,97
4799,150
4800,238
4800,209
4800,81
4800,80
4800,268
4800,24
4800,62
4800,74
4800,77
4800,87
4801,42
4801,269
4802,150
4802,269
4803,49
4803,185
4803,236
4803,156
4803,238
4803,209
4803,81
4803,4
4803,16
4803,24
4804,150
4805,234
4805,8
4805,31
4805,73
4805,76
4805,122
4805,131
4805,164
4805,232
4805,237
4806,50
4806,285
4807,101
4807,20
4807,27
4807,169
4807,239
4807,193
4808,18
4808,57
4808,92
4808,150
4808,42
4808,269
4809,116
4809,80
4809,74
4809,129
4809,135
4809,188
4809,208
4809,244
4809,269
4809,213
4810,28
4810,32
4810,54
4810,68
4810,95
4810,198
4810,203
4810,241
4810,257
4810,285
4811,42
4811,269
4812,57
4812,66
4812,115
4812,25
4812,54
4812,71
4812,92
4812,97
4812,150
4812,177
4813,18
4813,49
4813,116
4813,236
4813,248
4813,71
4813,92
4813,97
4813,150
4813,42
4814,101
4814,20
4814,27
4814,40
4814,162
4814,239
4814,253
4814,289
4814,193
4815,49
4815,156
4815,238
4815,209
4815,81
4815,80
4815,268
4815,4
4815,16
4815,24
4816,49
4816,116
4816,185
4816,236
4816,156
4816,80
4816,30
4816,36
4816,56
4816,74
4817,10
4817,25
4817,28
4817,32
4817,50
4817,54
4817,68
4817,71
4817,92
4817,95
4818,18
4818,57
4818,25
4818,54
4818,71
4818,92
4818,97
4818,150
4818,42
4818,269
4819,18
4819,57
4819,66
4819,91
4819,25
4819,54
4819,71
4819,92
4819,97
4819,150
4820,9
4820,18
4820,21
4820,57
4820,64
4820,66
4820,90
4820,91
4820,115
4820,215
4821,6
4821,70
4821,133
4821,159
4821,258
4821,293
4821,46
4821,73
4821,144
4821,148
4822,49
4822,98
4822,116
4822,185
4822,236
4822,156
4822,248
4822,238
4822,209
4822,81
4823,47
4823,10
4824,9
4824,18
4824,21
4824,57
4824,64
4824,66
4824,90
4824,91
4824,115
4824,215
4825,54
4825,71
4825,92
4825,97
4825,150
4825,177
4825,42
4825,269
4825,50
4826,9
4826,18
4826,21
4826,57
4826,64
4826,66
4826,215
4826,216
4826,218
4826,257
4827,101
4827,27
4827,128
4827,162
4827,169
4827,253
4827,289
4827,121
4827,193
4828,54
4828,92
4828,97
4828,150
4828,177
4828,198
4828,68
4828,28
4828,32
4828,50
4829,18
4829,57
4830,49
4830,98
4830,116
4830,185
4830,236
4830,248
4830,150
4830,42
4830,269
4830,213
4831,25
4831,71
4831,92
4831,97
4831,150
4831,178
4831,167
4832,238
4832,209
4832,81
4832,4
4832,16
4832,30
4832,36
4832,56
4832,87
4832,89
4833,71
4833,92
4833,97
4833,150
4833,177
4833,269
4834,238
4834,81
4834,4
4834,16
4834,24
4834,30
4834,36
4834,56
4834,74
4834,87
4835,213
4835,42
4835,269
4835,24
4835,60
4835,62
4835,77
4835,80
4835,81
4835,87
4836,49
4836,156
4836,238
4836,81
4836,80
4836,16
4836,30
4836,36
4836,56
4836,74
4837,10
4837,28
4837,32
4837,50
4837,201
4837,279
4837,285
4838,49
4838,116
4838,185
4838,236
4838,248
4838,213
4838,206
4839,150
4839,42
4839,269
4840,49
4840,98
4840,116
4840,185
4840,236
4840,156
4840,248
4840,238
4840,209
4840,81
4841,239
4842,213
4842,101
4842,239
4842,240
4842,1
4842,12
4842,17
4842,86
4842,110
4842,111
4843,25
4843,71
4843,92
4843,97
4843,150
4843,177
4844,116
4844,150
4844,42
4844,269
4844,213
4845,238
4845,209
4845,81
4845,268
4845,4
4845,7
4845,16
4845,30
4845,36
4845,56
4846,10
4846,28
4846,32
4846,201
4847,49
4847,156
4847,70
4847,101
4847,295
4847,1
4847,19
4847,110
4847,111
4847,113
4848,234
4848,31
4848,61
4848,73
4848,76
4848,122
4848,131
4848,141
4848,161
4848,237
4849,238
4849,209
4849,81
4849,268
4849,112
4849,150
4849,269
4849,47
4849,32
4849,95
4850,28
4850,32
4850,203
4851,49
4851,98
4851,116
4851,185
4851,236
4851,248
4851,213
4852,9
4852,18
4852,21
4852,57
4852,64
4852,66
4852,91
4852,215
4852,216
4852,218
4853,150
4853,269
4854,47
4854,10
4854,28
4854,32
4854,201
4854,203
4854,279
4855,9
4855,21
4855,57
4855,116
4855,25
4855,54
4855,71
4855,92
4855,97
4855,150
4856,49
4856,156
4856,238
4856,209
4856,81
4856,80
4856,268
4856,4
4856,7
4856,16
4857,9
4857,18
4857,238
4857,209
4857,81
4857,150
4857,6
4857,159
4857,293
4857,42
4858,257
4858,32
4858,50
4858,95
4858,241
4858,285
4859,49
4859,238
4859,209
4859,4
4859,30
4859,36
4859,56
4859,89
4859,114
4859,145
4860,6
4860,70
4860,133
4860,159
4860,258
4860,293
4860,37
4860,46
4860,63
4860,73
4861,269
4862,150
4862,269
4863,257
4863,25
4863,54
4863,71
4863,92
4863,97
4863,150
4863,177
4863,198
4863,68
4864,49
4864,4
4864,30
4864,36
4864,212
4864,70
4864,213
4864,266
4864,101
4864,63
4865,150
4865,42
4865,269
4866,200
4866,35
4866,105
4866,142
4866,162
4866,253
4866,72
4866,234
4866,8
4866,26
4867,257
4867,54
4867,177
4867,198
4867,68
4867,10
4867,28
4867,32
4867,50
4867,95
4868,49
4868,98
4868,116
4868,185
4868,236
4868,156
4868,248
4868,238
4868,209
4868,81
4869,149
4870,42
4870,92
4870,269
4870,150
4870,268
4871,7
4871,16
4871,42
4871,49
4871,80
4871,81
4871,87
4871,100
4871,114
4871,116
4872,6
4872,7
4872,16
4872,17
4872,22
4872,24
4872,36
4872,56
4872,59
4872,60
4873,150
4873,269
4874,18
4874,25
4874,42
4874,50
4874,54
4874,57
4874,66
4874,68
4874,71
4874,92
4875,42
4875,25
4875,54
4875,57
4875,177
4875,198
4875,71
4875,92
4875,97
4875,150
4876,42
4876,150
4876,269
4877,6
4877,16
4877,17
4877,24
4877,30
4877,36
4877,56
4877,60
4877,62
4877,70
4878,7
4878,16
4878,17
4878,22
4878,24
4878,30
4878,36
4878,56
4878,59
4878,60
4879,8
4879,31
4879,61
4879,243
4879,122
4879,131
4879,234
4879,296
4880,32
4880,95
4880,241
4880,285
4881,40
4881,105
4881,128
4881,162
4881,253
4881,289
4882,22
4882,24
4882,49
4882,62
4882,74
4882,77
4882,80
4882,81
4882,87
4882,100
4883,8
4883,38
4883,41
4883,45
4883,53
4883,61
4883,55
4883,72
4883,83
4883,88
4884,150
4884,269
4885,49
4885,116
4885,213
4886,14
4887,8
4887,38
4887,41
4887,45
4887,53
4887,61
4887,55
4887,72
4887,76
4887,83
4888,6
4888,27
4888,56
4888,59
4888,70
4888,73
4888,76
4888,81
4888,89
4888,101
4889,200
4890,6
4890,7
4890,16
4890,17
4890,22
4890,24
4890,36
4890,56
4890,59
4890,60
4891,80
4891,213
4891,266
4891,22
4891,49
4891,121
4891,135
4891,156
4891,188
4891,244
4892,42
4892,269
4893,27
4893,49
4893,98
4893,101
4893,116
4893,121
4893,236
4893,185
4893,156
4893,162
4894,66
4894,115
4895,7
4895,16
4895,22
4895,36
4895,49
4895,56
4895,60
4895,74
4895,80
4895,81
4896,209
4896,238
4897,231
4897,14
4897,200
4897,105
4898,20
4898,35
4898,40
4898,49
4898,101
4898,105
4898,128
4898,142
4898,162
4898,169
4899,1
4899,20
4899,27
4899,40
4899,101
4899,128
4899,162
4899,169
4899,193
4899,239
4900,6
4900,62
4900,70
4900,80
4900,81
4900,87
4900,89
4900,110
4900,111
4900,125
4901,4
4901,6
4901,12
4901,17
4901,20
4901,22
4901,27
4901,30
4901,36
4901,49
4902,4
4902,7
4902,12
4902,16
4902,17
4902,22
4902,24
4902,30
4902,36
4902,49
4903,1
4903,7
4903,16
4903,17
4903,22
4903,24
4903,36
4903,56
4903,59
4903,60
4904,7
4904,16
4904,17
4904,22
4904,24
4904,36
4904,56
4904,60
4904,62
4904,74
4905,101
4905,193
4905,169
4905,1
4906,1
4906,4
4906,7
4906,12
4906,16
4906,17
4906,22
4906,24
4906,30
4906,49
4907,269
4908,9
4908,18
4908,21
4908,57
4908,64
4908,66
4908,90
4908,91
4908,115
4908,215
4909,49
4909,248
4909,101
4909,20
4909,27
4909,40
4909,105
4909,128
4909,142
4909,162
4910,1
4910,4
4910,6
4910,7
4910,12
4910,16
4910,17
4910,22
4910,24
4910,27
4911,14
4911,174
4911,143
4911,239
4911,10
4911,279
4911,225
4911,234
4912,9
4912,18
4912,21
4912,57
4912,64
4912,91
4912,215
4912,216
4912,218
4912,25
4913,9
4913,18
4913,21
4913,57
4913,64
4913,66
4913,90
4913,91
4913,115
4913,215
4914,49
4914,98
4914,116
4914,236
4914,156
4914,248
4914,238
4914,209
4914,81
4914,80
4915,104
4916,269
4916,42
4916,57
4916,150
4916,115
4916,18
4916,80
4916,81
4916,100
4916,116
4917,257
4917,25
4917,54
4917,71
4917,92
4917,97
4917,150
4917,177
4917,198
4917,269
4918,20
4918,27
4918,35
4918,40
4918,49
4918,101
4918,105
4918,128
4918,142
4918,162
4919,8
4919,26
4919,38
4919,41
4919,45
4919,53
4919,61
4919,55
4919,72
4919,83
4920,150
4920,42
4920,269
4921,49
4921,248
4921,101
4921,128
4921,162
4921,253
4921,289
4922,28
4922,32
4923,156
4923,80
4923,74
4923,129
4923,135
4923,244
4923,22
4923,213
4923,101
4923,20
4924,70
4924,234
4924,8
4924,26
4924,31
4924,38
4924,41
4924,45
4924,46
4924,53
4925,105
4925,200
4926,66
4926,54
4926,71
4926,92
4926,97
4926,150
4926,198
4926,68
4926,47
4926,10
4927,238
4927,81
4927,80
4927,268
4927,4
4927,16
4927,24
4927,30
4927,36
4927,56
4928,150
4928,42
4928,269
4929,198
4929,68
4929,28
4929,32
4929,50
4929,95
4929,203
4929,241
4929,285
4930,4
4930,36
4930,56
4930,89
4930,99
4930,114
4930,158
4930,212
4930,224
4930,6
4931,257
4931,25
4931,54
4931,71
4931,92
4931,97
4931,150
4931,177
4931,198
4931,68
4932,9
4932,21
4932,64
4932,215
4932,216
4932,218
4932,116
4932,25
4932,54
4932,150
4933,234
4933,8
4933,31
4933,141
4933,161
4933,164
4933,296
4933,297
4934,68
4934,28
4934,32
4934,50
4934,95
4934,203
4934,241
4934,285
4935,49
4935,116
4935,185
4935,236
4935,156
4935,248
4935,238
4935,81
4935,80
4935,4
4936,150
4936,269
4937,8
4937,31
4937,61
4937,76
4937,141
4937,161
4937,164
4937,234
4937,251
4937,296
4938,68
4939,9
4939,21
4939,64
4939,90
4939,91
4939,215
4939,216
4939,218
4939,257
4939,68
4940,9
4940,18
4940,21
4940,57
4940,64
4940,66
4940,91
4940,115
4940,257
4940,49
4941,9
4941,18
4941,21
4941,57
4941,64
4941,66
4941,91
4941,115
4941,215
4941,216
4942,9
4942,18
4942,57
4942,66
4942,91
4942,115
4942,25
4942,92
4942,97
4942,150
4943,68
4944,32
4945,57
4945,25
4945,54
4945,71
4945,92
4945,97
4945,150
4945,177
4945,198
4945,42
4946,32
4946,95
4946,241
4946,285
4947,57
4947,66
4947,25
4947,92
4947,97
4947,150
4947,177
4947,68
4947,10
4947,28
4948,150
4948,269
4949,6
4949,70
4949,293
4949,234
4949,8
4949,26
4949,31
4949,37
4949,41
4949,45
4950,9
4950,18
4950,21
4950,57
4950,64
4950,66
4950,90
4950,115
4950,215
4950,216
4951,234
4951,8
4951,26
4951,31
4951,37
4951,38
4951,41
4951,45
4951,46
4951,53
4952,49
4952,238
4952,209
4952,81
4952,268
4952,4
4952,16
4952,30
4952,36
4952,56
4953,150
4953,269
4954,47
4954,203
4955,57
4955,66
4955,115
4956,25
4956,54
4956,92
4956,97
4956,150
4956,177
4956,269
4957,90
4958,57
4958,150
4958,42
4958,269
4959,101
4959,20
4959,27
4959,162
4959,169
4959,239
4959,193
4960,234
4960,8
4960,26
4960,31
4960,37
4960,38
4960,41
4960,45
4960,46
4960,61
4961,66
4962,49
4962,101
4962,27
4962,40
4962,105
4962,128
4962,142
4962,162
4962,169
4962,253
4963,18
4963,21
4963,57
4963,66
4963,90
4963,91
4963,218
4963,257
4963,238
4963,209
4964,9
4964,18
4964,21
4964,57
4964,64
4964,66
4964,90
4964,91
4964,115
4964,215
4965,54
4965,97
4965,177
4965,198
4965,68
4965,50
4965,203
4965,285
4966,71
4966,92
4966,97
4966,150
4966,177
4966,269
4967,238
4967,209
4967,4
4967,30
4967,36
4967,89
4967,114
4967,145
4967,158
4967,224
4968,161
4968,234
4968,243
4969,150
4969,42
4969,269
4970,14
4970,105
4970,200
4971,49
4971,101
4971,20
4971,27
4971,40
4971,128
4971,162
4971,169
4971,253
4971,289
4972,66
4972,115
4972,25
4972,54
4972,71
4972,92
4972,97
4972,150
4972,177
4973,25
4973,54
4973,71
4973,92
4973,97
4973,150
4973,177
4973,198
4973,68
4973,10
4974,57
4974,64
4974,115
4974,216
4974,257
4974,25
4974,54
4974,92
4974,97
4974,150
4975,150
4975,42
4975,269
4976,70
4976,45
4976,46
4976,63
4976,73
4976,76
4976,122
4976,144
4976,180
4976,181
4977,9
4977,21
4977,54
4977,150
4977,42
4977,269
4977,68
4977,47
4977,10
4977,28
4978,234
4978,164
4979,72
4979,234
4979,8
4979,26
4979,31
4979,37
4979,38
4979,41
4979,45
4979,46
4980,49
4980,98
4980,116
4980,185
4980,236
4980,137
4980,248
4980,213
4980,14
4980,200
4981,9
4981,18
4981,21
4981,57
4981,64
4981,66
4981,115
4981,215
4981,216
4981,218
4982,25
4982,150
4983,64
4983,91
4983,257
4983,25
4983,54
4983,71
4983,92
4983,97
4983,150
4983,177
4984,9
4984,18
4984,21
4984,57
4984,64
4984,66
4984,115
4984,215
4984,216
4984,218
4985,234
4985,8
4985,31
4985,83
4985,131
4985,161
4985,164
4985,296
4985,297
4986,42
4986,269
4986,213
4987,9
4987,18
4987,21
4987,57
4987,64
4987,66
4987,90
4987,91
4987,115
4987,215
4988,101
4988,20
4988,169
4988,194
4989,8
4989,26
4989,31
4989,37
4989,38
4989,41
4989,45
4989,46
4989,53
4989,61
4990,257
4990,25
4990,54
4990,71
4990,92
4990,97
4990,150
4990,177
4990,198
4990,68
4991,49
4991,116
4991,236
4991,248
4991,269
4991,14
4991,124
4991,79
4991,147
4991,78
4992,49
4992,116
4992,248
4992,70
4992,14
4992,124
4992,200
4992,79
4992,147
4992,78
4993,150
4993,269
4994,49
4994,116
4994,185
4994,236
4994,156
4994,213
4995,49
4995,248
4995,101
4995,20
4995,27
4995,40
4995,105
4995,128
4995,142
4995,162
4996,101
4996,27
4996,169
4996,1
4996,193
4997,9
4997,18
4997,21
4997,57
4997,64
4997,66
4997,90
4997,91
4997,215
4997,216
4998,150
4998,269
4999,116
4999,269
4999,213
5000,32
5001,49
5001,98
5001,116
5001,185
5001,156
5001,248
5001,213
5001,101
5001,20
5001,128
5002,49
5002,116
5002,185
5002,236
5002,156
5002,248
5002,238
5002,81
5002,80
5002,4
5003,234
5003,8
5003,161
5003,164
5004,68
5005,150
5005,269
5006,238
5006,6
5006,70
5006,133
5006,159
5006,258
5006,101
5006,239
5006,254
5006,72
5007,257
5007,198
5007,68
5007,10
5007,28
5007,32
5007,50
5007,95
5007,201
5007,203
5008,63
5008,73
5008,76
5008,122
5008,232
5008,240
5009,49
5009,116
5009,248
5009,92
5009,97
5009,150
5009,177
5009,269
5009,14
5009,124
5010,238
5010,4
5010,30
5010,36
5010,56
5010,89
5010,99
5010,158
5010,212
5010,224
5011,150
5011,42
5011,269
5012,49
5012,98
5012,116
5012,185
5012,236
5012,248
5012,213
5012,35
5012,105
5012,142
5013,49
5013,98
5013,116
5013,185
5013,236
5013,156
5013,248
5013,213
5013,289
5014,90
5014,218
5014,257
5014,50
5014,285
5015,269
5016,9
5016,18
5016,21
5016,57
5016,64
5016,66
5016,91
5016,215
5016,216
5016,218
5017,18
5017,57
5017,25
5017,54
5017,71
5017,92
5017,97
5017,150
5017,177
5017,198
5018,9
5018,18
5018,21
5018,57
5018,64
5018,66
5018,90
5018,91
5018,115
5018,215
5019,18
5019,57
5019,66
5019,25
5019,54
5019,71
5019,92
5019,97
5019,150
5019,42
5020,55
5020,88
5020,93
5020,132
5020,226
5021,234
5021,8
5021,31
5021,38
5021,61
5021,122
5021,141
5021,161
5021,164
5021,214
5022,25
5022,92
5022,97
5022,150
5022,42
5022,269
5023,49
5023,98
5023,116
5023,185
5023,236
5023,156
5023,248
5023,238
5023,209
5023,81
5024,57
5024,49
5024,116
5024,248
5024,238
5024,209
5024,81
5024,268
5024,16
5024,24
5025,150
5025,269
5025,42
5026,49
5026,101
5026,20
5026,40
5026,105
5026,128
5026,142
5026,162
5026,169
5026,253
5027,49
5027,101
5027,20
5027,27
5027,40
5027,105
5027,128
5027,142
5027,162
5027,169
5028,49
5028,98
5028,116
5028,248
5028,70
5028,101
5028,20
5028,35
5028,40
5028,105
5029,49
5029,156
5029,238
5029,209
5029,81
5029,80
5029,268
5029,16
5029,24
5029,30
5030,268
5030,62
5030,77
5030,100
5030,112
5030,170
5030,42
5030,269
5031,68
5031,47
5031,10
5031,28
5031,50
5031,203
5031,285
5032,49
5032,156
5032,80
5032,16
5032,74
5032,87
5032,129
5032,135
5032,208
5032,229
5033,10
5033,28
5033,32
5033,201
5033,279
5034,14
5034,174
5035,38
5035,41
5035,45
5035,46
5035,53
5035,61
5035,55
5035,63
5035,73
5035,76
5035,83
5035,85
5035,122
5035,131
5035,132
5035,139
5035,141
5035,144
5035,148
5035,161
5035,164
5035,180
5035,181
5035,214
5035,223
5035,226
5035,232
5035,240
5035,264
5035,297
5035,191
5035,88
5036,116
5036,150
5036,42
5036,269
5036,213
5037,168
5038,70
5038,295
5038,113
5038,118
5038,130
5038,191
5038,197
5038,222
5038,246
5038,260
5039,69
5040,49
5040,101
5040,20
5040,27
5040,35
5040,40
5040,105
5040,128
5040,142
5040,162
5041,238
5041,209
5041,81
5041,4
5041,30
5041,36
5041,56
5041,74
5041,89
5041,99
5042,71
5042,92
5042,97
5042,150
5042,269
5043,25
5043,54
5043,71
5043,92
5043,97
5043,150
5043,177
5043,198
5043,50
5043,285
5044,116
5044,14
5044,200
5044,174
5044,195
5044,231
5044,284
5044,105
5044,254
5045,68
5045,47
5045,203
5046,49
5046,98
5046,116
5046,185
5046,236
5046,156
5046,248
5046,268
5046,62
5046,87
5047,150
5047,269
5048,257
5048,25
5048,54
5048,71
5048,92
5048,97
5048,150
5048,177
5048,198
5048,68
5049,14
5049,200
5049,105
5049,254
5050,47
5050,10
5051,22
5051,74
5051,80
5051,121
5051,129
5051,135
5051,213
5051,8
5051,26
5051,31
5052,49
5052,98
5052,116
5052,185
5052,236
5052,156
5052,248
5052,238
5052,209
5052,81
5053,234
5053,8
5053,26
5053,31
5053,37
5053,38
5053,41
5053,45
5053,46
5053,53
5054,54
5054,97
5054,177
5054,198
5055,68
5055,28
5055,32
5055,50
5055,95
5055,203
5055,241
5055,285
5056,9
5056,18
5056,21
5056,57
5056,64
5056,66
5056,90
5056,91
5056,115
5056,215
5057,49
5057,98
5057,156
5057,248
5057,42
5057,269
5057,213
5057,14
5057,78
5057,195
5058,81
5058,4
5058,16
5058,30
5058,36
5058,56
5058,62
5058,87
5058,89
5058,99
5059,150
5059,42
5059,269
5060,49
5060,116
5060,185
5060,236
5060,156
5060,248
5060,238
5060,81
5060,80
5060,268
5061,50
5061,95
5061,285
5062,49
5062,98
5062,14
5062,200
5062,101
5062,20
5062,40
5062,105
5062,128
5062,142
5063,14
5063,200
5063,105
5063,254
5064,14
5065,101
5066,57
5066,25
5066,54
5066,71
5066,92
5066,97
5066,150
5066,177
5066,198
5066,42
5067,9
5067,18
5067,21
5067,57
5067,64
5067,66
5067,215
5067,216
5067,218
5067,257
5068,68
5068,10
5068,28
5068,32
5068,50
5068,95
5068,201
5068,203
5068,241
5068,285
5069,10
5069,25
5069,28
5069,32
5069,50
5069,54
5069,68
5069,71
5069,92
5069,95
5070,238
5070,209
5070,81
5070,268
5070,4
5070,16
5070,24
5070,30
5070,36
5070,56
5071,14
5071,47
5071,10
5072,150
5072,42
5072,269
5073,116
5074,25
5074,54
5074,71
5074,92
5074,97
5074,150
5074,177
5075,35
5075,105
5075,142
5075,162
5075,253
5076,9
5076,18
5076,21
5076,57
5076,64
5076,66
5076,90
5076,91
5076,115
5076,215
5077,9
5077,21
5077,90
5077,91
5077,216
5077,218
5077,257
5077,25
5077,54
5077,71
5078,49
5078,116
5078,185
5078,101
5078,20
5078,27
5078,128
5078,162
5078,169
5078,253
5079,40
5079,105
5079,142
5079,253
5079,289
5080,92
5080,150
5080,42
5080,269
5081,200
5081,105
5082,14
5082,200
5082,105
5083,18
5083,66
5083,25
5083,54
5083,71
5083,92
5083,97
5083,150
5083,177
5083,198
5084,257
5084,32
5084,50
5084,95
5084,241
5084,285
5085,71
5085,92
5085,97
5085,150
5085,177
5085,42
5085,269
5086,101
5087,71
5087,92
5087,97
5087,150
5087,177
5087,269
5088,296
5089,42
5089,49
5089,116
5089,185
5089,236
5089,150
5089,213
5089,248
5089,269
5090,73
5090,232
5090,295
5090,19
5090,110
5090,125
5090,191
5090,210
5090,222
5090,267
5091,47
5091,10
5091,32
5091,201
5091,279
5092,72
5092,234
5092,8
5092,26
5092,31
5092,37
5092,38
5092,41
5092,45
5092,46
5093,14
5093,10
5093,32
5093,279
5093,234
5094,49
5094,238
5094,209
5094,81
5094,80
5094,268
5094,4
5094,16
5094,24
5094,30
5095,49
5095,101
5095,20
5095,27
5095,162
5095,169
5095,239
5095,193
5096,49
5096,116
5096,185
5096,236
5096,248
5096,213
5096,101
5096,27
5096,128
5096,162
5097,269
5097,42
5098,9
5098,21
5098,64
5098,90
5098,91
5098,215
5098,216
5098,218
5098,257
5098,32
5099,66
5100,68
5100,50
5101,139
5102,236
5102,213
5103,8
5103,31
5103,61
5103,122
5103,131
5103,141
5103,161
5103,164
5103,234
5103,251
5104,54
5104,68
5104,47
5104,50
5104,203
5105,25
5105,54
5105,71
5105,92
5105,97
5105,150
5105,177
5105,198
5105,68
5105,10
5106,257
5106,25
5106,54
5106,71
5106,92
5106,97
5106,150
5106,177
5106,198
5106,269
5107,238
5107,6
5107,133
5107,159
5107,258
5108,49
5108,116
5108,185
5108,156
5108,81
5108,80
5108,4
5108,16
5108,30
5108,36
5109,49
5109,98
5109,116
5109,185
5109,236
5109,248
5109,269
5109,213
5109,14
5109,200
5110,198
5110,68
5110,28
5110,50
5110,203
5110,285
5111,234
5112,150
5112,269
5113,49
5113,116
5113,185
5113,236
5113,156
5113,248
5113,213
5114,10
5114,25
5114,28
5114,32
5114,50
5114,54
5114,68
5114,71
5114,92
5114,95
5115,49
5115,116
5115,185
5115,236
5115,156
5115,238
5115,209
5115,81
5115,4
5115,16
5116,269
5116,213
5116,188
5117,72
5117,8
5117,26
5117,41
5117,45
5117,53
5117,61
5117,55
5117,83
5117,85
5118,25
5118,54
5118,71
5118,92
5118,97
5118,150
5118,177
5118,198
5118,269
5119,54
5119,68
5119,47
5119,50
5119,203
5120,257
5120,25
5120,54
5120,71
5120,92
5120,97
5120,150
5120,177
5120,198
5120,269
5121,25
5121,71
5121,92
5121,97
5121,150
5121,177
5121,269
5122,238
5122,81
5122,80
5122,268
5122,16
5122,24
5122,36
5122,56
5122,62
5122,74
5123,49
5123,98
5123,116
5123,185
5123,236
5123,156
5123,248
5123,238
5123,81
5123,4
5124,72
5124,234
5124,8
5124,26
5124,31
5124,37
5124,38
5124,41
5124,45
5124,46
5125,234
5125,8
5125,26
5125,31
5125,37
5125,38
5125,41
5125,45
5125,46
5125,53
5126,72
5126,234
5126,8
5126,26
5126,31
5126,37
5126,38
5126,41
5126,45
5126,46
5127,68
5127,10
5127,28
5127,50
5127,203
5127,285
5128,36
5128,89
5128,158
5128,224
5128,70
5128,45
5128,46
5128,63
5128,73
5128,76
5129,9
5129,18
5129,21
5129,57
5129,64
5129,66
5129,215
5129,216
5129,218
5129,257
5130,57
5130,257
5130,25
5130,54
5130,71
5130,92
5130,97
5130,150
5130,177
5130,198
5131,269
5131,42
5131,150
5132,25
5132,54
5132,71
5132,92
5132,97
5132,150
5132,198
5132,42
5132,269
5132,213
5133,9
5133,18
5133,21
5133,57
5133,64
5133,66
5133,91
5133,115
5133,215
5133,216
5134,54
5134,71
5134,92
5134,97
5134,177
5135,14
5135,174
5135,79
5135,68
5135,47
5135,10
5135,32
5135,50
5135,203
5135,279
5136,68
5137,47
5137,10
5138,101
5138,20
5138,27
5138,162
5138,169
5138,239
5139,14
5139,200
5139,105
5140,20
5140,52
5140,63
5140,70
5140,73
5140,101
5140,110
5140,111
5140,122
5140,125
5141,18
5141,57
5141,66
5141,115
5141,257
5141,25
5141,54
5141,71
5141,92
5141,97
5142,49
5142,101
5142,20
5142,27
5142,40
5142,105
5142,128
5142,142
5142,162
5142,169
5143,14
5143,47
5143,10
5143,234
5144,70
5144,133
5144,149
5144,234
5144,46
5144,63
5144,73
5144,122
5144,139
5144,141
5145,10
5145,28
5145,32
5145,201
5145,281
5146,9
5146,18
5146,21
5146,57
5146,64
5146,66
5146,90
5146,91
5146,115
5146,215
5147,9
5147,18
5147,21
5147,57
5147,64
5147,66
5147,91
5147,115
5147,215
5147,216
5148,268
5148,4
5148,30
5148,36
5148,56
5148,89
5148,114
5148,158
5148,212
5148,224
5149,238
5149,209
5149,81
5149,80
5149,4
5149,16
5149,24
5149,30
5149,36
5149,56
5150,44
5150,96
5151,14
5151,200
5151,105
5151,254
5152,25
5152,54
5152,92
5152,97
5152,150
5152,177
5152,198
5153,101
5153,239
5154,234
5154,8
5154,38
5154,61
5154,76
5154,122
5154,141
5154,161
5154,214
5154,232
5155,49
5155,98
5155,116
5155,185
5155,236
5155,156
5155,248
5155,238
5155,81
5155,80
5156,14
5156,200
5156,105
5157,101
5157,20
5157,27
5157,35
5157,40
5157,105
5157,128
5157,142
5157,162
5157,169
5158,14
5158,174
5158,47
5158,10
5158,32
5158,279
5158,234
5159,54
5159,71
5159,92
5159,97
5159,150
5159,177
5160,54
5160,198
5160,68
5160,28
5160,50
5160,203
5160,285
5161,10
5161,28
5161,32
5161,201
5162,25
5162,54
5162,71
5162,92
5162,97
5162,150
5162,177
5162,198
5163,10
5163,28
5163,203
5164,238
5164,209
5164,81
5164,268
5164,4
5164,7
5164,16
5164,30
5164,36
5164,56
5165,257
5165,25
5165,54
5165,71
5165,92
5165,97
5165,150
5165,177
5165,198
5165,269
5166,150
5166,269
5167,100
5167,112
5167,170
5167,188
5167,208
5167,244
5168,32
5168,95
5168,241
5168,285
5169,73
5169,76
5169,122
5169,232
5169,237
5169,240
5169,251
5169,264
5170,42
5170,269
5171,150
5171,269
5172,279
5172,10
5172,28
5172,32
5172,201
5173,32
5173,95
5173,241
5173,285
5174,10
5174,32
5174,201
5175,49
5175,116
5175,236
5175,156
5175,80
5175,62
5175,74
5175,129
5175,135
5175,188
5176,257
5176,47
5176,10
5176,28
5176,32
5176,50
5176,95
5176,201
5176,241
5176,279
5177,234
5177,122
5177,141
5177,161
5177,232
5177,251
5177,296
5177,297
5178,9
5178,18
5178,21
5178,64
5178,66
5178,91
5178,215
5178,216
5178,218
5178,25
5179,73
5179,76
5179,237
5179,240
5180,49
5180,98
5180,156
5180,248
5180,80
5180,188
5180,244
5180,269
5180,213
5180,35
5181,54
5181,71
5181,92
5181,97
5181,150
5181,177
5181,198
5181,42
5181,269
5181,50
5182,269
5182,124
5182,174
5182,79
5182,147
5182,78
5182,166
5182,219
5182,231
5182,256
5183,68
5183,28
5183,32
5183,50
5183,95
5183,203
5184,150
5184,42
5184,269
5185,257
5185,32
5185,95
5185,241
5185,287
5186,150
5187,10
5187,28
5187,32
5187,201
5187,279
5188,238
5188,4
5188,16
5188,30
5188,36
5188,56
5188,89
5188,99
5188,158
5188,208
5189,234
5189,8
5189,26
5189,31
5189,37
5189,38
5189,41
5189,46
5189,61
5189,55
5190,49
5190,98
5190,116
5190,185
5190,236
5190,156
5190,248
5190,213
5190,101
5190,27
5191,68
5191,28
5191,50
5191,203
5191,285
5192,9
5192,21
5192,64
5192,215
5192,216
5192,218
5192,257
5192,25
5192,54
5192,92
5193,49
5193,98
5193,116
5193,185
5193,236
5193,156
5193,248
5193,269
5193,213
5193,14
5194,116
5195,218
5196,25
5196,54
5196,92
5196,97
5196,150
5196,177
5196,198
5196,68
5196,50
5197,198
5197,68
5197,50
5198,150
5198,269
5199,49
5199,248
5199,101
5199,20
5199,27
5199,40
5199,105
5199,128
5199,162
5199,169
5200,257
5200,25
5200,54
5200,92
5200,97
5200,150
5200,177
5200,198
5200,68
5200,28
5201,21
5201,57
5201,66
5201,90
5201,115
5201,257
5201,25
5201,54
5201,71
5201,92
5202,101
5202,20
5202,27
5202,162
5202,169
5202,239
5203,10
5203,28
5203,32
5203,201
5203,279
5204,6
5204,234
5204,8
5204,26
5204,31
5204,37
5204,38
5204,41
5204,45
5204,46
5205,257
5205,25
5205,54
5205,71
5205,92
5205,97
5205,150
5205,177
5205,198
5205,68
5206,49
5206,185
5206,236
5206,156
5206,213
5207,105
5208,18
5208,25
5208,54
5208,71
5208,92
5208,97
5208,150
5208,177
5208,198
5208,269
5209,66
5210,10
5210,25
5210,28
5210,32
5210,50
5210,54
5210,68
5210,71
5210,92
5210,95
5211,150
5211,269
5212,150
5212,42
5212,269
5213,101
5213,239
5214,150
5214,269
5215,32
5216,92
5216,150
5217,150
5218,49
5218,116
5218,248
5218,101
5218,20
5218,35
5218,40
5218,105
5218,128
5218,142
5219,257
5219,25
5219,54
5219,71
5219,92
5219,97
5219,150
5219,177
5219,198
5219,68
5220,57
5221,14
5221,174
5221,47
5221,10
5221,32
5221,279
5221,234
5222,66
5223,54
5223,177
5223,198
5223,68
5223,10
5223,28
5223,32
5223,50
5223,95
5223,201
5224,49
5224,116
5224,236
5224,248
5224,101
5224,20
5224,35
5224,40
5224,105
5224,128
5225,49
5225,98
5225,116
5225,185
5225,236
5225,156
5225,248
5225,80
5225,16
5225,74
5226,234
5226,8
5226,31
5226,37
5226,41
5226,46
5226,61
5226,73
5226,76
5226,85
5227,10
5227,32
5227,201
5228,14
5228,200
5228,231
5228,105
5228,254
5229,234
5229,8
5229,31
5229,38
5229,61
5229,122
5229,131
5229,161
5229,164
5229,214
5230,49
5230,116
5230,185
5230,236
5230,248
5230,42
5230,269
5230,213
5231,49
5231,98
5231,116
5231,185
5231,236
5231,156
5231,248
5231,238
5231,209
5231,81
5232,115
5233,25
5233,54
5233,71
5233,92
5233,97
5233,150
5233,177
5233,198
5233,68
5233,10
5234,198
5234,68
5234,10
5234,28
5234,32
5234,50
5234,95
5234,201
5234,203
5234,279
5235,238
5235,89
5235,99
5235,112
5235,145
5235,6
5235,70
5235,133
5235,159
5235,258
5236,49
5236,116
5236,185
5236,236
5236,248
5236,213
5236,101
5236,35
5236,40
5236,105
5237,68
5237,28
5237,32
5237,50
5237,95
5237,203
5237,285
5238,68
5238,28
5238,32
5238,50
5238,95
5238,203
5238,241
5238,285
5239,10
5239,32
5239,201
5240,49
5240,116
5240,185
5240,236
5240,248
5240,213
5241,150
5241,269
5242,25
5242,92
5242,97
5242,150
5242,269
5243,49
5243,98
5243,116
5243,185
5243,236
5243,156
5243,248
5243,238
5243,209
5243,81
5244,9
5244,18
5244,21
5244,57
5244,64
5244,66
5244,90
5244,91
5244,115
5244,215
5245,253
5246,150
5246,42
5246,269
5247,49
5247,156
5247,238
5247,209
5247,81
5247,80
5247,268
5247,4
5247,16
5247,24
5248,14
5248,174
5248,47
5248,203
5249,68
5250,68
5251,150
5252,49
5252,156
5252,213
5252,121
5252,126
5252,249
5252,262
5252,283
5253,198
5253,10
5253,28
5253,32
5253,50
5253,201
5253,279
5253,285
5254,238
5254,6
5254,159
5254,258
5254,293
5255,14
5255,200
5255,105
5256,139
5257,257
5257,54
5257,198
5257,50
5257,95
5257,241
5257,285
5258,101
5258,110
5258,193
5259,68
5259,28
5259,32
5259,50
5259,203
5259,242
5260,257
5260,177
5260,198
5260,68
5260,10
5260,28
5260,32
5260,50
5260,95
5260,201
5261,47
5261,10
5262,54
5262,68
5262,47
5262,50
5262,203
5263,68
5263,50
5263,203
5263,285
5264,47
5264,10
5265,257
5265,25
5265,92
5265,97
5265,150
5265,177
5265,198
5265,68
5265,10
5265,28
5266,150
5266,269
5267,101
5268,206
5269,49
5269,156
5269,238
5269,81
5269,4
5269,7
5269,16
5269,30
5269,87
5269,89
5270,257
5270,198
5270,68
5270,47
5270,10
5270,28
5270,32
5270,50
5270,95
5270,201
5271,47
5271,10
5271,28
5271,203
5272,49
5272,98
5272,289
5273,49
5273,98
5273,116
5273,185
5273,236
5273,156
5273,248
5273,213
5273,101
5273,20
5274,150
5274,269
5275,25
5275,71
5275,92
5275,97
5275,150
5275,177
5275,269
5276,28
5276,32
5276,203
5277,49
5277,116
5277,185
5277,236
5277,213
5278,92
5278,150
5278,276
5278,167
5279,47
5279,10
5279,28
5279,32
5279,201
5279,279
5280,49
5280,101
5280,20
5280,162
5280,169
5280,110
5280,193
5281,68
5281,32
5281,50
5281,95
5281,203
5281,241
5281,285
5282,47
5282,10
5283,238
5283,81
5283,80
5283,4
5283,16
5283,24
5283,30
5283,36
5283,56
5283,74
5284,54
5284,198
5284,32
5284,50
5284,95
5284,241
5284,285
5285,234
5285,8
5285,31
5285,37
5285,38
5285,41
5285,45
5285,53
5285,61
5285,55
5286,25
5286,54
5286,92
5286,97
5286,150
5286,177
5286,198
5286,68
5286,28
5286,32
5287,101
5287,239
5288,257
5288,54
5288,198
5288,68
5288,10
5288,28
5288,32
5288,50
5288,95
5288,201
5289,92
5289,150
5289,42
5289,269
5290,92
5290,150
5290,42
5290,269
5291,54
5291,71
5291,150
5291,177
5291,198
5291,269
5291,68
5291,47
5291,50
5291,203
5292,101
5292,228
5292,239
5293,269
5293,42
5294,68
5294,28
5294,32
5294,50
5294,203
5295,76
5295,122
5295,232
5295,251
5296,68
5296,47
5296,10
5296,28
5296,32
5296,50
5296,95
5296,203
5296,285
5297,238
5297,209
5297,81
5297,4
5297,30
5297,56
5297,89
5297,114
5297,145
5297,155
5298,42
5298,269
5298,213
5299,35
5299,105
5299,142
5299,162
5299,253
5300,209
5301,49
5301,101
5301,27
5301,162
5301,169
5301,1
5301,121
5301,126
5301,193
5301,249
5302,68
5302,10
5302,28
5302,32
5302,201
5302,203
5303,203
5304,234
5304,8
5304,31
5304,73
5304,76
5304,122
5304,161
5304,164
5304,232
5304,251
5305,28
5305,32
5306,32
5307,150
5307,269
5308,66
5308,115
5309,47
5309,10
5309,28
5309,203
5310,101
5311,25
5311,92
5311,150
5311,42
5311,269
5312,9
5312,21
5312,64
5312,215
5312,216
5312,218
5312,257
5312,25
5312,54
5312,71
5313,47
5313,10
5313,28
5314,68
5314,28
5314,32
5314,50
5314,95
5314,203
5314,241
5314,285
5315,49
5315,98
5315,185
5315,236
5315,156
5315,213
5315,128
5315,253
5315,289
5316,234
5317,238
5317,209
5317,81
5317,4
5317,30
5317,36
5317,56
5317,89
5317,114
5317,158
5318,32
5319,234
5319,8
5319,26
5319,31
5319,37
5319,41
5319,45
5319,46
5319,73
5319,76
5320,14
5320,174
5320,47
5320,203
5321,35
5321,105
5321,142
5321,162
5321,228
5321,253
5322,9
5322,21
5322,64
5322,91
5322,215
5322,216
5322,218
5322,257
5322,25
5322,54
5323,68
5323,28
5323,32
5323,50
5323,203
5323,285
5324,6
5324,70
5324,133
5324,159
5324,258
5324,293
5324,101
5324,46
5324,63
5324,73
5325,101
5326,9
5326,21
5326,64
5326,91
5326,215
5326,216
5326,218
5327,66
5328,150
5328,269
5329,57
5330,257
5330,25
5330,54
5330,71
5330,92
5330,97
5330,150
5330,177
5330,198
5330,269
5331,238
5331,209
5331,54
5331,14
5331,174
5331,105
5331,68
5331,47
5331,203
5331,279
5332,49
5332,156
5332,238
5332,209
5332,81
5332,4
5332,7
5332,16
5332,30
5332,36
5333,10
5333,32
5333,201
5333,279
5334,9
5334,21
5334,57
5334,64
5334,66
5334,90
5334,91
5334,215
5334,216
5334,218
5335,9
5335,21
5335,64
5335,90
5335,91
5335,215
5335,216
5335,218
5336,234
5336,31
5336,161
5336,164
5336,296
5336,297
5337,49
5337,98
5337,116
5337,185
5337,236
5337,137
5337,248
5337,213
5338,101
5339,213
5339,110
5339,121
5340,269
5341,47
5341,10
5342,105
5343,49
5343,98
5343,116
5343,236
5343,156
5343,248
5343,80
5343,188
5343,244
5343,213
5344,68
5345,150
5345,269
5346,49
5346,238
5346,209
5346,81
5346,80
5346,268
5346,4
5346,16
5346,24
5346,30
5347,10
5347,32
5347,279
5348,105
5348,142
5348,162
5348,253
5349,25
5349,54
5349,71
5349,92
5349,97
5349,150
5349,177
5349,198
5349,50
5349,203
5350,14
5350,200
5350,79
5350,231
5350,284
5350,105
5351,206
5352,49
5352,101
5352,20
5352,27
5352,105
5352,128
5352,142
5352,162
5352,169
5352,253
5353,25
5353,54
5353,71
5353,92
5353,97
5353,150
5353,177
5353,198
5353,68
5353,50
5354,68
5354,28
5354,32
5354,50
5354,95
5354,203
5354,241
5354,285
5355,150
5355,269
5356,64
5356,66
5356,54
5356,198
5356,269
5357,49
5357,238
5357,81
5357,4
5357,16
5357,30
5357,36
5357,56
5357,74
5357,87
5358,150
5359,68
5360,14
5360,174
5360,47
5360,10
5360,234
5361,285
5362,14
5362,200
5362,231
5362,105
5363,26
5363,37
5363,41
5363,45
5363,61
5363,55
5363,85
5363,88
5363,93
5363,94
5364,54
5364,92
5364,97
5364,150
5364,177
5364,198
5364,68
5364,28
5364,32
5364,50
5365,14
5365,200
5365,174
5365,231
5365,284
5365,105
5365,254
5366,68
5366,10
5366,28
5366,32
5366,50
5366,95
5366,201
5366,203
5366,241
5366,279
5367,49
5367,98
5367,116
5367,236
5367,248
5367,206
5368,50
5369,54
5369,198
5370,10
5370,32
5370,201
5371,72
5371,8
5371,38
5371,41
5371,45
5371,53
5371,61
5371,55
5371,83
5371,88
5372,25
5372,54
5372,71
5372,92
5372,97
5372,150
5372,177
5372,198
5373,116
5373,269
5373,213
5374,238
5374,209
5374,81
5374,268
5374,24
5374,36
5374,56
5374,87
5374,114
5374,129
5375,116
5375,42
5375,269
5375,213
5376,68
5376,50
5377,49
5377,248
5377,101
5377,20
5377,27
5377,40
5377,128
5377,162
5377,169
5377,206
5378,269
5379,70
5379,26
5379,37
5379,41
5379,45
5379,46
5379,63
5379,73
5379,76
5379,85
5380,68
5381,150
5381,269
5382,25
5382,54
5382,71
5382,92
5382,97
5382,150
5382,177
5382,198
5382,68
5382,50
5383,10
5383,28
5384,234
5384,164
5385,25
5385,54
5385,71
5385,92
5385,97
5385,150
5385,177
5385,198
5385,68
5385,50
5386,49
5386,101
5386,20
5386,27
5386,40
5386,128
5386,162
5386,169
5386,253
5386,289
5387,234
5387,8
5387,38
5387,61
5387,76
5387,122
5387,141
5387,161
5387,164
5387,214
5388,71
5388,92
5388,97
5388,150
5388,177
5388,269
5389,49
5389,35
5389,40
5389,105
5389,128
5389,142
5389,228
5389,253
5389,289
5390,115
5391,115
5392,25
5392,54
5392,92
5392,97
5392,150
5392,177
5392,198
5392,269
5393,14
5393,174
5393,203
5394,47
5394,10
5394,203
5395,49
5395,156
5395,80
5395,213
5395,101
5395,20
5395,169
5395,239
5395,1
5395,17
5396,54
5396,71
5396,92
5396,97
5396,150
5396,42
5396,269
5396,213
5396,14
5396,124
5397,269
5397,10
5397,28
5397,32
5397,201
5397,279
5398,101
5398,169
5398,193
5399,68
5399,28
5399,32
5399,50
5399,95
5399,203
5399,241
5399,285
5400,35
5400,105
5400,142
5400,253
5401,49
5401,156
5401,80
5401,268
5401,4
5401,16
5401,30
5401,36
5401,56
5401,62
5402,68
5402,47
5402,10
5402,28
5402,203
5403,209
5404,9
5404,57
5404,64
5404,66
5404,90
5404,91
5404,115
5404,216
5404,218
5404,257
5405,72
5405,234
5405,8
5405,26
5405,31
5405,37
5405,38
5405,41
5405,45
5405,53
5406,9
5406,18
5406,21
5406,57
5406,66
5406,90
5406,91
5406,115
5406,215
5406,216
5407,150
5407,42
5407,269
5408,10
5408,28
5408,32
5408,50
5408,95
5408,201
5408,203
5408,241
5408,279
5408,285
5409,257
5409,28
5409,32
5409,50
5409,95
5409,201
5409,241
5409,285
5410,25
5410,92
5410,97
5410,150
5410,177
5410,269
5410,68
5410,28
5410,50
5410,203
5411,49
5411,156
5411,238
5411,209
5411,81
5411,4
5411,7
5411,16
5411,30
5411,36
5412,32
5412,50
5412,95
5412,203
5412,241
5412,285
5413,54
5413,71
5413,92
5413,97
5413,150
5413,198
5413,42
5413,269
5413,68
5413,47
5414,238
5414,209
5414,81
5414,7
5414,16
5414,24
5414,87
5414,114
5414,134
5414,145
5415,257
5415,54
5415,198
5415,68
5415,10
5415,28
5415,32
5415,50
5415,95
5415,201
5416,198
5416,50
5416,285
5417,68
5417,203
5418,35
5418,105
5418,142
5418,162
5418,253
5418,228
5419,150
5420,50
5420,95
5420,285
5421,32
5421,95
5421,241
5421,285
5422,68
5422,47
5422,10
5422,28
5422,50
5422,201
5422,203
5422,279
5423,101
5424,35
5424,105
5424,142
5424,162
5424,228
5425,68
5426,14
5426,174
5426,68
5426,47
5426,10
5426,32
5426,203
5426,279
5426,234
5426,8
5427,72
5427,234
5427,8
5427,31
5427,37
5427,41
5427,46
5427,53
5427,61
5427,55
5428,14
5428,174
5428,68
5428,47
5428,10
5428,32
5428,203
5428,279
5428,234
5428,139
5429,50
5429,285
5430,54
5430,71
5430,97
5430,150
5430,177
5430,269
5431,18
5431,57
5431,115
5431,269
5432,150
5432,274
5433,25
5433,92
5433,150
5433,269
5434,101
5435,25
5435,54
5435,71
5435,92
5435,97
5435,150
5435,177
5435,198
5435,68
5435,10
5436,25
5436,54
5436,92
5436,97
5436,150
5436,177
5436,198
5437,25
5437,54
5437,71
5437,92
5437,97
5437,150
5437,177
5437,198
5437,68
5437,28
5438,47
5438,10
5438,28
5438,203
5439,49
5439,101
5439,20
5439,27
5439,40
5439,128
5439,162
5439,169
5439,253
5439,289
5440,47
5440,10
5441,47
5442,10
5442,28
5442,32
5442,50
5442,95
5442,201
5442,241
5442,279
5442,285
5443,234
5443,8
5443,53
5443,161
5443,164
5444,234
5444,8
5444,31
5444,131
5444,161
5444,164
5444,297
5445,150
5446,68
5447,26
5447,37
5447,41
5447,45
5447,46
5447,61
5447,55
5447,76
5447,85
5447,88
5448,257
5448,25
5448,54
5448,71
5448,92
5448,97
5448,150
5448,177
5448,198
5448,269
5449,32
5450,257
5450,25
5450,54
5450,92
5450,97
5450,150
5450,177
5450,198
5450,68
5450,10
5451,14
5451,174
5451,47
5451,203
5451,234
5451,164
5452,257
5452,198
5452,68
5452,10
5452,28
5452,32
5452,50
5452,95
5452,201
5452,203
5453,68
5453,32
5453,50
5453,95
5453,203
5453,241
5453,285
5454,9
5454,18
5454,57
5454,66
5454,91
5454,115
5454,215
5455,54
5455,198
5455,32
5455,50
5455,95
5455,241
5455,285
5456,8
5456,31
5456,61
5456,122
5456,141
5456,161
5456,164
5456,251
5456,296
5456,297
5457,257
5457,68
5457,28
5457,32
5457,50
5457,95
5457,203
5457,241
5457,285
5458,10
5458,28
5458,32
5458,201
5458,279
5459,68
5459,28
5459,32
5459,50
5459,95
5459,203
5459,241
5459,285
5460,257
5460,198
5460,68
5460,10
5460,28
5460,32
5460,50
5460,95
5460,201
5460,203
5461,70
5461,12
5461,59
5461,86
5461,110
5461,111
5461,113
5461,118
5461,197
5461,246
5462,49
5462,156
5462,114
5462,6
5462,70
5462,133
5462,159
5462,258
5462,293
5462,213
5463,28
5463,203
5464,14
5464,200
5464,78
5464,231
5464,105
5464,254
5465,257
5465,32
5465,50
5465,203
5465,285
5466,238
5466,209
5466,81
5466,268
5466,7
5466,16
5466,24
5466,56
5466,87
5466,114
5467,66
5468,81
5469,54
5469,71
5469,92
5469,97
5469,150
5469,177
5469,198
5469,269
5470,57
5470,66
5471,54
5471,198
5472,150
5473,206
5474,6
5474,70
5474,133
5474,159
5474,258
5474,293
5474,101
5474,37
5474,46
5474,63
5475,101
5476,10
5476,28
5476,32
5476,201
5476,241
5476,279
5477,150
5477,269
5478,10
5478,28
5478,32
5478,201
5479,10
5479,32
5479,201
5479,279
5480,150
5480,42
5480,269
5481,49
5481,101
5481,20
5481,27
5481,40
5481,128
5481,162
5481,169
5481,239
5481,253
5482,150
5482,269
5483,55
5483,73
5483,76
5483,85
5483,88
5483,93
5483,94
5483,122
5483,131
5483,141
5483,144
5483,148
5483,161
5483,164
5483,180
5483,181
5483,214
5483,223
5483,226
5483,232
5483,237
5483,240
5483,251
5483,255
5483,264
5483,296
5483,297
5484,174
5485,32
5486,101
5486,239
5487,25
5487,71
5487,92
5487,97
5487,150
5487,269
5488,10
5488,28
5488,201
5489,50
5489,285
5490,68
5491,54
5491,198
5492,18
5492,25
5492,92
5492,150
5492,42
5492,269
5493,68
5494,150
5495,150
5495,269
5496,18
5496,66
5496,257
5496,54
5496,71
5496,92
5496,97
5496,150
5496,177
5496,269
5497,150
5497,269
5498,68
5498,28
5498,32
5498,50
5498,95
5498,203
5498,241
5498,285
5499,150
5499,269
5500,101
5500,239
5501,257
5501,25
5501,54
5501,92
5501,97
5501,150
5501,177
5501,198
5501,68
5501,10
5502,206
5503,49
5503,116
5503,185
5503,236
5503,248
5503,213
5503,101
5503,20
5503,27
5503,128
5504,65
5505,49
5505,101
5505,20
5505,27
5505,40
5505,128
5505,162
5505,169
5505,253
5505,289
5506,25
5506,54
5506,92
5506,97
5506,150
5506,177
5506,198
5507,198
5507,32
5507,50
5507,95
5507,241
5507,285
5508,68
5508,28
5508,50
5508,203
5508,285
5509,68
5509,10
5509,28
5509,32
5509,50
5509,95
5509,201
5509,203
5509,241
5509,285
5510,150
5510,269
5511,9
5511,21
5511,64
5511,90
5511,91
5511,215
5511,216
5511,218
5512,49
5512,156
5512,110
5512,121
5512,126
5512,249
5512,262
5512,283
5513,61
5513,141
5513,161
5513,234
5513,251
5513,296
5513,297
5513,122
5513,264
5514,49
5514,98
5514,116
5514,236
5514,248
5514,213
5514,105
5514,142
5514,206
5515,9
5515,18
5515,21
5515,57
5515,64
5515,66
5515,91
5515,215
5515,216
5515,218
5516,9
5516,18
5516,21
5516,57
5516,64
5516,66
5516,90
5516,91
5516,115
5516,215
5517,116
5517,236
5517,150
5517,42
5517,269
5517,213
5517,14
5517,174
5517,79
5517,147
5518,150
5519,257
5519,54
5519,97
5519,177
5519,198
5519,68
5519,10
5519,28
5519,32
5519,50
5520,14
5520,174
5520,284
5520,47
5520,10
5520,32
5520,203
5520,279
5520,234
5520,8
5521,9
5521,18
5521,64
5521,66
5521,91
5521,215
5521,216
5521,218
5521,285
5522,57
5523,257
5523,25
5523,54
5523,71
5523,92
5523,97
5523,150
5523,177
5523,198
5523,68
5524,68
5524,28
5524,32
5524,50
5524,203
5524,285
5525,6
5525,70
5525,133
5525,159
5525,258
5525,293
5525,148
5525,111
5525,113
5525,118
5526,32
5527,18
5527,57
5528,9
5528,21
5528,64
5528,90
5528,215
5528,216
5528,218
5528,257
5528,25
5528,54
5529,50
5530,32
5530,95
5530,241
5530,285
5531,101
5531,20
5531,40
5531,128
5531,162
5531,169
5531,239
5531,253
5531,289
5531,194
5532,49
5532,156
5532,70
5532,213
5532,101
5532,169
5532,41
5532,46
5532,61
5532,63
5533,68
5533,28
5533,32
5533,50
5533,95
5533,203
5533,285
5534,257
5534,198
5534,68
5534,10
5534,28
5534,32
5534,50
5534,95
5534,201
5534,203
5535,150
5535,269
5536,92
5536,150
5536,269
5537,68
5537,47
5537,10
5537,28
5537,32
5537,50
5537,201
5537,203
5537,279
5538,54
5538,71
5538,92
5538,97
5538,150
5538,177
5538,198
5538,50
5538,285
5539,47
5539,10
5540,72
5540,149
5540,234
5540,8
5540,26
5540,31
5540,37
5540,38
5540,41
5540,45
5541,4
5541,30
5541,36
5541,56
5541,89
5541,158
5541,212
5541,224
5541,230
5541,17
5542,49
5542,101
5542,169
5543,14
5543,174
5543,10
5543,234
5544,206
5545,25
5545,54
5545,92
5545,97
5545,150
5545,177
5545,269
5546,234
5546,8
5546,26
5546,38
5546,41
5546,45
5546,61
5546,55
5546,73
5546,76
5547,209
5548,57
5548,66
5548,115
5549,257
5549,54
5549,92
5549,97
5549,177
5549,198
5549,68
5549,10
5549,28
5549,32
5550,49
5550,101
5550,128
5550,142
5550,162
5550,169
5550,253
5550,289
5550,193
5551,257
5551,68
5551,28
5551,32
5551,50
5551,95
5551,203
5551,241
5551,285
5552,54
5552,198
5552,50
5553,57
5553,66
5553,257
5553,25
5553,54
5553,71
5553,92
5553,150
5553,198
5553,269
5554,10
5554,28
5554,32
5554,201
5554,203
5554,241
5555,68
5555,10
5555,28
5555,32
5555,50
5555,95
5555,201
5555,203
5555,285
5556,47
5556,10
5556,28
5556,32
5556,201
5556,279
5557,257
5557,25
5557,54
5557,71
5557,92
5557,97
5557,150
5557,177
5557,198
5557,68
5558,71
5558,92
5558,97
5558,150
5558,177
5558,269
5559,234
5559,131
5559,164
5560,238
5560,209
5560,81
5560,7
5561,47
5561,10
5561,32
5561,279
5562,101
5562,20
5562,27
5562,40
5562,128
5562,162
5562,169
5562,253
5562,289
5562,193
5563,101
5564,206
5565,238
5565,209
5565,6
5565,159
5565,258
5565,293
5565,94
5565,144
5565,148
5566,150
5567,68
5567,50
5567,203
5568,234
5568,8
5568,31
5568,38
5568,53
5568,61
5568,122
5568,141
5568,161
5568,164
5569,49
5569,116
5569,248
5569,238
5569,209
5569,159
5569,269
5569,124
5569,147
5569,78
5570,25
5570,54
5570,71
5570,92
5570,97
5570,150
5570,177
5570,269
5571,32
5572,203
5573,257
5573,25
5573,54
5573,92
5573,97
5573,150
5573,177
5573,198
5573,68
5573,10
5574,10
5574,28
5574,32
5574,202
5575,150
5575,269
5576,47
5576,10
5577,234
5577,164
5578,257
5578,198
5578,68
5578,10
5578,28
5578,32
5578,50
5578,95
5578,201
5578,203
5579,257
5579,25
5579,54
5579,71
5579,92
5579,97
5579,150
5579,177
5579,198
5579,68
5580,49
5580,248
5580,101
5580,20
5580,35
5580,40
5580,105
5580,128
5580,142
5580,162
5581,103
5582,25
5582,54
5582,71
5582,92
5582,97
5582,150
5582,177
5582,198
5582,68
5582,10
5583,10
5583,28
5583,32
5583,201
5584,14
5584,200
5584,105
5585,32
5586,9
5586,18
5586,21
5586,57
5586,64
5586,66
5586,90
5586,91
5586,115
5586,215
5587,10
5587,32
5587,201
5588,239
5589,257
5589,25
5589,54
5589,71
5589,92
5589,97
5589,150
5589,177
5589,198
5589,68
5590,47
5590,203
5591,25
5591,54
5591,92
5591,97
5591,150
5591,177
5591,198
5591,50
5591,285
5592,10
5592,32
5592,201
5593,101
5593,20
5593,169
5593,239
5593,194
5594,25
5594,54
5594,71
5594,92
5594,97
5594,150
5594,177
5594,198
5594,68
5594,10
5595,257
5595,54
5595,198
5595,68
5595,47
5595,10
5595,28
5595,32
5595,50
5595,95
5596,57
5597,238
5598,257
5598,25
5598,54
5598,92
5598,97
5598,177
5598,198
5598,68
5598,28
5598,32
5599,49
5599,116
5599,236
5599,156
5599,36
5599,89
5599,158
5599,212
5599,224
5599,70
5600,25
5600,54
5600,71
5600,92
5600,97
5600,150
5600,177
5600,198
5601,68
5601,28
5601,50
5601,203
5601,285
5602,25
5602,54
5602,71
5602,92
5602,150
5602,177
5602,198
5602,42
5602,269
5602,68
5603,18
5603,57
5603,66
5603,115
5603,25
5603,54
5603,71
5603,92
5603,97
5603,150
5604,234
5604,8
5604,31
5604,161
5604,164
5604,296
5604,297
5605,26
5605,37
5605,41
5605,55
5605,85
5605,88
5605,93
5605,94
5605,144
5605,180
5606,257
5606,150
5606,198
5606,68
5606,28
5606,32
5606,50
5606,95
5606,203
5606,241
5607,257
5607,25
5607,92
5607,97
5607,177
5607,198
5607,68
5607,10
5607,28
5607,32
5608,257
5608,25
5608,54
5608,92
5608,97
5608,150
5608,177
5608,198
5608,68
5608,28
5609,68
5609,32
5609,50
5609,203
5610,68
5610,10
5610,28
5610,32
5610,50
5610,201
5610,203
5611,257
5611,68
5611,32
5611,50
5611,95
5611,203
5611,241
5611,285
5612,203
5613,234
5613,8
5613,31
5613,61
5613,141
5613,161
5613,164
5613,251
5613,296
5613,297
5614,14
5614,200
5614,231
5614,284
5614,101
5614,35
5614,105
5614,142
5614,162
5614,206
5615,49
5615,213
5615,101
5615,239
5615,1
5615,110
5615,121
5615,125
5615,126
5615,191
5616,10
5616,28
5616,32
5616,201
5616,203
5616,279
5617,47
5617,10
5617,32
5617,201
5617,203
5617,279
5618,234
5618,8
5618,31
5618,61
5618,131
5618,141
5618,161
5618,164
5618,296
5618,297
5619,68
5619,47
5619,10
5619,28
5619,32
5619,50
5619,95
5619,201
5619,203
5619,279
5620,150
5620,269
5621,49
5621,70
5621,101
5621,20
5621,128
5621,162
5621,169
5621,239
5621,253
5621,289
5622,105
5623,101
5624,47
5624,10
5625,150
5625,269
5626,198
5626,68
5626,50
5627,14
5627,234
5627,161
5627,164
5628,105
5628,142
5629,49
5629,101
5629,20
5629,40
5629,128
5629,162
5629,169
5629,239
5629,253
5629,289
5630,54
5630,97
5630,177
5630,198
5630,68
5630,10
5630,28
5630,32
5630,50
5630,95
5631,47
5631,10
5631,279
5632,47
5632,10
5633,8
5633,38
5633,41
5633,45
5633,53
5633,61
5633,55
5633,83
5633,88
5633,93
5634,10
5634,28
5634,32
5634,201
5634,279
5635,40
5635,105
5635,128
5636,49
5636,116
5636,185
5636,236
5636,248
5636,213
5636,101
5636,20
5636,27
5636,40
5637,115
5638,10
5638,32
5638,279
5638,234
5638,164
5639,49
5639,101
5639,27
5639,128
5639,162
5639,253
5639,289
5640,28
5640,32
5640,50
5640,203
5641,42
5641,269
5642,8
5642,45
5642,53
5642,61
5642,83
5643,14
5643,105
5644,25
5644,54
5644,71
5644,92
5644,97
5644,150
5644,177
5644,198
5644,42
5644,269
5645,257
5645,54
5645,198
5645,68
5645,50
5645,203
5645,285
5646,66
5647,68
5647,47
5647,203
5648,257
5648,25
5648,54
5648,71
5648,92
5648,97
5648,150
5648,177
5648,198
5648,68
5649,257
5649,68
5649,47
5649,10
5649,28
5649,32
5649,50
5649,203
5649,285
5649,234
5650,72
5650,8
5650,41
5650,45
5650,53
5650,61
5650,55
5650,83
5650,88
5650,93
5651,150
5652,54
5652,97
5652,177
5652,198
5652,68
5652,28
5652,32
5652,50
5652,203
5653,234
5653,8
5653,31
5653,131
5653,161
5653,164
5653,296
5653,297
5654,10
5654,28
5654,32
5654,201
5654,203
5654,241
5655,32
5655,201
5656,9
5656,21
5656,64
5656,90
5656,215
5656,216
5656,218
5656,257
5656,198
5656,68
5657,72
5657,8
5657,41
5657,45
5657,53
5657,61
5657,55
5657,83
5657,88
5657,93
5658,234
5658,8
5658,38
5658,53
5658,61
5658,83
5658,122
5658,141
5658,161
5658,164
5659,47
5659,10
5659,28
5659,32
5659,201
5659,203
5659,279
5660,66
5661,47
5661,10
5661,203
5662,269
5663,80
5663,16
5663,30
5663,36
5663,56
5663,62
5663,74
5663,87
5663,89
5663,99
5664,206
5665,49
5665,101
5665,20
5665,128
5665,289
5666,35
5666,40
5666,105
5666,128
5666,142
5666,162
5666,228
5666,253
5666,289
5667,47
5667,10
5668,116
5668,269
5668,213
5669,73
5669,76
5669,240
5670,150
5670,269
5671,234
5671,8
5671,31
5671,61
5671,73
5671,76
5671,122
5671,131
5671,164
5671,214
5672,10
5672,28
5672,32
5672,201
5672,281
5673,47
5673,10
5674,257
5675,116
5675,42
5675,269
5675,213
5676,257
5676,47
5676,10
5676,28
5676,32
5676,50
5676,95
5676,201
5676,241
5676,279
5677,49
5678,49
5678,156
5678,213
5678,101
5678,20
5678,27
5678,128
5678,162
5678,169
5678,253
5679,269
5680,49
5680,101
5680,20
5680,27
5680,35
5680,40
5680,105
5680,128
5680,142
5680,162
5681,257
5681,32
5681,50
5681,95
5681,285
5682,32
5682,50
5682,95
5682,241
5682,285
5683,257
5683,25
5683,54
5683,92
5683,97
5683,150
5683,177
5683,198
5683,269
5683,68
5684,257
5684,25
5684,54
5684,71
5684,92
5684,97
5684,150
5684,177
5684,198
5684,68
5685,18
5685,57
5685,66
5685,150
5685,269
5686,72
5686,234
5686,8
5686,38
5686,41
5686,45
5686,53
5686,61
5686,73
5686,76
5687,47
5687,10
5688,49
5688,116
5688,185
5688,236
5688,156
5688,248
5688,213
5688,101
5688,20
5688,35
5689,32
5689,50
5689,95
5689,241
5689,287
5690,70
5690,63
5690,73
5690,232
5690,240
5690,295
5690,113
5690,118
5690,222
5691,25
5691,71
5691,92
5691,97
5691,150
5691,177
5691,198
5691,50
5691,285
5692,105
5692,142
5692,253
5693,68
5693,50
5693,203
5693,285
5694,150
5694,269
5695,54
5695,71
5695,92
5695,97
5695,150
5695,177
5696,49
5696,70
5696,101
5696,73
5696,76
5696,240
5696,1
5696,12
5696,17
5696,19
5697,68
5697,28
5697,32
5697,50
5697,95
5697,203
5697,285
5698,10
5698,28
5698,32
5698,50
5698,201
5698,203
5698,279
5698,285
5699,140
5700,159
5700,293
5700,68
5700,10
5700,32
5700,201
5700,203
5700,234
5700,8
5700,26
5701,18
5701,269
5702,47
5702,10
5703,54
5703,97
5703,177
5703,198
5703,50
5704,54
5704,71
5704,92
5704,97
5704,150
5704,177
5705,54
5705,198
5705,68
5705,50
5705,203
5706,150
5706,269
5707,68
5707,50
5708,47
5708,10
5708,28
5708,203
5709,238
5709,209
5709,81
5709,6
5709,159
5709,258
5709,37
5709,88
5709,144
5709,223
5710,47
5710,10
5710,28
5710,32
5710,201
5710,279
5711,25
5711,54
5711,71
5711,92
5711,97
5711,150
5711,177
5711,198
5711,68
5711,10
5712,234
5712,8
5712,31
5712,131
5712,164
5712,296
5712,297
5713,47
5713,10
5713,28
5714,10
5714,28
5714,32
5714,50
5714,201
5714,279
5714,285
5715,66
5716,72
5716,8
5716,41
5716,45
5716,53
5716,61
5716,83
5716,181
5716,237
5716,240
5717,68
5717,32
5717,203
5718,116
5718,238
5718,209
5718,54
5718,150
5718,159
5718,269
5718,124
5718,147
5718,68
5719,10
5719,32
5719,279
5719,234
5719,164
5720,101
5720,193
5721,257
5721,10
5721,32
5721,95
5721,201
5721,241
5721,285
5722,35
5722,105
5722,142
5722,162
5722,253
5723,71
5723,92
5723,97
5723,150
5723,177
5724,68
5725,257
5725,25
5725,54
5725,71
5725,92
5725,97
5725,150
5725,177
5725,198
5725,68
5726,257
5726,25
5726,54
5726,71
5726,92
5726,150
5726,68
5726,10
5726,28
5726,32
5727,10
5727,28
5727,32
5727,201
5727,279
5728,32
5728,95
5728,241
5728,287
5729,49
5729,98
5729,14
5729,200
5729,101
5729,40
5729,105
5729,128
5729,162
5729,169
5730,68
5730,28
5730,32
5730,50
5730,95
5730,203
5730,241
5730,285
5731,10
5731,32
5731,279
5732,14
5732,200
5732,231
5732,105
5732,206
5732,254
5733,68
5733,47
5733,10
5733,28
5733,32
5733,50
5733,201
5733,203
5733,279
5734,72
5734,41
5734,45
5734,53
5734,83
5734,181
5735,25
5735,54
5735,92
5735,97
5735,150
5735,177
5735,198
5735,10
5735,28
5735,50
5736,68
5736,47
5736,10
5736,28
5736,50
5736,203
5736,285
5737,198
5737,68
5737,10
5737,28
5737,32
5737,50
5737,95
5737,201
5737,203
5737,241
5738,257
5738,25
5738,54
5738,92
5738,97
5738,150
5738,177
5738,198
5738,68
5738,10
5739,41
5739,53
5739,61
5739,55
5739,83
5739,88
5739,122
5739,132
5739,226
5739,251
5740,18
5740,57
5741,234
5741,8
5741,31
5741,131
5741,161
5741,164
5741,296
5741,297
5742,71
5742,92
5742,97
5742,150
5742,269
5743,47
5744,150
5744,269
5744,124
5744,147
5744,78
5744,48
5744,263
5744,186
5744,207
5745,68
5745,32
5745,50
5745,203
5745,285
5746,150
5747,139
5748,68
5748,10
5748,28
5748,32
5748,50
5748,95
5748,201
5748,241
5748,279
5748,285
5749,238
5750,71
5750,92
5750,97
5750,150
5751,63
5751,73
5751,76
5751,122
5751,232
5751,237
5751,240
5751,251
5751,264
5752,168
5753,234
5753,8
5753,31
5753,38
5753,61
5753,122
5753,141
5753,161
5753,164
5753,214
5754,47
5754,10
5755,49
5755,156
5755,213
5755,101
5755,169
5755,1
5755,12
5755,17
5755,110
5755,121
5756,63
5756,73
5756,76
5756,122
5756,232
5756,237
5756,240
5756,251
5756,264
5757,71
5757,92
5757,150
5758,257
5758,25
5758,54
5758,92
5758,97
5758,150
5758,177
5758,198
5758,68
5758,10
5759,18
5760,92
5760,150
5760,269
5761,50
5762,68
5762,28
5762,50
5762,203
5763,149
5763,139
5763,141
5763,161
5763,251
5764,14
5764,200
5764,105
5764,254
5765,25
5765,71
5765,92
5765,97
5765,150
5766,150
5767,10
5767,32
5768,54
5768,177
5768,198
5768,68
5768,28
5768,32
5768,50
5768,95
5768,201
5768,203
5769,68
5769,50
5769,285
5770,32
5770,95
5770,241
5770,285
5771,25
5771,92
5771,97
5771,150
5772,257
5772,50
5772,95
5772,241
5772,287
5773,68
5773,28
5773,32
5773,50
5773,203
5774,68
5774,28
5774,50
5774,203
5774,285
5775,228
5775,253
5775,289
5776,10
5776,28
5776,32
5776,50
5776,201
5776,279
5776,285
5777,28
5777,32
5777,50
5777,203
5777,285
5778,68
5778,28
5778,50
5778,203
5778,285
5779,21
5780,49
5780,101
5780,20
5780,27
5780,35
5780,40
5780,105
5780,128
5780,142
5780,162
5781,28
5781,32
5781,203
5782,47
5782,10
5782,203
5783,101
5784,68
5784,10
5784,28
5784,32
5784,50
5784,201
5784,203
5784,285
5785,14
5786,225
5787,49
5787,116
5787,185
5787,156
5787,213
5787,40
5787,128
5787,162
5787,253
5787,289
5788,234
5788,31
5788,161
5788,296
5788,297
5789,115
5789,25
5789,97
5789,150
5789,50
5790,122
5790,232
5790,251
5791,75
5792,25
5792,92
5792,150
5793,47
5794,139
5795,150
5796,28
5796,32
5796,201
5797,101
5797,193
5798,25
5798,71
5798,92
5798,97
5798,150
5798,177
5798,269
5799,115
5800,257
5800,25
5800,54
5800,71
5800,92
5800,97
5800,150
5800,177
5800,198
5800,68
5801,9
5801,64
5801,90
5801,91
5801,215
5801,216
5801,218
5802,47
5802,10
5802,28
5802,32
5802,201
5802,203
5802,279
5803,269
5804,28
5805,68
5805,28
5805,32
5805,50
5805,95
5805,203
5805,241
5805,285
5806,68
5806,50
5807,47
5807,10
5807,28
5807,32
5807,201
5807,203
5807,279
5808,232
5809,14
5809,200
5809,78
5809,195
5809,231
5809,284
5809,105
5810,10
5810,28
5810,32
5810,201
5810,203
5810,241
5810,279
5811,32
5811,95
5811,203
5812,18
5812,57
5812,66
5812,269
5813,101
5813,20
5813,40
5813,105
5813,128
5813,142
5813,162
5813,169
5813,228
5813,239
5814,54
5814,198
5814,50
5814,285
5815,139
5816,234
5816,31
5816,131
5816,164
5817,47
5817,10
5817,28
5817,32
5817,201
5817,203
5817,279
5818,25
5818,54
5818,92
5818,97
5818,150
5818,177
5818,198
5818,68
5818,50
5818,203
5819,47
5819,10
5820,54
5820,198
5820,68
5820,50
5820,203
5820,285
5821,32
5821,95
5821,241
5821,285
5822,198
5822,68
5822,28
5822,50
5822,203
5823,25
5823,54
5823,71
5823,92
5823,97
5823,150
5823,177
5823,198
5823,68
5823,10
5824,68
5824,28
5824,32
5824,50
5824,95
5824,203
5824,241
5824,285
5825,68
5825,28
5825,32
5825,50
5825,95
5825,203
5825,241
5825,285
5826,71
5826,92
5826,97
5826,150
5826,179
5826,167
5827,139
5828,234
5828,8
5828,26
5828,31
5828,37
5828,41
5828,45
5828,46
5828,61
5828,55
5829,6
5829,70
5829,133
5829,159
5829,258
5829,46
5829,144
5829,148
5829,180
5829,240
5830,68
5830,28
5830,32
5830,50
5830,95
5830,203
5830,241
5830,285
5831,47
5831,10
5832,6
5832,70
5832,133
5832,159
5832,258
5832,293
5832,101
5832,46
5832,148
5832,180
5833,68
5833,10
5833,28
5833,32
5833,50
5833,95
5833,201
5833,203
5834,49
5834,101
5834,20
5834,27
5834,40
5834,105
5834,128
5834,142
5834,162
5834,169
5835,167
5836,68
5836,10
5836,32
5836,50
5836,95
5836,201
5836,203
5836,285
5837,47
5837,10
5837,32
5837,201
5837,279
5838,10
5838,28
5839,68
5839,28
5839,32
5839,50
5839,95
5839,203
5839,285
5840,70
5840,8
5840,26
5840,37
5840,41
5840,45
5840,46
5840,61
5840,55
5840,63
5841,68
5842,18
5842,57
5843,168
5844,47
5844,10
5845,10
5846,25
5846,54
5846,71
5846,92
5846,97
5846,150
5846,177
5847,234
5847,8
5847,26
5847,31
5847,38
5847,41
5847,45
5847,46
5847,53
5847,61
5848,9
5848,18
5848,21
5848,64
5848,66
5848,90
5848,91
5848,115
5848,215
5848,216
5849,32
5850,68
5850,50
5850,203
5850,285
5851,68
5851,28
5851,32
5851,50
5851,95
5851,203
5851,241
5851,285
5852,50
5852,285
5853,101
5853,239
5854,10
5854,32
5854,201
5855,150
5856,68
5856,50
5856,203
5857,47
5857,10
5857,28
5857,201
5858,14
5858,174
5858,47
5858,10
5858,32
5858,279
5858,234
5859,25
5859,54
5859,92
5859,97
5859,150
5859,177
5859,198
5860,25
5860,54
5860,71
5860,92
5860,97
5860,150
5860,177
5860,198
5860,68
5860,51
5860,167
5861,54
5861,198
5861,50
5862,54
5862,97
5862,177
5862,198
5862,68
5862,50
5863,115
5864,257
5864,25
5864,54
5864,71
5864,92
5864,97
5864,150
5864,177
5864,198
5864,68
5865,72
5865,8
5865,26
5865,37
5865,41
5865,45
5865,46
5865,53
5865,61
5865,55
5866,198
5866,68
5866,50
5867,68
5867,203
5868,9
5868,21
5868,64
5868,90
5868,215
5868,216
5868,218
5868,257
5868,25
5868,71
5869,92
5869,97
5869,150
5869,177
5869,269
5870,47
5871,57
5872,68
5872,10
5872,28
5872,32
5872,50
5872,95
5872,201
5872,203
5872,285
5873,14
5873,174
5873,234
5873,164
5874,25
5874,54
5874,92
5874,97
5874,177
5874,198
5874,68
5874,50
5874,285
5875,28
5875,32
5875,50
5875,203
5876,150
5876,42
5876,269
5876,213
5876,14
5876,174
5876,147
5876,47
5876,203
5877,32
5878,269
5879,54
5879,198
5879,68
5879,28
5879,32
5879,50
5879,95
5879,203
5879,241
5879,285
5880,150
5881,25
5881,54
5881,71
5881,92
5881,97
5881,150
5881,177
5881,269
5882,18
5882,57
5882,269
5883,47
5883,10
5883,28
5883,203
5884,32
5885,32
5886,68
5886,203
5887,68
5887,32
5887,50
5887,203
5888,234
5888,76
5888,122
5888,141
5888,161
5888,232
5888,251
5888,296
5888,297
5889,68
5889,50
5889,203
5890,68
5891,10
5891,28
5891,32
5891,201
5892,101
5893,269
5894,32
5894,241
5895,116
5895,42
5895,269
5895,213
5896,70
5896,101
5896,37
5896,46
5896,63
5896,73
5896,76
5896,144
5896,148
5896,180
5897,10
5897,28
5897,32
5897,201
5897,203
5897,279
5898,25
5898,54
5898,71
5898,92
5898,97
5898,150
5898,177
5898,198
5898,68
5898,10
5899,10
5899,32
5899,201
5900,234
5900,8
5900,26
5900,31
5900,37
5900,38
5900,41
5900,45
5900,46
5900,53
5901,57
5902,25
5902,54
5902,92
5902,97
5902,150
5902,177
5902,198
5902,68
5902,50
5903,10
5903,32
5903,201
5904,234
5904,164
5905,68
5905,32
5905,50
5905,203
5905,285
5906,150
5907,57
5908,25
5908,71
5908,92
5908,97
5908,150
5908,177
5908,269
5909,54
5909,198
5909,68
5909,28
5909,32
5909,50
5909,203
5909,285
5910,101
5910,239
5911,50
5912,257
5912,42
5912,269
5912,68
5912,10
5912,28
5912,32
5912,50
5912,95
5912,201
5913,32
5914,47
5914,10
5915,54
5915,97
5915,177
5915,198
5915,68
5915,50
5916,150
5917,47
5917,10
5917,28
5917,32
5917,201
5917,203
5917,279
5918,66
5919,116
5919,42
5919,269
5919,213
5920,41
5921,234
5921,8
5921,31
5921,41
5921,52
5921,61
5921,122
5921,131
5921,139
5921,141
5922,54
5922,177
5922,198
5922,68
5922,28
5922,32
5922,50
5922,95
5922,203
5922,241
5923,10
5923,28
5923,32
5923,201
5923,279
5924,66
5925,101
5926,76
5927,142
5928,49
5928,101
5928,27
5928,128
5928,162
5928,169
5928,253
5928,290
5929,32
5930,198
5930,68
5930,28
5930,32
5930,50
5930,95
5930,201
5930,203
5930,241
5930,285
5931,63
5932,49
5932,98
5932,185
5932,236
5932,156
5932,248
5932,213
5932,105
5932,128
5932,142
5933,54
5933,198
5933,50
5933,285
5934,68
5934,47
5934,10
5934,28
5934,50
5934,203
5935,9
5935,21
5935,64
5935,90
5935,215
5935,216
5935,218
5935,257
5935,25
5935,54
5936,71
5936,92
5936,97
5936,150
5936,177
5937,257
5937,198
5937,32
5937,50
5937,95
5937,203
5937,241
5937,285
5938,92
5938,150
5938,42
5938,269
5939,10
5939,201
5940,25
5940,54
5940,92
5940,97
5940,150
5940,177
5940,198
5940,50
5941,234
5941,8
5941,31
5941,38
5941,41
5941,46
5941,53
5941,61
5941,63
5941,73
5942,10
5942,28
5942,32
5942,201
5943,68
5943,50
5944,198
5944,68
5944,28
5944,32
5944,50
5944,203
5944,241
5944,285
5945,10
5945,28
5945,32
5945,201
5945,279
5946,49
5947,257
5947,68
5947,28
5947,32
5947,50
5947,95
5947,203
5947,285
5948,154
5948,213
5948,266
5948,12
5948,17
5948,86
5948,110
5948,121
5948,126
5948,260
5949,68
5949,10
5949,28
5949,32
5949,50
5949,95
5949,201
5949,203
5949,241
5949,285
5950,57
5950,257
5950,269
5950,68
5950,10
5950,28
5950,32
5950,50
5950,95
5950,201
5951,10
5951,28
5951,32
5951,201
5951,203
5952,10
5952,28
5952,201
5952,279
5953,72
5953,8
5953,26
5953,38
5953,41
5953,45
5953,53
5953,61
5953,55
5953,76
5954,68
5954,50
5955,14
5955,174
5955,47
5955,10
5955,32
5955,234
5956,10
5956,28
5956,201
5957,68
5957,32
5957,50
5957,203
5957,285
5958,54
5958,92
5958,97
5958,177
5958,198
5958,68
5958,28
5958,32
5958,50
5958,203
5959,49
5959,101
5959,27
5959,162
5959,169
5960,47
5960,10
5961,10
5961,28
5962,234
5962,8
5962,31
5962,38
5962,41
5962,53
5962,61
5962,55
5962,83
5962,93
5963,25
5963,54
5963,71
5963,92
5963,97
5963,150
5963,177
5963,198
5963,68
5963,28
5964,43
5965,150
5966,150
5966,269
5967,257
5968,68
5968,32
5968,50
5968,95
5968,203
5968,241
5968,285
5969,168
5969,167
5970,91
5971,116
5971,42
5971,269
5971,213
5972,32
5972,149
5973,257
5973,54
5973,177
5973,198
5973,68
5973,28
5973,32
5973,50
5973,95
5973,203
5974,68
5974,50
5974,203
5975,150
5976,54
5976,97
5976,177
5976,198
5976,68
5976,10
5976,28
5976,32
5976,50
5976,95
5977,47
5977,10
5978,49
5978,116
5978,185
5978,236
5978,156
5978,213
5978,101
5978,20
5978,35
5978,40
5979,68
5979,28
5979,32
5979,50
5979,95
5979,203
5979,285
5980,54
5980,71
5980,92
5980,150
5981,234
5981,38
5981,61
5981,122
5981,141
5981,161
5981,214
5981,237
5981,240
5981,251
5982,150
5982,14
5982,174
5982,147
5982,78
5982,47
5983,25
5983,54
5983,92
5983,97
5983,150
5983,177
5983,198
5984,234
5984,8
5984,31
5984,164
5984,297
5985,257
5985,68
5985,28
5985,32
5985,50
5985,95
5985,203
5985,241
5985,285
5986,257
5986,54
5986,97
5986,177
5986,198
5986,68
5986,10
5986,28
5986,32
5986,50
5987,50
5988,239
5989,198
5989,68
5989,10
5989,28
5989,32
5989,50
5989,95
5989,201
5989,203
5989,241
5990,47
5990,10
5991,174
5991,47
5991,10
5991,203
5991,279
5991,234
5992,10
5992,28
5992,32
5992,201
5992,279
5993,68
5994,257
5994,68
5994,28
5994,32
5994,50
5994,95
5994,203
5994,241
5994,285
5995,68
5995,50
5995,285
5996,101
5996,20
5996,162
5996,253
5996,1
5996,121
5996,193
5996,249
5997,234
5997,131
5997,164
5998,25
5998,97
5998,150
5999,25
5999,54
5999,92
5999,97
5999,150
5999,177
5999,198
5999,68
5999,50
6000,101
6000,169
6000,193
6001,168
6002,25
6002,50
6002,54
6002,68
6002,71
6002,90
6002,92
6002,95
6002,97
6002,150
6003,25
6003,54
6003,92
6003,97
6003,150
6003,177
6003,198
6003,68
6003,50
6004,68
6004,47
6004,203
6005,54
6005,198
6005,68
6005,50
6005,203
6005,285
6006,198
6006,50
6006,285
6007,150
6008,234
6008,8
6008,31
6008,161
6008,164
6008,296
6009,234
6009,131
6009,164
6010,68
6010,50
6010,203
6010,285
6011,47
6011,10
6012,257
6012,25
6012,54
6012,71
6012,92
6012,97
6012,150
6012,177
6012,198
6012,68
6013,8
6013,164
6014,49
6014,185
6014,236
6014,156
6014,213
6014,101
6014,20
6014,40
6014,128
6014,162
6015,68
6015,28
6015,50
6015,203
6016,257
6016,25
6016,54
6016,71
6016,92
6016,97
6016,150
6016,177
6016,198
6016,68
6017,50
6017,285
6018,68
6018,28
6018,32
6018,50
6018,203
6018,285
6019,182
6020,37
6020,46
6020,144
6020,148
6020,180
6020,240
6021,68
6021,50
6021,285
6022,6
6022,70
6022,133
6022,159
6022,258
6022,293
6022,46
6022,144
6022,148
6022,180
6023,72
6023,8
6023,41
6023,53
6023,61
6023,55
6023,83
6023,88
6023,93
6023,132
6024,49
6024,98
6024,116
6024,185
6024,236
6024,156
6024,248
6024,213
6024,101
6024,20
6025,25
6025,54
6025,71
6025,92
6025,97
6025,150
6025,177
6025,198
6025,68
6025,28
6026,181
6027,54
6027,97
6027,177
6028,285
6029,18
6030,257
6030,47
6030,10
6030,28
6030,32
6030,50
6030,95
6030,201
6030,203
6030,241
6031,105
6032,25
6032,54
6032,92
6032,97
6032,150
6032,177
6032,198
6032,68
6032,50
6032,203
6033,203
6034,159
6034,32
6034,279
6034,148
6034,223
6034,43
6035,54
6035,150
6035,177
6035,198
6035,14
6035,174
6035,79
6035,256
6035,68
6035,50
6036,150
6037,57
6038,54
6038,198
6038,68
6038,10
6038,28
6038,32
6038,50
6038,95
6038,201
6038,203
6039,234
6039,8
6039,31
6039,38
6039,61
6039,122
6039,131
6039,141
6039,161
6039,164
6040,14
6040,174
6040,47
6040,10
6040,234
6041,32
6042,54
6042,198
6042,68
6042,203
6042,50
6043,150
6043,269
6044,50
6044,285
6045,32
6045,285
6046,18
6046,57
6046,66
6046,115
6046,269
6047,4
6047,30
6047,36
6047,56
6047,89
6047,158
6047,224
6047,70
6047,234
6047,31
6048,238
6048,209
6048,81
6048,6
6048,70
6048,133
6048,159
6048,258
6048,293
6048,73
6049,54
6049,177
6049,198
6050,57
6050,66
6050,269
6051,49
6051,101
6051,169
6051,1
6051,121
6051,126
6051,193
6051,249
6051,262
6051,283
6052,72
6052,8
6052,26
6052,37
6052,38
6052,41
6052,45
6052,46
6052,53
6052,61
6053,32
6053,50
6053,201
6053,203
6053,285
6054,40
6054,128
6054,162
6054,253
6054,289
6055,234
6055,8
6055,31
6055,164
6055,296
6055,297
6056,68
6056,28
6056,32
6056,50
6056,95
6056,203
6056,285
6057,54
6057,198
6057,68
6057,50
6057,203
6058,257
6058,68
6058,28
6058,32
6058,50
6058,95
6058,203
6058,241
6058,285
6059,57
6060,32
6061,10
6061,32
6061,201
6062,206
6063,10
6063,32
6063,201
6063,279
6064,54
6064,198
6065,47
6065,10
6065,28
6065,203
6066,71
6066,92
6066,97
6066,150
6067,68
6067,28
6067,32
6067,50
6067,95
6067,203
6067,285
6068,32
6069,32
6070,150
6071,54
6071,198
6072,115
6072,50
6073,257
6073,68
6073,28
6073,32
6073,50
6073,95
6073,201
6073,203
6073,241
6073,285
6074,68
6075,57
6076,10
6076,32
6077,10
6077,32
6077,201
6078,68
6078,50
6078,203
6079,234
6079,8
6079,31
6079,161
6079,164
6079,297
6080,198
6080,68
6080,50
6081,14
6081,174
6081,47
6081,10
6081,279
6081,234
6082,54
6082,198
6082,68
6082,28
6082,32
6082,50
6082,203
6082,285
6083,32
6084,68
6084,10
6084,28
6084,32
6084,50
6084,201
6084,203
6084,279
6084,285
6085,68
6085,10
6085,28
6085,32
6085,50
6085,201
6085,203
6085,285
6086,76
6086,122
6086,141
6086,161
6086,232
6086,237
6086,240
6086,251
6086,264
6086,110
6087,47
6087,10
6087,28
6087,32
6087,201
6087,279
6088,257
6088,54
6088,198
6088,269
6088,68
6088,10
6088,28
6088,32
6088,50
6088,95
6089,28
6089,32
6089,50
6089,203
6090,68
6090,50
6091,257
6091,68
6091,10
6091,28
6091,32
6091,50
6091,95
6091,201
6091,203
6091,241
6092,68
6092,28
6092,32
6092,50
6092,203
6093,92
6093,150
6094,47
6094,10
6094,28
6094,203
6095,54
6095,97
6095,177
6095,198
6095,68
6095,50
6096,25
6096,54
6096,92
6096,97
6096,150
6096,177
6096,198
6096,50
6096,285
6097,257
6097,68
6097,47
6097,10
6097,28
6097,32
6097,50
6097,95
6097,201
6097,203
6098,257
6098,68
6098,47
6098,10
6098,28
6098,32
6098,50
6098,95
6098,201
6098,203
6099,68
6099,47
6099,10
6099,32
6099,203
6099,279
6100,257
6100,10
6100,28
6100,32
6100,50
6100,201
6100,285
6101,95
6101,201
6101,203
6101,241
6101,279
6101,285
6102,257
6102,269
6102,68
6102,10
6102,28
6102,32
6102,50
6102,95
6102,201
6102,203
6103,76
6103,122
6103,232
6103,251
6103,264
6104,115
6105,68
6105,203
6106,25
6106,54
6106,92
6106,97
6106,150
6106,177
6106,198
6106,68
6106,50
6106,203
6107,101
6108,168
6108,167
6109,234
6109,122
6109,141
6109,161
6109,251
6110,28
6110,32
6110,203
6111,54
6111,177
6111,198
6112,9
6112,21
6112,64
6112,90
6112,91
6112,215
6112,216
6112,218
6112,25
6112,150
6113,47
6113,10
6113,28
6113,32
6113,201
6113,279
6114,101
6115,68
6115,50
6116,50
6117,101
6118,68
6118,28
6118,32
6118,50
6118,203
6118,285
6119,257
6119,198
6119,68
6119,32
6119,50
6119,95
6119,203
6119,241
6119,285
6120,8
6120,164
6121,28
6121,203
6122,8
6122,53
6122,61
6123,57
6124,25
6124,54
6124,92
6124,97
6124,150
6124,177
6124,198
6124,50
6125,49
6125,101
6125,27
6125,162
6125,169
6126,150
6127,66
6128,54
6128,97
6128,177
6128,198
6128,68
6128,10
6128,28
6128,32
6128,50
6128,95
6129,49
6129,162
6129,253
6130,167
6131,68
6131,28
6131,32
6131,50
6131,203
6131,285
6132,47
6132,10
6132,28
6132,203
6133,9
6133,64
6133,91
6133,215
6133,216
6134,239
6135,25
6135,54
6135,92
6135,97
6135,177
6135,198
6135,68
6135,50
6135,285
6136,68
6136,28
6136,50
6136,203
6137,68
6137,50
6137,203
6137,285
6138,10
6138,28
6138,32
6138,201
6138,203
6138,279
6139,68
6140,68
6140,203
6141,257
6141,32
6141,95
6141,241
6141,285
6142,57
6142,269
6143,32
6144,49
6145,76
6145,122
6145,232
6145,237
6145,251
6145,264
6146,25
6146,54
6146,92
6146,97
6146,150
6146,177
6146,198
6147,10
6147,28
6147,32
6147,201
6148,50
6149,68
6149,28
6149,50
6149,203
6149,285
6150,54
6150,198
6151,101
6152,25
6152,54
6152,92
6152,97
6152,150
6152,177
6152,198
6153,54
6153,71
6153,92
6153,97
6153,150
6153,177
6153,198
6154,10
6154,28
6154,32
6154,201
6154,203
6154,285
6155,10
6155,28
6155,32
6155,201
6155,203
6155,279
6156,63
6156,76
6156,122
6156,232
6156,237
6156,240
6156,251
6156,264
6157,28
6157,32
6157,201
6158,47
6158,10
6158,28
6158,32
6158,50
6158,201
6158,203
6158,281
6159,198
6159,68
6159,28
6159,32
6159,50
6159,95
6159,203
6159,241
6159,285
6160,238
6160,6
6160,133
6160,159
6160,258
6160,293
6160,26
6160,37
6160,41
6160,46
6161,25
6161,54
6161,92
6161,97
6161,150
6161,177
6161,198
6162,58
6163,32
6163,95
6163,285
6164,10
6164,32
6164,201
6165,42
6165,269
6165,14
6165,174
6165,79
6165,147
6166,68
6166,28
6166,50
6166,203
6166,285
6167,14
6167,174
6167,47
6167,10
6167,32
6167,203
6167,279
6167,234
6168,10
6168,28
6168,32
6168,201
6168,279
6169,234
6169,8
6169,31
6169,38
6169,53
6169,61
6169,76
6169,83
6169,122
6169,141
6170,54
6170,198
6171,76
6171,122
6171,232
6171,237
6171,240
6171,251
6171,264
6172,257
6172,25
6172,54
6172,71
6172,92
6172,97
6172,150
6172,177
6172,198
6172,68
6173,54
6173,71
6173,150
6173,177
6173,42
6173,269
6173,68
6173,47
6173,50
6173,203
6174,92
6174,150
6175,54
6175,198
6175,68
6175,10
6175,28
6175,32
6175,50
6175,95
6175,201
6175,203
6176,25
6176,54
6176,71
6176,92
6176,97
6176,150
6176,177
6176,198
6177,25
6177,54
6177,71
6177,92
6177,97
6177,150
6177,177
6177,198
6177,50
6177,285
6178,115
6179,47
6179,10
6179,28
6179,203
6180,198
6180,50
6181,8
6181,38
6181,45
6181,61
6181,122
6181,214
6181,237
6181,240
6181,251
6181,264
6182,54
6182,198
6182,68
6182,28
6182,32
6182,50
6182,95
6182,203
6182,241
6182,285
6183,174
6183,47
6184,10
6184,32
6184,201
6185,10
6185,279
6186,9
6186,21
6186,64
6186,90
6186,91
6186,215
6186,216
6186,218
6186,257
6186,198
6187,105
6188,25
6188,54
6188,92
6188,97
6188,150
6188,177
6188,269
6189,68
6189,10
6189,28
6189,32
6189,50
6189,95
6189,201
6189,203
6189,241
6189,285
6190,234
6190,8
6190,31
6190,38
6190,61
6190,141
6190,161
6190,164
6190,214
6190,251
6191,47
6191,10
6191,28
6191,32
6191,203
6191,279
6192,68
6192,47
6192,28
6192,203
6193,68
6193,28
6193,32
6193,50
6193,203
6193,285
6194,47
6194,10
6195,28
6195,32
6195,95
6195,241
6195,285
6196,101
6196,20
6196,27
6196,162
6196,169
6197,32
6197,95
6197,285
6198,10
6198,29
6199,150
6200,68
6200,50
6200,203
6201,295
6202,8
6202,31
6202,164
6202,296
6202,297
6203,105
6204,68
6204,50
6204,285
6205,49
6206,257
6206,285
6207,54
6207,71
6207,92
6207,97
6207,150
6207,177
6208,68
6208,50
6208,203
6208,285
6209,68
6209,28
6209,32
6209,50
6209,95
6209,203
6209,241
6209,285
6210,257
6210,68
6210,32
6210,50
6210,95
6210,203
6210,241
6210,285
6211,150
6212,71
6212,92
6212,97
6212,150
6213,10
6213,32
6213,201
6213,279
6214,50
6215,32
6216,49
6216,101
6216,27
6216,128
6216,162
6216,169
6216,253
6216,289
6217,68
6218,10
6218,28
6218,32
6218,201
6218,279
6219,68
6219,10
6219,28
6219,32
6219,50
6219,95
6219,201
6219,203
6219,285
6220,9
6220,21
6220,64
6220,90
6220,91
6220,215
6220,216
6220,218
6220,257
6220,32
6221,257
6221,25
6221,54
6221,71
6221,92
6221,97
6221,150
6221,177
6221,198
6221,68
6222,28
6222,32
6222,203
6223,54
6223,97
6223,177
6223,198
6223,68
6223,28
6223,32
6223,50
6223,203
6223,285
6224,216
6224,257
6224,54
6224,198
6224,68
6224,10
6224,28
6224,32
6224,50
6224,95
6225,25
6225,54
6225,71
6225,92
6225,97
6225,150
6225,177
6225,198
6225,68
6225,28
6226,49
6226,40
6226,128
6226,142
6226,162
6226,253
6226,289
6227,257
6227,25
6227,54
6227,71
6227,92
6227,97
6227,150
6227,177
6227,198
6227,68
6228,68
6228,28
6228,50
6228,203
6228,285
6229,257
6229,25
6229,54
6229,71
6229,92
6229,97
6229,150
6229,177
6229,198
6229,68
6230,66
6231,54
6231,198
6232,198
6232,68
6232,10
6232,28
6232,32
6232,50
6232,95
6232,203
6232,241
6232,285
6233,47
6233,10
6233,28
6233,32
6233,201
6233,279
6234,54
6234,198
6235,49
6235,116
6235,185
6235,236
6235,248
6235,213
6235,40
6235,105
6235,128
6235,142
6236,28
6236,32
6236,203
6237,68
6237,50
6237,203
6238,150
6238,269
6239,32
6239,95
6239,241
6239,285
6240,10
6240,28
6240,32
6240,201
6240,203
6241,50
6242,25
6242,54
6242,71
6242,92
6242,97
6242,150
6242,177
6243,10
6243,28
6243,32
6243,50
6243,95
6243,285
6244,101
6244,239
6245,68
6246,28
6246,32
6246,241
6247,28
6247,32
6247,50
6247,95
6247,201
6247,241
6247,285
6248,257
6248,50
6248,285
6249,150
6250,47
6250,10
6251,257
6251,198
6251,68
6251,10
6251,28
6251,32
6251,50
6251,95
6251,201
6251,203
6252,26
6252,37
6252,41
6252,45
6252,46
6252,61
6252,55
6252,73
6252,76
6252,85
6253,68
6253,50
6253,285
6254,68
6254,32
6254,50
6254,203
6254,285
6255,257
6255,32
6255,95
6255,241
6255,285
6256,68
6256,50
6256,203
6257,92
6257,97
6257,150
6257,177
6258,32
6259,68
6259,10
6259,28
6259,32
6259,95
6259,201
6259,203
6259,285
6260,57
6261,68
6261,47
6261,10
6261,28
6261,32
6261,50
6261,201
6261,203
6261,279
6261,285
6262,68
6262,32
6262,50
6262,95
6262,203
6262,241
6262,285
6263,47
6263,10
6264,32
6264,50
6264,95
6264,241
6264,285
6265,198
6265,68
6265,50
6265,203
6265,285
6266,71
6266,92
6266,97
6266,177
6267,9
6267,21
6267,64
6267,90
6267,215
6267,216
6267,218
6267,257
6267,32
6267,95
6268,32
6268,95
6268,241
6268,285
6269,92
6269,150
6270,54
6270,198
6270,68
6270,28
6270,50
6270,203
6270,285
6271,32
6272,269
6272,14
6272,174
6272,79
6272,147
6272,256
6273,234
6273,8
6273,31
6273,38
6273,73
6273,76
6273,122
6273,161
6273,164
6273,214
6274,68
6274,32
6274,50
6274,203
6275,68
6275,47
6275,10
6275,28
6275,203
6276,150
6277,32
6278,32
6279,54
6279,97
6279,177
6279,198
6279,68
6279,50
6280,257
6280,54
6280,71
6280,92
6280,97
6280,150
6280,177
6280,198
6280,50
6280,285
6281,10
6281,32
6281,201
6282,203
6283,239
6284,54
6285,50
6286,50
6287,32
6288,64
6289,10
6289,28
6289,32
6289,201
6290,68
6290,10
6290,28
6290,32
6290,50
6290,201
6290,203
6290,279
6290,285
6291,82
6292,54
6292,177
6292,198
6292,68
6292,28
6292,32
6292,50
6292,203
6293,97
6293,150
6293,177
6293,198
6293,68
6293,10
6293,32
6293,50
6293,201
6293,203
6294,32
6295,196
6296,68
6296,50
6296,285
6297,150
6298,57
6299,25
6299,54
6299,71
6299,92
6299,97
6299,150
6299,177
6300,68
6300,10
6300,28
6300,32
6300,201
6300,203
6301,10
6301,28
6302,47
6302,10
6302,28
6302,203
6303,47
6303,203
6304,68
6304,28
6304,32
6304,50
6304,203
6304,285
6305,10
6305,28
6305,32
6305,201
6305,279
6306,35
6306,105
6306,142
6306,162
6306,206
6306,228
6306,253
6307,150
6307,269
6308,25
6308,54
6308,71
6308,92
6308,97
6308,150
6308,177
6308,198
6308,68
6308,10
6309,150
6310,68
6310,10
6310,28
6310,32
6310,95
6310,201
6310,241
6311,57
6312,49
6312,156
6312,213
6312,266
6312,17
6312,110
6312,121
6312,262
6312,283
6313,25
6313,54
6313,71
6313,92
6313,97
6313,150
6313,177
6313,198
6313,68
6313,10
6314,198
6314,68
6314,50
6314,285
6315,68
6315,47
6315,203
6316,68
6316,10
6316,28
6316,50
6316,203
6316,285
6317,150
6318,54
6318,71
6318,92
6318,97
6318,150
6318,177
6318,269
6319,150
6320,49
6320,156
6320,213
6320,101
6320,169
6320,1
6320,110
6320,121
6320,126
6320,193
6321,168
6322,57
6323,203
6324,14
6324,174
6324,47
6324,10
6325,54
6325,198
6326,28
6326,32
6326,95
6326,241
6326,285
6327,71
6327,92
6327,97
6327,150
6327,177
6328,150
6328,269
6329,50
6329,285
6330,115
6331,54
6331,198
6331,68
6331,50
6332,32
6332,285
6333,257
6333,68
6333,10
6333,28
6333,32
6333,50
6333,95
6333,201
6333,203
6333,241
6334,54
6334,97
6334,177
6334,198
6334,68
6334,50
6335,150
6336,101
6336,20
6336,27
6336,162
6336,169
6336,110
6336,193
6337,68
6337,28
6337,50
6337,203
6337,285
6338,105
6339,68
6339,28
6339,50
6339,203
6340,8
6340,122
6340,164
6340,251
6341,49
6341,101
6341,20
6341,27
6341,40
6341,105
6341,128
6341,142
6341,162
6341,169
6342,198
6342,50
6343,257
6343,68
6343,10
6343,28
6343,32
6343,50
6343,95
6343,201
6343,203
6343,241
6344,238
6344,6
6344,70
6344,133
6344,159
6344,258
6345,10
6345,28
6345,32
6345,50
6345,95
6345,203
6345,241
6345,285
6346,234
6346,8
6346,31
6346,38
6346,61
6346,76
6346,122
6346,141
6346,161
6346,164
6347,68
6347,10
6347,28
6347,32
6347,50
6347,201
6347,203
6348,68
6348,50
6348,203
6349,10
6349,32
6349,201
6349,279
6350,50
6351,68
6351,50
6351,203
6351,285
6352,54
6352,150
6352,198
6352,50
6352,285
6353,32
6354,50
6355,28
6355,32
6356,116
6356,269
6357,168
6358,68
6358,50
6358,203
6359,50
6359,285
6360,32
6360,50
6360,95
6360,241
6360,285
6361,49
6361,98
6361,116
6361,185
6361,236
6361,156
6361,248
6361,213
6361,101
6361,40
6362,9
6363,68
6363,50
6363,203
6364,68
6364,28
6364,50
6364,203
6364,285
6365,49
6365,98
6365,14
6365,200
6365,101
6365,40
6365,105
6365,128
6365,162
6365,169
6366,68
6366,50
6366,203
6367,139
6368,101
6369,68
6369,47
6369,10
6369,28
6369,32
6369,50
6369,201
6369,203
6369,279
6370,32
6370,50
6370,95
6370,241
6370,285
6371,25
6371,54
6371,92
6371,97
6371,150
6371,177
6371,198
6371,68
6371,50
6372,234
6372,8
6372,131
6372,164
6373,257
6373,54
6373,198
6373,68
6373,10
6373,28
6373,32
6373,50
6373,95
6373,201
6374,25
6374,54
6374,92
6374,97
6374,150
6374,177
6374,50
6375,25
6375,54
6375,92
6375,97
6375,150
6375,177
6375,198
6376,10
6376,32
6376,201
6377,257
6377,25
6377,54
6377,92
6377,97
6377,150
6377,177
6377,198
6377,68
6377,10
6378,54
6378,71
6378,92
6378,150
6378,177
6378,198
6378,269
6378,68
6378,50
6378,203
6379,54
6379,71
6379,92
6379,97
6379,150
6379,177
6380,71
6380,92
6380,97
6380,150
6381,92
6381,150
6381,269
6382,28
6382,32
6383,49
6383,70
6383,213
6383,101
6383,169
6383,289
6383,121
6383,193
6384,68
6384,47
6384,10
6384,28
6384,50
6384,203
6385,10
6385,28
6385,32
6385,201
6385,279
6386,150
6387,54
6387,198
6388,198
6388,68
6388,28
6388,32
6388,50
6388,95
6388,203
6388,241
6388,285
6389,38
6389,61
6389,214
6389,264
6390,50
6390,285
6391,49
6391,27
6391,169
6392,71
6392,92
6392,97
6392,150
6392,177
6393,234
6393,8
6393,38
6393,41
6393,45
6393,53
6393,61
6393,76
6393,83
6393,122
6394,54
6394,97
6394,177
6394,198
6395,49
6395,116
6395,236
6395,248
6395,213
6395,35
6395,105
6395,142
6395,206
6396,234
6396,8
6396,31
6396,164
6397,25
6397,54
6397,92
6397,97
6397,150
6397,177
6397,198
6398,150
6398,269
6399,68
6399,50
6400,257
6400,54
6400,198
6400,32
6400,50
6400,95
6400,241
6400,285
6401,168
6402,139
6403,150
6404,198
6404,68
6404,50
6405,68
6405,47
6405,10
6405,28
6405,50
6405,203
6406,68
6406,28
6406,50
6406,203
6407,234
6407,8
6407,31
6407,38
6407,53
6407,61
6407,122
6407,131
6407,141
6407,161
6408,54
6408,198
6409,257
6409,68
6409,10
6409,28
6409,32
6409,50
6409,95
6409,201
6409,203
6409,241
6410,234
6410,8
6410,26
6410,31
6410,37
6410,41
6410,45
6410,46
6410,55
6410,73
6411,234
6411,8
6411,31
6411,141
6411,161
6411,164
6411,296
6411,297
6412,234
6412,8
6412,31
6412,61
6412,122
6412,141
6412,161
6412,164
6412,232
6412,251
6413,47
6413,28
6413,203
6414,71
6414,92
6414,97
6414,150
6414,177
6415,71
6415,92
6415,97
6415,150
6415,177
6416,150
6417,32
6417,50
6417,95
6417,285
6418,10
6418,32
6418,201
6418,279
6419,47
6419,10
6420,32
6420,50
6420,95
6420,285
6421,105
6422,92
6422,150
6422,269
6423,71
6423,92
6423,97
6423,150
6424,50
6425,68
6425,10
6425,28
6425,32
6425,50
6425,95
6425,201
6425,203
6425,241
6425,285
6426,32
6427,68
6427,28
6427,32
6427,50
6427,95
6427,203
6427,241
6427,285
6428,68
6428,28
6428,32
6428,50
6428,203
6428,285
6429,257
6429,10
6429,32
6429,50
6429,95
6429,201
6429,279
6429,285
6430,257
6430,54
6430,97
6430,177
6430,198
6430,68
6430,28
6430,32
6430,50
6430,95
6431,54
6431,71
6431,92
6431,97
6431,150
6431,177
6432,68
6432,203
6433,25
6433,54
6433,71
6433,92
6433,97
6433,150
6433,177
6433,198
6434,25
6434,54
6434,92
6434,97
6434,150
6434,177
6434,198
6434,50
6435,72
6435,8
6435,26
6435,41
6435,45
6435,53
6435,61
6435,55
6435,83
6435,88
6436,68
6436,28
6436,50
6436,203
6437,68
6437,28
6437,32
6437,50
6437,95
6437,203
6437,241
6437,285
6438,10
6438,28
6438,32
6438,201
6439,14
6439,105
6439,254
6440,28
6440,32
6440,95
6440,203
6440,285
6441,57
6441,66
6441,115
6441,269
6442,128
6443,70
6443,101
6443,63
6443,73
6443,76
6443,122
6443,232
6443,251
6443,264
6443,295
6444,10
6444,32
6444,201
6445,66
6446,68
6447,257
6447,198
6447,68
6447,28
6447,32
6447,50
6447,95
6447,203
6447,241
6447,285
6448,47
6448,10
6449,8
6449,31
6449,38
6449,53
6449,61
6449,76
6449,83
6449,141
6449,161
6449,164
6450,68
6450,28
6450,32
6450,50
6450,95
6450,203
6450,241
6450,285
6451,47
6451,10
6452,257
6452,25
6452,54
6452,71
6452,92
6452,97
6452,150
6452,198
6452,68
6452,28
6453,50
6454,49
6454,238
6454,209
6454,6
6454,70
6454,133
6454,159
6454,258
6454,293
6454,213
6455,68
6455,50
6455,203
6455,285
6456,257
6456,198
6456,68
6456,28
6456,32
6456,50
6456,95
6456,201
6456,203
6456,241
6457,25
6457,54
6457,71
6457,92
6457,97
6457,150
6457,177
6457,269
6458,101
6458,239
6459,25
6459,54
6459,71
6459,92
6459,97
6459,150
6459,177
6459,198
6459,50
6460,71
6460,92
6460,97
6460,150
6460,269
6461,198
6461,50
6461,285
6462,203
6463,57
6464,25
6464,92
6464,97
6464,150
6464,177
6465,54
6465,198
6466,54
6466,198
6467,68
6467,10
6467,28
6467,32
6467,50
6467,95
6467,201
6467,203
6467,241
6467,279
6468,47
6468,10
6468,28
6468,203
6469,14
6469,200
6469,105
6470,68
6470,50
6470,203
6471,25
6471,71
6471,92
6471,150
6472,248
6473,25
6473,54
6473,71
6473,92
6473,97
6473,150
6473,177
6474,234
6474,131
6475,50
6476,54
6476,177
6476,68
6476,50
6476,285
6477,10
6477,28
6477,32
6477,50
6477,95
6477,201
6477,203
6477,241
6477,279
6477,285
6478,54
6478,97
6478,177
6478,198
6479,68
6479,47
6479,10
6479,28
6479,203
6479,279
6480,234
6480,8
6480,31
6480,161
6480,164
6480,297
6481,76
6481,122
6481,232
6481,237
6481,240
6481,251
6481,264
6482,25
6482,54
6482,92
6482,97
6482,150
6482,177
6482,198
6483,257
6483,25
6483,54
6483,92
6483,97
6483,150
6483,198
6483,68
6483,32
6483,50
6484,54
6484,198
6485,47
6485,10
6486,49
6486,101
6486,20
6486,27
6486,162
6486,169
6486,253
6487,32
6488,66
6489,57
6490,257
6490,68
6490,10
6490,28
6490,32
6490,50
6490,95
6490,201
6490,203
6490,241
6491,10
6491,32
6491,201
6492,32
6492,95
6492,241
6492,285
6493,150
6493,269
6494,257
6494,25
6494,54
6494,92
6494,97
6494,150
6494,177
6494,198
6494,68
6494,10
6495,159
6495,26
6495,37
6495,41
6495,46
6495,55
6495,85
6495,88
6495,93
6495,94
6496,49
6496,101
6496,27
6496,162
6496,169
6496,193
6497,68
6497,47
6497,10
6497,28
6497,203
6498,47
6498,10
6498,28
6498,32
6498,50
6498,201
6498,203
6498,279
6499,49
6499,101
6499,20
6499,27
6499,128
6499,162
6499,169
6499,289
6500,25
6500,71
6500,92
6500,97
6500,150
6500,177
6501,200
6501,105
6502,28
6502,32
6502,50
6502,95
6502,203
6502,241
6502,285
6503,54
6503,177
6503,198
6503,68
6503,28
6503,32
6503,50
6503,95
6503,203
6503,285
6504,10
6504,28
6504,32
6504,201
6504,205
6505,54
6505,97
6505,177
6505,198
6505,68
6505,50
6506,32
6507,54
6507,198
6508,68
6508,203
6509,66
6510,49
6510,128
6510,162
6510,253
6510,289
6511,68
6511,50
6512,54
6512,198
6513,47
6513,203
6514,68
6514,50
6514,203
6515,198
6515,68
6515,50
6515,203
6516,68
6516,50
6516,203
6517,198
6517,10
6517,28
6517,32
6517,50
6517,201
6517,203
6517,279
6518,10
6518,28
6518,32
6518,201
6518,279
6519,10
6519,32
6519,201
6520,68
6520,10
6520,28
6520,32
6520,50
6520,95
6520,201
6520,203
6520,241
6520,285
6521,257
6521,25
6521,54
6521,71
6521,92
6521,97
6521,150
6521,177
6521,198
6521,68
6522,35
6522,105
6522,142
6523,9
6523,64
6523,90
6523,91
6523,215
6523,216
6523,218
6524,198
6524,68
6524,28
6524,32
6524,50
6524,95
6524,203
6524,285
6525,68
6525,50
6525,203
6525,285
6526,68
6526,28
6526,32
6526,50
6526,95
6526,203
6526,241
6526,285
6527,68
6527,50
6528,49
6528,162
6529,101
6529,239
6530,54
6530,177
6530,198
6530,68
6530,50
6531,68
6531,47
6531,203
6532,50
6533,54
6533,177
6533,198
6533,68
6533,10
6533,28
6533,32
6533,50
6533,95
6533,201
6534,257
6534,25
6534,54
6534,71
6534,92
6534,97
6534,150
6534,177
6534,198
6534,68
6535,101
6535,27
6535,162
6535,169
6535,289
6536,33
6537,47
6537,203
6538,234
6539,150
6540,25
6540,54
6540,92
6540,97
6540,198
6540,28
6540,32
6540,50
6540,203
6541,68
6541,28
6541,32
6541,50
6541,95
6541,201
6541,203
6541,285
6542,68
6542,47
6542,203
6543,32
6544,47
6544,10
6545,68
6545,50
6546,198
6546,50
6547,285
6548,68
6548,28
6548,32
6548,203
6549,32
6550,49
6551,25
6551,54
6551,71
6551,92
6551,97
6551,150
6551,177
6551,198
6551,269
6551,68
6552,50
6553,32
6554,295
6554,222
6555,47
6555,10
6555,32
6555,280
6556,28
6556,32
6556,201
6557,203
6558,49
6558,156
6558,213
6559,122
6559,251
6560,9
6560,21
6560,64
6560,215
6560,216
6560,218
6560,257
6560,54
6560,198
6560,68
6561,68
6561,47
6561,50
6561,203
6562,198
6562,68
6562,50
6563,68
6563,50
6563,203
6564,68
6564,28
6564,32
6564,50
6564,203
6565,200
6565,105
6566,25
6566,54
6566,97
6566,150
6566,177
6566,198
6566,68
6566,50
6566,95
6566,203
6567,68
6567,32
6567,95
6567,241
6567,285
6568,234
6568,31
6568,161
6568,297
6569,198
6569,68
6569,50
6569,285
6570,54
6570,198
6571,47
6571,10
6572,54
6572,150
6572,198
6572,269
6572,50
6573,32
6573,50
6573,285
6574,50
6575,66
6576,51
6577,251
6578,150
6579,68
6579,10
6579,28
6579,32
6579,50
6579,95
6579,201
6579,203
6579,241
6579,285
6580,68
6580,28
6580,32
6580,50
6580,95
6580,203
6580,241
6580,287
6581,149
6582,32
6582,50
6582,95
6582,241
6582,285
6583,10
6583,28
6583,32
6583,201
6583,279
6584,68
6584,203
6585,49
6585,101
6585,27
6585,128
6585,162
6585,169
6585,253
6585,289
6586,76
6586,232
6587,105
6588,25
6588,54
6588,71
6588,92
6588,97
6588,150
6588,177
6588,198
6588,50
6589,54
6589,198
6590,49
6590,248
6590,289
6591,50
6592,68
6592,28
6592,32
6592,50
6592,95
6592,203
6592,241
6592,285
6593,150
6594,68
6594,28
6594,32
6594,50
6594,95
6594,201
6594,203
6594,241
6594,285
6595,68
6595,28
6595,50
6595,203
6595,285
6596,234
6596,131
6597,68
6597,28
6597,50
6597,203
6597,285
6598,66
6599,68
6599,203
6600,25
6600,54
6600,92
6600,97
6600,150
6600,177
6600,198
6600,50
6601,234
6601,8
6601,31
6601,37
6601,41
6601,46
6601,53
6601,61
6601,73
6601,76
6602,68
6602,47
6602,203
6603,9
6603,21
6603,64
6603,66
6603,115
6603,215
6603,216
6603,218
6604,150
6605,54
6605,198
6605,68
6605,32
6605,50
6605,95
6605,203
6605,241
6605,285
6606,68
6606,50
6606,203
6607,68
6607,10
6607,28
6607,32
6607,50
6607,95
6607,201
6607,203
6607,241
6607,285
6608,25
6608,54
6608,92
6608,97
6608,150
6608,177
6608,198
6608,68
6608,50
6609,54
6609,97
6609,177
6609,198
6609,68
6609,28
6609,32
6609,50
6609,203
6609,285
6610,234
6610,131
6610,161
6610,297
6611,28
6611,32
6611,203
6612,285
6613,90
6613,257
6613,32
6613,95
6613,241
6613,285
6614,198
6614,50
6615,47
6615,10
6616,10
6616,28
6616,201
6617,35
6617,105
6617,142
6617,162
6617,253
6618,8
6618,164
6619,32
6620,50
6621,28
6621,203
6622,234
6622,164
6623,105
6624,71
6624,92
6624,97
6624,150
6625,57
6626,68
6626,28
6626,203
6627,68
6627,10
6627,28
6627,32
6627,50
6627,95
6627,201
6627,203
6627,241
6627,279
6628,216
6629,47
6629,10
6629,28
6629,32
6629,279
6630,234
6630,8
6630,26
6630,31
6630,37
6630,38
6630,41
6630,45
6630,46
6630,53
6631,68
6631,28
6631,32
6631,50
6631,95
6631,203
6631,241
6631,285
6632,28
6632,32
6632,95
6632,203
6632,241
6633,68
6633,28
6633,32
6633,50
6633,95
6633,203
6633,241
6633,285
6634,150
6634,269
6635,54
6635,198
6636,198
6636,68
6636,50
6637,54
6637,198
6637,68
6637,28
6637,32
6637,50
6637,95
6637,203
6637,241
6637,285
6638,10
6638,28
6638,32
6638,50
6638,201
6638,203
6638,279
6639,10
6639,28
6639,32
6639,201
6639,279
6640,32
6640,95
6640,241
6640,285
6641,54
6641,198
6642,50
6642,203
6642,285
6643,9
6643,64
6643,90
6643,91
6643,215
6643,216
6643,218
6644,203
6645,68
6645,28
6645,32
6645,50
6645,203
6645,241
6645,285
6646,68
6646,50
6647,257
6647,68
6647,10
6647,28
6647,32
6647,50
6647,95
6647,201
6647,203
6647,241
6648,54
6648,198
6649,32
6650,18
6650,57
6650,269
6651,66
6652,257
6652,25
6652,54
6652,71
6652,92
6652,97
6652,150
6652,177
6652,198
6652,68
6653,32
6653,279
6654,198
6654,68
6654,28
6654,32
6654,50
6654,95
6654,203
6654,285
6655,18
6656,28
6656,203
6657,25
6657,54
6657,92
6657,97
6657,150
6657,177
6657,198
6657,68
6657,28
6657,32
6658,10
6658,28
6658,32
6658,201
6658,279
6659,101
6659,1
6659,193
6660,10
6660,32
6660,201
6661,150
6662,68
6662,47
6662,10
6662,28
6662,32
6662,203
6662,279
6663,68
6663,28
6663,32
6663,50
6663,95
6663,203
6663,241
6663,285
6664,68
6664,28
6664,32
6664,50
6664,203
6664,285
6665,203
6666,68
6666,28
6666,32
6666,50
6666,95
6666,203
6666,241
6666,285
6667,54
6667,71
6667,92
6667,97
6667,150
6667,178
6667,167
6668,10
6668,28
6668,203
6669,216
6670,68
6670,50
6670,203
6670,285
6671,54
6671,97
6671,177
6671,198
6671,68
6671,50
6672,198
6673,162
6674,68
6674,32
6674,50
6674,95
6674,203
6674,241
6674,285
6675,68
6675,28
6675,32
6675,50
6675,95
6675,203
6675,241
6675,285
6676,28
6676,32
6677,25
6677,54
6677,92
6677,97
6677,150
6677,177
6677,198
6677,68
6677,50
6677,203
6678,71
6678,92
6678,97
6678,150
6679,68
6679,50
6680,32
6681,50
6682,18
6682,57
6682,269
6682,50
6683,72
6683,8
6683,26
6683,41
6683,45
6683,53
6683,61
6683,55
6683,83
6683,85
6684,47
6684,10
6684,32
6684,279
6685,92
6685,150
6686,68
6686,28
6686,203
6687,68
6687,50
6688,68
6688,32
6688,50
6688,203
6689,257
6689,68
6689,28
6689,32
6689,50
6689,95
6689,203
6689,241
6689,285
6690,257
6690,10
6690,28
6690,32
6690,50
6690,95
6690,201
6690,203
6690,241
6690,285
6691,32
6692,68
6693,57
6694,26
6694,37
6694,41
6694,45
6694,55
6694,85
6694,88
6694,93
6694,94
6694,144
6695,72
6695,234
6695,8
6695,26
6695,31
6695,37
6695,38
6695,41
6695,45
6695,53
6696,26
6696,37
6696,41
6696,46
6696,144
6696,148
6696,180
6696,181
6696,223
6696,240
6697,257
6697,54
6697,71
6697,92
6697,97
6697,150
6697,177
6697,198
6697,68
6697,32
6698,49
6698,101
6698,20
6698,128
6698,162
6698,253
6698,289
6699,257
6699,54
6699,92
6699,97
6699,177
6699,198
6699,50
6699,285
6700,32
6700,50
6700,95
6700,203
6700,241
6701,47
6701,10
6702,32
6702,50
6702,285
6703,68
6703,28
6703,32
6703,95
6703,203
6703,241
6703,285
6704,28
6704,203
6705,50
6705,285
6706,238
6707,54
6707,97
6707,177
6707,198
6707,68
6707,50
6708,32
6709,68
6709,28
6709,50
6709,203
6709,285
6710,54
6710,71
6710,92
6710,97
6710,150
6710,177
6711,68
6711,47
6711,28
6711,203
6712,54
6712,198
6712,68
6712,28
6712,32
6712,50
6712,203
6712,285
6713,32
6714,150
6715,8
6715,61
6715,141
6715,161
6715,251
6715,296
6716,28
6716,32
6716,50
6716,95
6716,241
6716,285
6717,150
6718,150
6719,54
6719,71
6719,92
6719,97
6719,150
6719,198
6719,68
6719,28
6719,50
6719,203
6720,68
6720,203
6721,68
6721,47
6721,10
6721,28
6721,32
6721,201
6721,203
6721,279
6722,68
6722,203
6723,50
6723,285
6724,234
6724,8
6724,31
6724,61
6724,164
6724,251
6725,25
6725,54
6725,92
6725,97
6725,150
6725,179
6725,167
6726,10
6726,28
6726,32
6726,201
6727,32
6727,95
6727,241
6727,285
6728,68
6728,28
6728,32
6728,50
6728,95
6728,203
6728,285
6729,68
6729,203
6730,25
6730,54
6730,92
6730,97
6730,150
6730,177
6730,198
6730,68
6730,50
6731,71
6731,92
6731,97
6731,150
6731,177
6732,10
6732,201
6733,61
6733,122
6733,251
6733,264
6734,10
6734,28
6734,32
6734,50
6734,95
6734,201
6734,203
6734,241
6734,279
6734,285
6735,54
6735,71
6735,92
6735,97
6735,150
6735,177
6735,198
6735,68
6735,28
6735,32
6736,68
6736,50
6736,203
6736,285
6737,54
6737,97
6737,177
6737,198
6737,50
6737,285
6738,50
6739,54
6739,97
6739,177
6739,198
6739,68
6739,50
6739,203
6740,25
6740,92
6740,97
6740,150
6741,28
6741,203
6742,47
6742,10
6743,68
6743,32
6743,50
6743,95
6743,203
6743,285
6744,71
6744,92
6744,97
6744,150
6745,32
6745,95
6745,241
6745,285
6746,54
6746,198
6746,68
6746,50
6747,68
6747,203
6748,28
6748,203
6749,66
6750,68
6750,28
6750,50
6750,203
6751,68
6751,50
6752,257
6752,10
6752,28
6752,32
6752,50
6752,95
6752,201
6752,203
6752,241
6752,285
6753,203
6754,68
6754,10
6754,28
6754,32
6754,50
6754,95
6754,201
6754,203
6754,241
6754,285
6755,139
6756,168
6756,167
6757,54
6757,198
6758,35
6758,105
6758,142
6758,162
6758,253
6758,289
6759,150
6760,10
6760,28
6760,32
6760,201
6760,203
6760,279
6761,66
6762,47
6762,10
6762,28
6762,32
6762,201
6762,203
6762,279
6763,43
6764,47
6764,10
6765,32
6765,95
6765,241
6765,285
6766,28
6766,32
6766,201
6767,28
6767,32
6767,203
6768,115
6769,32
6769,50
6769,95
6769,203
6769,241
6769,285
6770,54
6770,198
6771,10
6771,32
6771,201
6772,68
6772,28
6772,32
6772,50
6772,95
6772,203
6772,241
6772,285
6773,68
6773,28
6773,50
6773,203
6773,285
6774,101
6774,110
6774,193
6775,68
6775,203
6776,49
6776,213
6776,40
6776,128
6776,142
6776,162
6776,253
6776,291
6776,104
6777,32
6778,6
6778,70
6778,133
6778,159
6778,258
6778,148
6778,113
6778,118
6778,125
6778,222
6779,54
6779,71
6779,92
6779,97
6779,150
6779,177
6779,198
6779,269
6779,68
6779,50
6780,234
6780,8
6780,31
6780,61
6780,122
6780,141
6780,161
6780,164
6780,232
6780,251
6781,32
6782,68
6782,28
6782,32
6782,50
6782,203
6782,285
6783,32
6784,47
6785,68
6785,50
6786,68
6787,68
6787,50
6787,203
6788,68
6788,10
6788,28
6788,50
6788,203
6788,285
6789,198
6789,50
6790,25
6790,54
6790,92
6790,97
6790,150
6790,177
6790,198
6790,68
6790,28
6790,32
6791,10
6791,28
6791,32
6791,201
6791,279
6792,32
6793,257
6793,54
6793,198
6793,50
6793,285
6794,198
6794,68
6794,50
6795,54
6795,198
6795,68
6795,50
6796,68
6796,10
6796,28
6796,32
6796,50
6796,95
6796,201
6796,203
6796,241
6796,285
6797,10
6797,28
6797,32
6797,50
6797,201
6797,203
6797,285
6798,150
6799,168
6800,25
6800,54
6800,92
6800,97
6800,150
6800,177
6800,198
6801,68
6801,50
6801,203
6801,285
6802,66
6802,115
6803,66
6804,50
6805,50
6805,285
6806,32
6807,54
6807,71
6807,92
6807,97
6807,150
6807,177
6807,198
6807,50
6807,285
6808,234
6808,8
6808,31
6808,38
6808,53
6808,61
6808,83
6808,122
6808,141
6808,161
6809,68
6809,28
6809,32
6809,50
6809,95
6809,203
6809,241
6809,285
6810,25
6810,92
6810,97
6810,150
6811,10
6811,28
6811,32
6811,201
6812,150
6813,49
6813,248
6813,101
6813,20
6813,27
6813,128
6813,162
6813,169
6813,253
6813,289
6814,68
6814,28
6814,32
6814,203
6815,285
6816,32
6817,50
6818,68
6818,28
6818,32
6818,50
6818,203
6818,285
6819,68
6819,47
6819,203
6820,54
6820,198
6821,68
6822,47
6822,10
6822,28
6822,203
6823,68
6823,10
6823,28
6823,32
6823,50
6823,95
6823,203
6823,241
6823,285
6824,54
6824,71
6824,92
6824,97
6824,150
6824,177
6824,198
6824,68
6824,28
6824,32
6825,68
6825,50
6825,203
6825,285
6826,10
6826,28
6826,32
6826,201
6826,279
6827,92
6827,97
6827,152
6827,167
6828,203
6829,257
6829,54
6829,97
6829,177
6829,198
6829,68
6829,28
6829,32
6829,50
6829,95
6830,116
6830,269
6830,147
6830,78
6830,47
6831,25
6831,54
6831,71
6831,92
6831,97
6831,150
6831,177
6831,198
6831,68
6831,28
6832,35
6832,105
6832,142
6833,50
6834,57
6835,57
6836,54
6836,198
6837,234
6837,131
6838,54
6838,28
6838,32
6838,50
6838,95
6838,201
6838,203
6838,241
6838,285
6839,25
6839,54
6839,71
6839,92
6839,97
6839,150
6839,177
6839,198
6840,32
6840,95
6840,241
6840,285
6841,257
6841,54
6841,198
6841,68
6841,32
6841,50
6841,95
6841,203
6841,285
6842,28
6842,32
6843,10
6843,28
6843,32
6843,201
6844,71
6844,92
6844,97
6844,150
6845,35
6845,105
6845,142
6845,162
6845,228
6845,253
6846,50
6847,50
6847,285
6848,25
6848,92
6848,97
6848,150
6849,71
6849,92
6849,97
6849,150
6850,32
6851,32
6851,95
6851,285
6852,54
6852,177
6852,198
6853,68
6853,28
6853,50
6853,203
6853,285
6854,68
6854,50
6854,203
6855,10
6855,28
6855,32
6855,50
6855,201
6855,279
6856,54
6856,71
6856,92
6856,97
6856,150
6856,177
6856,198
6857,32
6858,32
6858,201
6859,28
6859,32
6860,9
6860,21
6860,64
6860,91
6860,215
6860,216
6860,218
6861,49
6861,40
6861,128
6861,162
6861,253
6861,289
6862,115
6863,10
6863,28
6863,32
6863,201
6863,279
6864,32
6865,68
6865,32
6865,50
6865,203
6866,164
6867,25
6867,54
6867,92
6867,97
6867,150
6867,177
6867,198
6867,68
6867,10
6867,28
6868,32
6868,50
6868,95
6868,285
6869,47
6869,10
6869,28
6870,68
6870,28
6870,32
6870,50
6870,203
6871,97
6872,28
6872,32
6873,25
6873,54
6873,92
6873,97
6873,150
6873,177
6873,198
6873,50
6874,50
6875,25
6875,54
6875,92
6875,97
6875,177
6875,198
6875,68
6875,50
6875,285
6876,150
6877,71
6877,92
6877,150
6878,68
6878,50
6878,203
6879,10
6879,28
6879,201
6880,234
6881,68
6881,28
6881,32
6881,50
6881,203
6881,285
6882,198
6882,68
6882,50
6883,234
6883,8
6883,31
6883,164
6883,296
6883,297
6884,49
6884,101
6884,20
6884,27
6884,169
6884,1
6884,110
6884,121
6884,126
6884,193
6885,257
6885,68
6885,10
6885,28
6885,32
6885,50
6885,95
6885,201
6885,203
6885,241
6886,72
6886,8
6886,38
6886,41
6886,45
6886,53
6886,61
6886,76
6886,83
6886,122
6887,257
6887,25
6887,54
6887,71
6887,92
6887,97
6887,150
6887,177
6887,198
6887,68
6888,25
6888,54
6888,92
6888,97
6888,150
6888,177
6888,198
6888,68
6888,28
6888,32
6889,234
6889,8
6889,31
6889,164
6889,297
6890,105
6891,68
6891,28
6891,32
6891,50
6891,203
6892,68
6892,50
6892,203
6893,68
6893,50
6893,203
6894,68
6894,50
6895,262
6895,283
6896,234
6896,8
6896,31
6896,164
6897,122
6897,264
6898,32
6898,50
6898,95
6898,241
6898,285
6899,54
6899,177
6899,198
6899,68
6899,50
6900,105
6901,49
6901,101
6901,27
6901,162
6901,169
6901,289
6902,25
6902,54
6902,71
6902,92
6902,97
6902,150
6902,177
6903,257
6903,54
6903,198
6903,68
6903,10
6903,28
6903,32
6903,50
6903,95
6903,201
6904,68
6904,50
6905,234
6905,8
6905,31
6905,38
6905,46
6905,61
6905,63
6905,76
6905,122
6905,131
6906,68
6907,10
6907,28
6908,10
6908,28
6909,71
6909,92
6909,97
6909,150
6910,32
6910,201
6911,57
6912,25
6912,54
6912,92
6912,97
6912,150
6912,177
6912,198
6912,50
6913,10
6914,47
6914,10
6914,28
6914,32
6914,201
6914,279
6915,68
6915,28
6915,32
6915,50
6915,95
6915,203
6915,241
6915,285
6916,54
6916,198
6916,68
6916,50
6916,95
6916,203
6916,241
6916,285
6917,206
6918,25
6918,71
6918,92
6918,97
6918,150
6918,177
6919,10
6919,32
6919,201
6920,101
6920,169
6920,193
6921,68
6921,28
6921,32
6921,50
6921,203
6921,288
6922,68
6922,28
6922,32
6922,95
6922,203
6923,32
6924,32
6925,54
6925,150
6925,198
6925,68
6925,47
6925,50
6925,203
6926,206
6927,68
6927,28
6927,50
6927,203
6927,285
6928,200
6928,105
6929,28
6929,32
6929,201
6930,32
6931,285
6932,198
6932,68
6932,50
6932,285
6933,68
6933,32
6933,50
6933,203
6934,234
6934,8
6934,31
6934,61
6934,161
6934,164
6934,251
6934,296
6934,297
6935,257
6935,68
6935,28
6935,32
6935,50
6935,95
6935,203
6935,241
6935,285
6936,105
6936,254
6937,72
6937,8
6937,26
6937,38
6937,41
6937,45
6937,46
6937,53
6937,61
6937,55
6938,54
6938,71
6938,92
6938,97
6938,150
6938,177
6938,198
6939,54
6939,97
6939,177
6939,198
6939,68
6939,28
6939,32
6939,50
6939,95
6939,203
6940,68
6940,203
6941,10
6941,32
6941,201
6941,279
6942,198
6942,68
6942,10
6942,28
6942,32
6942,50
6942,201
6942,203
6942,285
6943,105
6944,10
6944,28
6944,203
6945,115
6946,41
6946,46
6946,144
6946,148
6946,180
6946,181
6946,223
6946,240
6947,8
6947,61
6947,141
6947,161
6947,251
6947,296
6947,297
6948,28
6948,203
6949,8
6949,31
6949,61
6949,164
6949,251
6949,296
6950,150
6951,28
6951,203
6952,72
6952,8
6952,26
6952,38
6952,41
6952,45
6952,53
6952,61
6952,55
6952,83
6953,68
6953,203
6954,10
6954,32
6954,201
6954,279
6955,285
6956,68
6956,28
6956,32
6956,50
6956,95
6956,203
6956,241
6956,285
6957,54
6957,177
6957,198
6957,68
6957,50
6958,28
6958,32
6958,203
6959,68
6959,32
6959,50
6959,95
6959,203
6959,241
6959,285
6960,49
6960,101
6960,20
6960,27
6960,128
6960,162
6960,169
6960,253
6960,289
6960,1
6961,68
6961,28
6961,32
6961,50
6961,95
6961,203
6961,241
6961,287
6962,10
6962,32
6962,201
6963,54
6963,97
6963,177
6964,150
6965,32
6965,50
6965,203
6965,285
6966,32
6966,95
6966,241
6966,285
6967,68
6967,10
6967,28
6967,32
6967,201
6967,203
6968,54
6968,97
6968,177
6968,198
6969,257
6969,198
6969,68
6969,32
6969,50
6969,95
6969,241
6969,285
6970,10
6970,32
6970,201
6971,8
6971,164
6972,68
6972,50
6973,216
6974,285
6975,150
6976,150
6977,234
6978,68
6978,50
6978,203
6979,47
6979,10
6980,150
6981,10
6981,32
6981,201
6981,281
6982,68
6982,32
6982,50
6982,95
6982,203
6982,241
6982,285
6983,105
6984,139
6985,68
6985,28
6985,32
6985,50
6985,203
6985,285
6986,68
6986,28
6986,50
6986,203
6986,285
6987,50
6987,285
6988,47
6988,10
6988,28
6988,203
6989,47
6989,10
6990,47
6990,10
6990,32
6990,279
6991,101
6992,203
6993,28
6993,32
6993,201
6994,28
6994,203
6995,216
6996,68
6996,203
6997,68
6997,32
6997,50
6997,95
6997,203
6997,285
6998,150
6999,47
6999,10
6999,28
6999,203
7000,25
7000,71
7000,92
7000,97
7000,150
7000,177
7001,49
7001,98
7001,289
7002,206
7003,32
7004,257
7004,25
7004,54
7004,92
7004,97
7004,150
7004,177
7004,198
7004,68
7004,10
7005,200
7005,105
7006,54
7006,92
7006,97
7006,177
7006,198
7006,68
7006,50
7006,203
7006,285
7007,150
7008,68
7008,50
7008,203
7009,257
7009,68
7009,28
7009,32
7009,50
7009,95
7009,203
7009,241
7009,285
7010,54
7010,198
7010,68
7010,50
7011,10
7011,28
7011,32
7011,201
7011,203
7011,241
7011,279
7012,54
7012,97
7012,177
7012,198
7012,68
7012,28
7012,32
7012,50
7012,203
7012,285
7013,68
7013,50
7013,203
7013,285
7014,28
7015,54
7015,198
7015,50
7016,54
7016,97
7016,177
7016,198
7016,68
7016,28
7016,32
7016,50
7016,95
7016,203
7017,68
7017,10
7017,28
7017,32
7017,50
7017,201
7017,203
7017,279
7017,285
7018,47
7018,10
7018,28
7018,32
7018,201
7018,203
7018,279
7019,35
7019,105
7019,142
7019,253
7020,68
7020,28
7020,32
7020,50
7020,95
7020,203
7020,241
7020,285
7021,68
7021,50
7021,203
7021,285
7022,198
7022,68
7022,50
7022,203
7022,285
7023,26
7023,37
7023,41
7023,55
7023,85
7023,88
7023,93
7023,94
7023,132
7023,144
7024,68
7024,32
7024,50
7024,203
7025,72
7025,8
7025,26
7025,41
7025,45
7025,53
7025,61
7025,55
7025,83
7025,85
7026,38
7026,76
7026,122
7026,141
7026,161
7026,164
7026,214
7026,237
7026,240
7026,251
7027,35
7027,105
7028,54
7028,198
7028,68
7028,50
7029,68
7029,47
7029,10
7029,203
7029,279
7030,10
7030,28
7030,32
7030,201
7030,203
7030,279
7031,257
7031,68
7031,28
7031,50
7031,203
7031,285
7032,47
7032,10
7032,32
7032,201
7032,279
7033,150
7034,150
7035,257
7035,50
7035,285
7036,32
7036,50
7036,95
7036,241
7036,285
7037,68
7037,28
7037,50
7037,203
7037,285
7038,72
7039,32
7040,68
7040,28
7040,50
7040,203
7040,285
7041,198
7041,50
7041,285
7042,68
7042,32
7042,50
7042,203
7043,68
7043,50
7044,257
7044,68
7044,10
7044,28
7044,32
7044,50
7044,95
7044,201
7044,203
7044,241
7045,213
7046,25
7046,54
7046,71
7046,92
7046,97
7046,150
7046,177
7046,199
7046,167
7047,28
7047,203
7048,68
7048,32
7048,50
7048,95
7048,203
7048,241
7048,285
7049,38
7049,61
7049,122
7049,141
7049,161
7049,214
7049,251
7049,296
7050,203
7051,68
7051,28
7051,32
7051,50
7051,95
7051,203
7051,241
7051,285
7052,8
7052,164
7053,68
7053,28
7053,32
7053,50
7053,203
7053,241
7053,285
7054,71
7054,92
7054,97
7054,150
7054,177
7055,50
7055,95
7055,285
7056,50
7057,122
7058,257
7058,10
7058,32
7058,95
7058,201
7058,241
7058,285
7059,68
7059,50
7059,203
7060,25
7060,54
7060,71
7060,92
7060,97
7060,150
7060,177
7060,198
7060,50
7060,288
7060,167
7061,71
7061,92
7061,97
7061,150
7061,177
7062,25
7062,97
7062,150
7062,269
7063,234
7063,31
7063,164
7064,25
7064,54
7064,71
7064,92
7064,97
7064,150
7064,177
7064,198
7064,269
7064,68
7065,68
7065,50
7065,285
7066,76
7066,122
7066,232
7066,251
7066,264
7067,18
7067,57
7068,68
7068,28
7068,32
7068,50
7068,95
7068,203
7068,241
7068,285
7069,72
7069,8
7069,41
7069,45
7069,53
7069,61
7069,55
7069,83
7069,88
7069,93
7070,50
7071,32
7072,68
7072,50
7072,203
7073,203
7074,25
7074,54
7074,71
7074,92
7074,97
7074,150
7074,177
7074,198
7074,68
7074,28
7075,68
7075,203
7076,10
7076,28
7076,201
7076,279
7077,47
7077,10
7077,28
7077,203
7078,25
7078,54
7078,92
7078,97
7078,150
7078,177
7078,198
7078,68
7078,28
7078,32
7079,25
7079,54
7079,71
7079,92
7079,97
7079,150
7079,177
7079,198
7079,68
7079,50
7080,57
7081,218
7082,198
7082,68
7082,10
7082,28
7082,32
7082,50
7082,95
7082,201
7082,203
7082,241
7083,28
7083,203
7084,54
7084,198
7085,68
7085,203
7086,68
7086,10
7086,28
7086,32
7086,50
7086,201
7086,203
7086,279
7086,285
7087,32
7088,10
7088,28
7089,54
7089,97
7089,177
7089,198
7089,50
7090,47
7090,10
7091,10
7091,32
7091,201
7092,50
7092,285
7093,234
7093,161
7094,41
7095,54
7095,177
7095,198
7095,68
7095,50
7096,115
7097,68
7097,28
7097,32
7097,50
7097,95
7097,203
7097,241
7097,285
7098,68
7098,32
7098,50
7098,203
7098,285
7099,68
7099,28
7099,32
7099,50
7099,95
7099,203
7099,241
7099,285
7100,68
7100,50
7100,203
7100,288
7101,10
7101,28
7102,49
7102,185
7102,213
7103,50
7104,47
7104,10
7104,28
7104,203
7105,35
7105,105
7105,142
7105,162
7105,253
7106,32
7107,68
7107,28
7107,32
7107,50
7107,203
7107,285
7108,25
7108,54
7108,71
7108,92
7108,97
7108,150
7108,177
7108,198
7109,47
7109,10
7109,28
7109,203
7110,234
7111,257
7111,25
7111,54
7111,92
7111,97
7111,150
7111,177
7111,198
7111,68
7111,10
7112,257
7112,68
7112,10
7112,28
7112,32
7112,50
7112,95
7112,201
7112,203
7112,241
7113,10
7113,28
7113,32
7113,201
7113,203
7114,10
7114,32
7114,201
7115,68
7115,28
7115,32
7115,50
7115,203
7116,68
7116,10
7116,28
7116,32
7116,50
7116,95
7116,201
7116,203
7116,241
7116,279
7117,257
7117,68
7117,32
7117,50
7117,95
7117,203
7117,241
7117,285
7118,52
7119,257
7119,54
7119,97
7119,177
7119,198
7119,68
7119,28
7119,32
7119,50
7119,95
7120,72
7120,8
7120,26
7120,38
7120,41
7120,45
7120,53
7120,61
7120,55
7120,83
7121,10
7121,28
7121,203
7122,50
7123,47
7123,10
7123,28
7123,203
7124,9
7124,21
7124,64
7124,91
7124,215
7124,216
7124,218
7125,66
7126,198
7126,68
7126,50
7127,68
7127,28
7127,50
7127,203
7127,285
7128,115
7129,50
7130,72
7130,41
7130,181
7131,68
7131,203
7132,54
7132,198
7132,68
7132,50
7132,203
7132,285
7133,68
7133,47
7133,10
7133,28
7133,50
7133,203
7134,76
7134,122
7134,232
7134,237
7134,240
7134,251
7134,264
7135,257
7135,25
7135,54
7135,71
7135,92
7135,97
7135,150
7135,177
7135,198
7135,68
7136,76
7137,68
7137,28
7137,32
7137,50
7137,203
7137,285
7138,10
7138,28
7138,32
7138,50
7138,201
7138,203
7138,279
7138,285
7139,54
7139,198
7139,68
7139,28
7139,50
7139,203
7139,285
7140,50
7140,285
7141,68
7141,28
7141,50
7141,203
7141,285
7142,150
7143,150
7144,10
7144,28
7144,32
7144,50
7144,201
7144,241
7144,286
7144,82
7145,198
7146,32
7147,49
7148,54
7148,198
7149,47
7149,10
7149,32
7149,201
7149,279
7150,32
7150,50
7150,95
7150,241
7150,285
7151,47
7151,10
7152,41
7152,45
7152,46
7152,73
7152,76
7152,144
7152,148
7152,180
7152,181
7152,237
7153,10
7153,28
7153,32
7153,201
7153,279
7154,115
7155,203
7156,50
7157,150
7158,32
7158,95
7158,285
7159,257
7159,50
7159,285
7160,72
7160,8
7160,26
7160,41
7160,45
7160,53
7160,61
7160,55
7160,83
7160,85
7161,198
7161,68
7161,50
7161,203
7162,68
7162,50
7163,54
7163,198
7164,68
7164,50
7165,8
7165,38
7165,61
7165,122
7165,141
7165,214
7165,237
7165,240
7165,251
7165,264
7166,68
7166,50
7167,28
7167,32
7167,203
7168,54
7168,198
7169,47
7169,10
7169,28
7170,32
7170,50
7170,95
7170,285
7171,50
7172,54
7172,198
7172,68
7172,50
7172,203
7172,285
7173,47
7173,10
7173,28
7173,203
7174,47
7175,32
7176,68
7176,50
7177,50
7177,285
7178,68
7178,28
7178,50
7178,203
7179,68
7179,50
7180,68
7180,203
7181,68
7181,203
7182,32
7182,95
7182,285
7183,68
7183,50
7183,203
7183,285
7184,26
7184,55
7184,85
7184,88
7184,93
7184,94
7184,132
7184,144
7184,181
7184,223
7185,10
7185,28
7185,32
7185,50
7185,201
7185,203
7185,279
7186,68
7186,28
7186,50
7186,203
7186,285
7187,9
7187,21
7187,64
7187,90
7187,215
7187,216
7187,218
7187,257
7187,28
7187,32
7188,68
7188,28
7188,32
7188,50
7188,95
7188,203
7188,241
7188,285
7189,32
7189,50
7189,95
7189,241
7189,285
7190,68
7190,50
7190,203
7191,47
7191,10
7191,28
7191,203
7192,68
7192,10
7192,28
7192,50
7192,203
7193,257
7193,54
7193,97
7193,150
7193,177
7193,198
7193,68
7193,28
7193,32
7193,50
7194,50
7195,105
7196,198
7196,50
7197,257
7197,32
7197,50
7197,95
7197,203
7197,241
7197,285
7198,10
7198,28
7198,32
7198,201
7199,68
7200,28
7201,25
7201,54
7201,92
7201,97
7201,150
7201,177
7201,198
7201,68
7201,50
7202,9
7202,21
7202,64
7202,215
7202,216
7202,218
7202,257
7202,68
7202,10
7202,28
7203,68
7203,32
7203,50
7203,95
7203,203
7203,241
7203,285
7204,92
7204,150
7205,206
7206,50
7207,234
7208,232
7209,25
7209,54
7209,71
7209,92
7209,97
7209,150
7209,177
7210,35
7210,105
7210,142
7211,50
7212,68
7212,28
7212,50
7212,203
7212,285
7213,257
7213,54
7213,198
7213,68
7213,10
7213,28
7213,32
7213,50
7213,95
7213,201
7214,28
7214,32
7215,68
7215,203
7216,203
7217,66
7218,54
7218,71
7218,97
7218,150
7218,177
7218,198
7218,68
7218,28
7218,50
7218,95
7219,150
7220,25
7220,54
7220,92
7220,97
7220,150
7220,177
7220,198
7220,68
7220,32
7220,50
7221,10
7221,32
7221,201
7222,25
7222,92
7222,97
7222,150
7223,72
7223,41
7223,45
7223,53
7223,61
7223,83
7223,181
7223,251
7223,264
7224,150
7225,68
7225,50
7225,203
7225,285
7226,234
7227,68
7227,32
7227,50
7227,203
7228,10
7228,32
7228,201
7228,279
7229,257
7229,68
7229,32
7229,50
7229,95
7229,203
7229,241
7229,285
7230,115
7231,10
7231,28
7231,32
7231,201
7231,279
7232,68
7232,50
7232,203
7232,285
7233,68
7233,50
7234,47
7234,10
7234,28
7234,32
7234,201
7234,203
7234,279
7235,10
7235,28
7235,32
7235,201
7235,203
7236,92
7236,150
7237,54
7237,71
7237,92
7237,97
7237,150
7237,177
7238,49
7238,101
7239,95
7239,241
7240,26
7240,37
7240,41
7240,45
7240,46
7240,61
7240,55
7240,73
7240,85
7240,88
7241,32
7242,68
7242,50
7243,47
7243,10
7244,47
7244,10
7244,28
7244,203
7245,47
7245,10
7246,97
7246,150
7246,177
7246,68
7246,10
7246,28
7246,32
7246,50
7246,95
7246,201
7247,68
7247,10
7247,28
7247,32
7247,50
7247,95
7247,201
7247,241
7247,285
7248,203
7249,68
7249,28
7249,50
7249,203
7249,285
7250,285
7251,68
7251,50
7251,203
7252,32
7253,54
7253,198
7253,68
7253,28
7253,32
7253,50
7253,205
7254,50
7254,285
7255,68
7255,50
7255,205
7256,32
7256,95
7256,241
7256,285
7257,32
7258,68
7258,50
7258,203
7259,72
7259,8
7259,26
7259,38
7259,41
7259,45
7259,53
7259,61
7259,55
7259,83
7260,28
7260,203
7261,257
7261,198
7261,68
7261,32
7261,50
7261,95
7261,241
7261,285
7262,50
7262,285
7263,234
7263,31
7263,297
7264,54
7264,97
7264,177
7264,68
7264,10
7264,28
7264,32
7264,50
7264,201
7264,203
7265,68
7265,10
7265,28
7265,32
7265,50
7265,95
7265,201
7265,203
7265,241
7265,279
7266,68
7266,32
7266,50
7266,203
7266,285
7267,68
7267,50
7267,285
7268,150
7269,32
7270,95
7270,285
7271,28
7271,32
7272,68
7272,32
7272,50
7272,203
7273,32
7274,54
7274,198
7275,50
7276,54
7276,177
7276,198
7277,68
7277,28
7277,32
7277,50
7277,95
7277,203
7277,241
7277,287
7278,25
7278,54
7278,71
7278,92
7278,97
7278,150
7278,177
7278,198
7278,50
7279,198
7279,50
7280,50
7281,68
7281,28
7281,32
7281,50
7281,203
7281,285
7282,54
7282,198
7283,285
7284,68
7284,50
7284,203
7284,285
7285,66
7286,10
7286,32
7286,201
7287,25
7287,54
7287,92
7287,97
7287,150
7287,177
7287,198
7287,68
7287,50
7287,285
7288,10
7288,28
7288,32
7288,50
7288,95
7288,201
7288,241
7288,285
7289,234
7289,131
7289,164
7290,54
7290,198
7291,49
7291,248
7291,206
7292,150
7293,68
7293,28
7293,32
7293,50
7293,203
7294,150
7295,54
7295,71
7295,92
7295,97
7295,150
7295,177
7295,198
7295,68
7295,28
7295,50
7296,10
7296,28
7296,32
7296,201
7296,203
7296,279
7297,50
7297,203
7297,285
7298,150
7299,150
7300,285
7301,32
7302,105
7303,68
7303,10
7303,28
7303,32
7303,50
7303,201
7303,203
7303,285
7304,68
7304,28
7304,203
7305,54
7305,97
7305,177
7305,198
7305,68
7305,28
7305,32
7305,50
7305,95
7305,203
7306,50
7307,68
7307,28
7307,32
7307,50
7307,203
7307,285
7308,54
7308,97
7308,177
7308,198
7308,68
7308,50
7309,76
7309,122
7309,232
7309,237
7309,240
7309,251
7309,264
7310,257
7310,25
7310,54
7310,71
7310,92
7310,97
7310,150
7310,177
7310,198
7310,68
7311,25
7311,54
7311,92
7311,97
7311,150
7311,177
7311,198
7311,68
7311,28
7311,32
7312,232
7313,68
7313,203
7314,50
7314,285
7315,206
7316,198
7316,68
7316,50
7316,203
7317,25
7317,54
7317,92
7317,97
7317,150
7317,177
7317,198
7317,68
7317,50
7318,68
7318,203
7319,257
7319,50
7319,285
7320,32
7321,10
7321,32
7321,201
7321,279
7322,50
7323,198
7323,50
7324,25
7324,92
7324,150
7325,68
7325,50
7326,47
7326,10
7327,50
7327,285
7328,198
7328,68
7328,32
7328,50
7328,95
7328,203
7328,241
7328,285
7329,25
7329,54
7329,92
7329,97
7329,150
7329,177
7329,198
7329,68
7329,32
7329,50
7330,50
7330,285
7331,54
7331,198
7332,10
7332,28
7332,32
7332,201
7332,279
7333,68
7333,203
7334,68
7334,50
7334,203
7335,38
7335,61
7335,122
7335,141
7335,251
7335,264
7335,296
7336,203
7337,28
7337,203
7338,68
7338,28
7338,32
7338,50
7338,95
7338,201
7338,203
7338,241
7338,285
7339,10
7339,28
7339,201
7340,115
7341,105
7342,168
7343,68
7343,10
7343,28
7343,32
7343,50
7343,201
7343,203
7343,285
7344,68
7344,203
7345,68
7345,50
7346,68
7346,203
7347,68
7347,32
7347,50
7347,203
7348,68
7348,32
7348,50
7348,95
7348,203
7348,241
7348,285
7349,68
7349,50
7349,203
7350,68
7350,50
7350,203
7351,54
7351,97
7351,177
7351,198
7351,68
7351,28
7351,32
7351,50
7351,203
7352,68
7352,50
7353,105
7353,142
7354,28
7354,32
7355,47
7355,10
7356,47
7356,10
7357,68
7357,10
7357,28
7357,32
7357,50
7357,95
7357,201
7357,203
7357,241
7357,285
7358,54
7358,198
7359,68
7359,28
7359,50
7359,203
7359,285
7360,50
7361,10
7361,28
7361,32
7361,201
7361,203
7361,279
7362,68
7362,28
7362,203
7363,35
7363,105
7363,142
7363,162
7363,253
7364,68
7364,28
7364,32
7364,50
7364,95
7364,203
7364,241
7364,287
7365,101
7365,169
7366,54
7366,71
7366,92
7366,97
7366,150
7366,198
7366,68
7366,28
7366,50
7366,203
7367,101
7367,20
7367,162
7367,253
7368,68
7368,203
7369,32
7370,32
7371,68
7371,10
7371,28
7371,32
7371,50
7371,95
7371,203
7371,285
7372,68
7372,28
7372,32
7372,50
7372,95
7372,203
7372,241
7372,285
7373,68
7373,28
7373,50
7373,203
7374,76
7374,232
7375,54
7375,198
7375,68
7375,50
7375,203
7375,285
7376,68
7376,50
7377,234
7377,8
7377,31
7377,164
7377,296
7377,297
7378,115
7379,28
7379,32
7379,203
7380,68
7380,28
7380,50
7380,203
7380,285
7381,68
7381,50
7381,203
7381,285
7382,32
7382,50
7382,95
7382,203
7382,241
7382,285
7383,54
7383,177
7383,198
7383,68
7383,50
7384,150
7385,10
7385,32
7385,279
7386,32
7386,95
7386,241
7386,285
7387,257
7387,54
7387,198
7387,68
7387,10
7387,28
7387,32
7387,50
7387,95
7387,201
7388,68
7388,10
7388,28
7388,50
7388,203
7388,285
7389,68
7389,50
7389,203
7390,68
7390,203
7391,54
7391,71
7391,92
7391,97
7391,150
7391,177
7392,10
7392,28
7392,201
7393,68
7393,28
7393,32
7393,50
7393,95
7393,203
7393,241
7393,285
7394,28
7394,32
7394,203
7395,10
7395,28
7395,201
7396,128
7396,289
7397,68
7397,50
7397,203
7398,32
7398,95
7398,285
7399,257
7399,68
7399,28
7399,32
7399,50
7399,95
7399,203
7399,241
7399,285
7400,25
7400,54
7400,92
7400,97
7400,150
7400,177
7400,198
7400,68
7400,50
7401,68
7401,28
7401,50
7401,203
7401,285
7402,162
7403,49
7403,101
7403,27
7403,162
7403,169
7404,68
7404,28
7404,50
7404,203
7405,32
7405,201
7405,279
7406,257
7406,68
7406,28
7406,32
7406,50
7406,95
7406,203
7406,241
7406,285
7407,32
7407,50
7408,10
7408,32
7408,201
7408,279
7409,68
7409,28
7409,203
7410,68
7410,50
7410,203
7411,10
7411,32
7411,201
7411,279
7412,50
7413,68
7414,68
7414,50
7415,198
7415,68
7415,50
7416,68
7416,28
7416,50
7416,203
7416,285
7417,200
7417,105
7418,68
7418,50
7418,203
7419,25
7419,92
7419,97
7419,150
7420,32
7421,68
7421,50
7421,203
7422,54
7422,71
7422,92
7422,97
7422,150
7422,177
7423,25
7423,54
7423,92
7423,97
7423,150
7423,177
7423,198
7423,68
7423,28
7423,32
7424,66
7425,8
7425,296
7426,32
7426,50
7426,95
7426,241
7426,285
7427,64
7427,91
7427,216
7428,54
7428,198
7429,66
7430,47
7430,10
7430,28
7430,203
7431,71
7431,92
7431,97
7431,150
7431,177
7432,54
7432,198
7432,68
7432,50
7433,68
7433,28
7433,50
7433,203
7433,285
7434,32
7434,95
7434,285
7435,32
7436,25
7436,54
7436,92
7436,97
7436,150
7436,177
7436,198
7436,68
7436,50
7436,203
7437,26
7437,37
7437,41
7437,45
7437,46
7437,61
7437,55
7437,85
7437,88
7437,93
7438,68
7438,32
7438,50
7438,203
7439,54
7439,198
7439,50
7440,54
7440,198
7441,32
7442,68
7442,50
7443,257
7443,198
7443,68
7443,28
7443,32
7443,50
7443,95
7443,203
7443,241
7443,285
7444,54
7444,97
7444,177
7444,198
7444,68
7444,50
7445,241
7446,32
7447,198
7447,10
7447,28
7447,32
7447,50
7447,95
7447,201
7447,241
7447,279
7447,285
7448,25
7448,54
7448,92
7448,97
7448,150
7448,177
7448,198
7448,68
7448,50
7448,203
7449,8
7450,257
7450,32
7450,95
7450,241
7450,285
7451,25
7451,92
7451,150
7452,198
7452,50
7452,285
7453,54
7453,198
7453,50
7454,32
7455,257
7455,25
7455,54
7455,92
7455,97
7455,177
7455,198
7455,68
7455,10
7455,28
7456,68
7456,50
7456,203
7457,54
7457,97
7457,177
7457,198
7457,50
7458,54
7458,198
7459,9
7459,21
7459,64
7459,91
7459,215
7459,216
7459,218
7460,68
7460,32
7460,50
7460,95
7460,203
7460,241
7460,285
7461,50
7461,203
7461,285
7462,68
7462,50
7462,203
7462,285
7463,10
7463,32
7463,201
7463,279
7464,32
7465,45
7465,61
7465,237
7465,240
7465,264
7466,72
7466,8
7466,41
7466,45
7466,53
7466,61
7466,55
7466,83
7466,88
7466,93
7467,68
7467,28
7467,50
7467,203
7468,25
7468,54
7468,71
7468,92
7468,97
7468,150
7468,177
7469,32
7470,10
7470,32
7470,201
7470,279
7471,92
7471,150
7472,28
7472,32
7473,32
7474,68
7474,28
7474,32
7474,50
7474,203
7475,28
7475,32
7475,201
7476,72
7476,8
7476,41
7476,45
7476,53
7476,61
7476,55
7476,83
7476,88
7476,93
7477,234
7477,8
7477,131
7477,164
7478,257
7478,25
7478,54
7478,71
7478,92
7478,97
7478,150
7478,177
7478,198
7478,68
7479,115
7480,257
7480,54
7480,198
7480,10
7480,28
7480,32
7480,50
7480,95
7480,201
7480,203
7481,28
7481,203
7482,10
7482,28
7482,201
7483,203
7484,203
7485,68
7485,28
7485,50
7485,203
7485,285
7486,32
7486,95
7486,241
7486,285
7487,198
7487,50
7488,68
7488,10
7488,32
7488,50
7488,201
7488,203
7488,241
7488,285
7489,32
7489,95
7489,285
7490,105
7491,234
7491,131
7492,200
7492,105
7493,25
7493,54
7493,71
7493,92
7493,97
7493,150
7493,177
7494,257
7494,68
7494,10
7494,28
7494,32
7494,50
7494,95
7494,201
7494,203
7494,241
7495,32
7495,203
7496,10
7496,32
7496,279
7497,203
7498,10
7498,28
7499,198
7499,68
7499,50
7500,50
7500,285
7501,71
7501,92
7501,97
7501,150
7501,177
7502,28
7502,203
7503,68
7503,28
7503,32
7503,50
7503,203
7504,68
7504,50
7504,203
7505,72
7505,8
7505,26
7505,31
7505,41
7505,45
7505,46
7505,53
7505,61
7505,88
7506,49
7506,101
7506,27
7506,169
7507,150
7508,68
7508,32
7508,50
7508,203
7508,285
7509,198
7509,50
7509,285
7510,54
7510,198
7511,68
7511,50
7511,203
7512,68
7512,32
7512,50
7512,95
7512,203
7512,241
7512,285
7513,50
7513,203
7513,285
7514,10
7514,32
7514,279
7515,47
7515,10
7515,28
7515,203
7516,10
7516,28
7516,32
7516,201
7517,10
7517,28
7517,32
7517,201
7517,279
7518,55
7518,88
7518,93
7518,132
7518,226
7519,203
7520,14
7520,105
7521,68
7521,50
7522,203
7523,198
7523,68
7523,50
7524,232
7525,203
7526,54
7526,71
7526,92
7526,97
7526,150
7526,177
7526,198
7526,68
7526,50
7526,203
7527,68
7527,50
7527,203
7527,285
7528,150
7529,234
7529,31
7530,203
7531,10
7531,28
7531,32
7531,201
7531,203
7531,279
7532,54
7532,97
7532,177
7532,198
7532,68
7532,10
7532,28
7532,32
7532,50
7532,95
7533,72
7533,8
7533,26
7533,41
7533,45
7533,53
7533,61
7533,55
7533,83
7533,85
7534,28
7535,68
7535,28
7535,50
7535,203
7536,10
7536,28
7536,32
7536,201
7536,279
7537,68
7537,28
7537,32
7537,50
7537,95
7537,203
7537,241
7537,285
7538,47
7538,10
7538,28
7538,201
7539,68
7539,28
7539,32
7539,50
7539,95
7539,203
7539,241
7539,285
7540,257
7540,198
7540,32
7540,50
7540,95
7540,285
7541,68
7541,50
7542,8
7542,53
7542,61
7542,83
7542,214
7542,296
7543,10
7543,28
7543,32
7543,201
7544,32
7544,95
7544,285
7545,28
7545,32
7545,50
7545,95
7545,203
7545,241
7545,285
7546,68
7546,28
7546,32
7546,50
7546,95
7546,203
7546,241
7546,285
7547,54
7547,71
7547,92
7547,97
7547,177
7547,198
7547,50
7547,285
7548,115
7549,9
7549,21
7549,64
7549,91
7549,215
7549,216
7549,218
7550,198
7550,68
7550,28
7550,32
7550,50
7550,95
7550,201
7550,203
7550,241
7550,285
7551,8
7551,26
7551,37
7551,38
7551,41
7551,45
7551,46
7551,53
7551,61
7551,55
7552,32
7553,203
7554,54
7554,198
7555,28
7555,203
7556,50
7556,285
7557,47
7558,92
7558,150
7559,234
7559,31
7559,164
7559,296
7560,68
7560,50
7561,28
7562,203
7563,257
7563,68
7563,28
7563,32
7563,50
7563,95
7563,203
7563,241
7563,285
7564,68
7564,28
7564,32
7564,203
7565,49
7566,47
7567,28
7568,32
7569,115
7570,10
7570,28
7570,203
7571,72
7571,8
7571,41
7571,45
7571,53
7571,61
7571,55
7571,83
7571,88
7571,93
7572,68
7572,50
7573,57
7574,68
7574,28
7574,32
7574,50
7574,203
7574,285
7575,54
7575,198
7575,68
7575,50
7575,203
7575,285
7576,33
7577,198
7577,50
7578,10
7578,28
7578,32
7578,201
7578,279
7579,200
7579,105
7580,28
7580,203
7581,50
7582,50
7582,285
7583,68
7583,203
7584,28
7584,203
7585,54
7585,198
7585,50
7586,49
7586,40
7586,128
7586,162
7586,253
7586,289
7587,68
7587,28
7587,32
7587,50
7587,95
7587,203
7587,241
7587,285
7588,28
7588,32
7588,203
7589,68
7589,10
7589,28
7589,32
7589,50
7589,95
7589,201
7589,203
7589,285
7590,71
7590,92
7590,97
7590,150
7590,177
7591,68
7591,50
7591,203
7592,28
7592,32
7592,203
7593,54
7594,68
7594,50
7594,203
7595,28
7595,32
7595,201
7596,68
7596,28
7596,32
7596,50
7596,203
7596,285
7597,32
7598,68
7598,47
7598,10
7598,28
7598,50
7598,203
7599,28
7599,32
7599,95
7599,203
7599,241
7600,68
7600,28
7600,32
7600,50
7600,203
7600,285
7601,76
7601,122
7601,232
7601,237
7601,240
7601,251
7601,264
7602,8
7602,53
7602,61
7602,83
7602,141
7602,161
7602,251
7602,296
7603,10
7603,28
7603,32
7604,50
7605,68
7605,203
7606,150
7607,68
7607,203
7608,47
7608,28
7608,203
7609,54
7609,198
7609,50
7610,32
7611,10
7611,32
7612,10
7612,28
7613,32
7614,198
7614,68
7614,28
7614,32
7614,50
7614,95
7614,203
7614,241
7614,285
7615,68
7615,203
7616,54
7616,198
7616,68
7616,51
7617,68
7617,28
7617,50
7617,203
7617,285
7618,66
7619,10
7619,32
7619,201
7619,279
7620,28
7620,203
7621,32
7621,95
7621,285
7622,28
7622,32
7622,50
7622,95
7622,241
7622,285
7623,68
7623,28
7623,50
7623,203
7623,285
7624,203
7625,50
7625,285
7626,54
7626,92
7626,97
7626,150
7626,177
7626,198
7626,68
7626,10
7626,28
7626,32
7627,32
7628,50
7628,285
7629,38
7629,61
7629,122
7629,214
7629,251
7629,264
7630,68
7630,32
7630,50
7630,203
7631,68
7631,32
7631,95
7631,203
7631,241
7631,285
7632,32
7633,68
7633,28
7633,32
7633,203
7634,54
7634,198
7635,32
7636,68
7636,10
7636,28
7636,50
7636,203
7636,285
7637,50
7637,285
7638,203
7639,50
7640,32
7641,28
7641,203
7642,285
7643,68
7643,50
7644,28
7644,32
7644,201
7645,50
7645,285
7646,68
7646,50
7647,32
7647,95
7647,241
7647,285
7648,203
7649,54
7649,198
7649,68
7649,10
7649,28
7649,32
7649,50
7649,201
7649,203
7649,285
7650,28
7650,32
7651,68
7651,50
7651,203
7651,285
7652,68
7652,50
7652,203
7653,50
7653,285
7654,257
7654,32
7654,50
7654,95
7654,285
7655,54
7655,198
7656,105
7657,50
7658,50
7658,285
7659,203
7660,150
7661,32
7662,10
7662,28
7662,32
7662,50
7662,95
7662,201
7662,241
7662,279
7662,285
7663,10
7663,32
7664,25
7664,92
7664,97
7664,150
7665,68
7665,32
7665,50
7665,95
7665,203
7665,241
7666,10
7666,28
7666,32
7666,50
7666,95
7666,201
7666,279
7666,285
7667,10
7667,28
7667,201
7668,28
7668,32
7668,50
7668,95
7668,203
7668,241
7668,285
7669,32
7669,50
7669,95
7669,203
7669,241
7669,285
7670,257
7670,10
7670,28
7670,32
7670,50
7670,95
7670,201
7670,203
7670,241
7670,279
7671,8
7671,38
7671,61
7671,122
7671,141
7671,161
7671,214
7671,237
7671,240
7671,251
7672,76
7673,139
7674,32
7675,68
7675,50
7676,10
7676,28
7676,32
7676,50
7676,95
7676,201
7676,285
7677,28
7677,32
7677,203
7678,50
7679,68
7679,28
7679,32
7679,203
7680,198
7680,68
7680,32
7680,50
7680,285
7681,50
7681,285
7682,47
7682,203
7683,68
7683,10
7683,28
7683,32
7683,50
7683,95
7683,201
7683,203
7683,241
7683,279
7684,54
7684,198
7685,68
7685,32
7685,50
7685,95
7685,203
7685,241
7685,285
7686,54
7686,97
7686,177
7686,198
7686,68
7686,50
7687,32
7688,46
7688,61
7688,76
7688,122
7688,237
7688,240
7688,251
7688,264
7689,32
7690,68
7690,28
7690,50
7690,203
7691,50
7692,68
7692,28
7692,32
7692,50
7692,203
7693,47
7693,10
7694,10
7694,28
7694,32
7694,50
7694,95
7694,201
7694,203
7694,241
7694,285
7695,68
7695,50
7696,25
7696,54
7696,71
7696,92
7696,97
7696,150
7696,177
7696,198
7696,68
7696,50
7697,10
7697,28
7697,32
7697,201
7697,203
7698,68
7699,25
7699,54
7699,71
7699,92
7699,97
7699,150
7699,177
7700,28
7700,32
7700,203
7701,32
7701,95
7701,241
7701,285
7702,32
7702,95
7702,241
7703,257
7703,54
7703,198
7703,68
7703,10
7703,28
7703,32
7703,50
7703,95
7703,201
7704,28
7704,203
7705,68
7705,32
7705,50
7705,203
7706,26
7706,37
7706,41
7706,45
7706,46
7706,61
7706,55
7706,88
7706,93
7706,132
7707,32
7708,32
7708,95
7708,241
7709,68
7709,32
7709,50
7709,203
7710,198
7710,50
7711,10
7711,28
7711,32
7711,201
7711,203
7711,241
7711,279
7712,234
7712,164
7713,203
7714,54
7714,198
7715,10
7715,28
7715,32
7715,201
7715,279
7716,50
7717,32
7717,50
7717,95
7717,241
7717,285
7718,248
7719,68
7719,50
7719,203
7719,285
7720,232
7721,28
7721,203
7722,28
7722,203
7723,150
7724,28
7724,32
7724,203
7725,150
7726,68
7726,50
7727,10
7727,28
7727,32
7727,201
7728,206
7729,203
7730,25
7730,54
7730,92
7730,97
7730,150
7730,177
7730,198
7730,68
7730,28
7730,32
7731,10
7731,28
7731,32
7731,201
7731,203
7732,32
7733,28
7733,203
7734,68
7734,28
7734,32
7734,50
7734,95
7734,203
7734,241
7734,285
7735,10
7735,28
7736,47
7736,10
7736,28
7736,203
7737,68
7737,203
7738,10
7738,32
7738,201
7739,38
7739,61
7739,122
7739,141
7739,214
7739,237
7739,240
7739,251
7739,264
7739,296
7740,257
7740,25
7740,54
7740,97
7740,198
7740,68
7740,28
7740,32
7740,50
7740,95
7741,54
7741,97
7741,177
7741,198
7741,68
7741,50
7742,10
7742,32
7742,201
7742,279
7743,115
7744,38
7744,61
7744,122
7744,214
7744,251
7744,264
7745,28
7745,32
7745,203
7746,32
7746,50
7746,95
7746,203
7746,241
7746,285
7747,47
7747,10
7748,25
7748,54
7748,92
7748,97
7748,150
7748,177
7748,198
7748,68
7748,10
7748,28
7749,72
7749,26
7749,41
7749,45
7749,53
7749,61
7749,55
7749,83
7749,85
7749,88
7750,68
7750,32
7750,50
7750,203
7751,92
7751,150
7752,68
7752,50
7753,32
7754,68
7754,50
7754,203
7754,285
7755,32
7756,68
7756,47
7756,10
7756,28
7756,205
7757,68
7757,47
7757,50
7757,203
7758,61
7758,122
7758,237
7758,240
7758,251
7758,264
7758,296
7759,32
7759,203
7760,28
7760,32
7760,50
7760,95
7760,241
7761,32
7762,68
7762,28
7762,32
7762,50
7762,95
7762,203
7762,241
7762,285
7763,68
7763,28
7763,50
7763,203
7763,285
7764,50
7765,54
7765,198
7765,68
7765,28
7765,50
7765,203
7765,285
7766,25
7766,71
7766,92
7766,97
7766,150
7766,179
7766,167
7767,68
7767,10
7767,28
7767,50
7767,203
7767,285
7768,203
7769,54
7769,198
7769,68
7769,28
7769,50
7769,203
7769,285
7770,115
7771,68
7771,32
7771,50
7771,203
7772,68
7772,28
7772,32
7772,50
7772,95
7772,203
7772,241
7772,285
7773,28
7773,32
7773,202
7774,68
7774,50
7774,203
7775,54
7775,198
7776,76
7776,122
7776,232
7776,237
7776,240
7777,25
7777,54
7777,92
7777,97
7777,150
7777,177
7777,198
7778,203
7779,32
7780,68
7780,32
7780,50
7780,203
7781,32
7781,241
7782,50
7782,285
7783,122
7783,161
7783,251
7783,297
7784,32
7785,198
7785,68
7785,50
7785,203
7785,285
7786,68
7786,28
7786,32
7786,50
7786,203
7786,285
7787,200
7787,105
7788,32
7789,50
7789,285
7790,32
7790,285
7791,105
7792,68
7792,28
7792,32
7792,50
7792,95
7792,201
7792,203
7792,241
7792,285
7793,28
7793,203
7794,68
7794,50
7794,203
7794,285
7795,54
7795,198
7796,68
7796,28
7796,50
7796,203
7797,32
7798,150
7799,257
7799,54
7799,198
7799,10
7799,28
7799,32
7799,50
7799,95
7799,201
7799,203
7800,32
7801,54
7801,97
7801,198
7801,68
7801,50
7802,68
7802,50
7803,54
7803,198
7804,25
7804,54
7804,92
7804,97
7804,150
7804,177
7804,198
7804,50
7805,71
7805,92
7805,97
7805,150
7805,177
7806,68
7806,50
7806,203
7807,50
7807,285
7808,139
7809,47
7809,10
7809,28
7809,203
7810,203
7811,68
7811,28
7811,32
7811,50
7811,203
7811,288
7812,54
7812,198
7812,68
7812,50
7812,203
7813,32
7814,47
7814,28
7814,50
7814,203
7815,28
7815,203
7816,66
7817,10
7817,32
7817,201
7818,8
7818,41
7818,45
7818,46
7818,53
7818,61
7818,83
7818,122
7818,181
7818,237
7819,68
7819,50
7819,203
7819,285
7820,47
7820,10
7821,68
7821,28
7821,32
7821,50
7821,203
7821,285
7822,257
7822,68
7822,28
7822,32
7822,50
7822,95
7822,203
7822,241
7822,285
7823,68
7823,28
7823,50
7823,203
7823,285
7824,68
7824,203
7825,10
7825,28
7825,201
7825,279
7826,115
7827,68
7827,28
7827,32
7827,50
7827,95
7827,203
7827,241
7827,285
7828,32
7828,95
7828,285
7829,68
7829,50
7829,203
7830,68
7830,32
7830,50
7830,95
7830,203
7830,241
7830,285
7831,54
7831,198
7831,10
7831,28
7831,32
7831,50
7831,95
7831,201
7831,203
7831,241
7832,68
7832,50
7833,32
7834,10
7835,32
7836,54
7836,177
7836,198
7836,68
7836,28
7836,50
7836,95
7836,203
7836,241
7836,285
7837,35
7837,105
7837,142
7837,253
7838,32
7838,95
7838,241
7838,285
7839,161
7839,297
7840,50
7840,285
7841,10
7841,28
7841,32
7841,201
7841,279
7842,68
7842,50
7843,32
7844,10
7844,28
7844,32
7844,201
7845,10
7845,28
7845,32
7845,201
7845,279
7846,54
7846,177
7846,198
7846,68
7846,10
7846,28
7846,32
7846,50
7846,95
7846,201
7847,54
7847,177
7847,198
7847,68
7847,50
7847,203
7847,285
7848,198
7848,68
7848,32
7848,50
7848,203
7849,40
7849,128
7849,162
7849,253
7849,289
7850,72
7850,8
7850,41
7850,45
7850,53
7850,61
7850,55
7850,83
7850,88
7850,93
7851,32
7852,95
7852,241
7852,285
7853,76
7853,122
7853,232
7854,32
7855,10
7855,32
7855,201
7856,10
7856,28
7857,68
7857,32
7857,50
7857,95
7857,203
7857,241
7857,285
7858,68
7858,50
7858,203
7858,285
7859,141
7860,72
7860,8
7860,26
7860,41
7860,45
7860,53
7860,61
7860,55
7860,83
7860,88
7861,68
7861,203
7862,8
7862,61
7862,141
7862,251
7862,296
7863,10
7863,28
7863,32
7863,201
7863,241
7863,279
7864,68
7864,28
7864,32
7864,50
7864,95
7864,203
7864,241
7864,287
7865,10
7865,28
7865,32
7865,201
7866,68
7866,28
7866,32
7866,50
7866,95
7866,203
7866,241
7866,285
7867,150
7868,68
7868,28
7868,50
7868,203
7869,68
7869,28
7869,32
7869,50
7869,203
7869,285
7870,198
7870,68
7870,50
7871,10
7871,28
7871,32
7871,201
7871,203
7871,279
7872,52
7872,139
7873,54
7873,198
7873,50
7874,68
7874,203
7875,68
7875,28
7875,50
7875,203
7875,285
7876,25
7876,54
7876,92
7876,97
7876,150
7876,177
7876,198
7876,68
7876,50
7877,32
7878,10
7878,32
7878,201
7879,32
7879,95
7879,285
7880,28
7880,203
7881,68
7881,50
7881,203
7881,285
7882,257
7882,10
7882,28
7882,32
7882,95
7882,201
7882,279
7882,285
7883,32
7884,10
7884,32
7884,201
7884,279
7885,198
7885,68
7885,28
7885,32
7885,50
7885,203
7886,68
7886,10
7886,28
7886,32
7886,201
7886,203
7887,90
7888,28
7888,32
7888,203
7889,10
7889,32
7890,32
7891,105
7891,142
7892,10
7893,25
7893,92
7893,150
7894,10
7894,28
7894,203
7895,28
7895,32
7895,203
7896,198
7896,50
7897,50
7898,150
7899,71
7899,92
7899,97
7899,150
7900,10
7900,28
7900,32
7900,201
7900,203
7900,241
7901,198
7901,50
7902,32
7903,203
7904,50
7905,38
7905,61
7905,122
7905,214
7905,251
7905,264
7906,25
7906,54
7906,92
7906,97
7906,177
7906,198
7906,68
7906,50
7907,141
7907,161
7907,297
7908,68
7908,10
7908,28
7908,32
7908,50
7908,95
7908,201
7908,203
7908,241
7908,285
7909,203
7910,10
7910,32
7910,201
7911,198
7911,50
7911,285
7912,68
7912,203
7913,203
7914,28
7914,32
7914,95
7914,203
7914,241
7914,285
7915,10
7915,32
7915,201
7916,68
7916,28
7916,203
7917,28
7917,32
7917,201
7918,285
7919,68
7919,203
7920,26
7920,37
7920,41
7920,45
7920,46
7920,61
7920,55
7920,85
7920,88
7920,93
7921,257
7921,54
7921,198
7921,68
7921,50
7921,203
7921,285
7922,47
7922,10
7922,28
7922,203
7923,203
7924,54
7924,71
7924,92
7924,97
7924,150
7924,177
7924,198
7924,68
7924,28
7924,32
7925,32
7925,50
7925,285
7926,32
7927,10
7927,28
7927,203
7928,68
7928,28
7928,32
7928,50
7928,203
7929,50
7929,285
7930,25
7930,54
7930,92
7930,97
7930,150
7930,177
7930,198
7930,68
7930,28
7930,32
7931,68
7931,28
7931,32
7931,50
7931,203
7931,285
7932,10
7932,32
7933,115
7934,32
7935,50
7936,68
7936,28
7936,32
7936,50
7936,203
7937,32
7938,47
7938,10
7939,68
7939,10
7939,28
7939,203
7940,68
7940,10
7940,28
7940,50
7940,203
7940,285
7941,32
7941,203
7942,68
7942,50
7942,203
7943,68
7943,50
7944,32
7945,203
7946,28
7946,32
7946,50
7946,203
7946,241
7947,54
7947,92
7947,177
7947,198
7947,68
7947,50
7947,203
7947,285
7948,47
7948,10
7948,28
7948,32
7948,201
7948,203
7948,279
7949,32
7950,50
7951,68
7951,28
7951,32
7951,203
7952,10
7953,47
7953,10
7954,68
7954,28
7954,50
7954,203
7954,285
7955,203
7956,50
7957,68
7957,32
7957,203
7958,10
7958,32
7958,201
7959,68
7959,10
7959,28
7959,32
7959,50
7959,95
7959,203
7959,285
7960,54
7960,198
7961,68
7961,32
7961,50
7961,95
7961,203
7961,241
7961,285
7962,198
7963,54
7963,198
7963,68
7963,50
7963,203
7963,285
7964,68
7965,10
7965,32
7966,198
7966,50
7967,105
7967,254
7968,32
7968,241
7968,285
7969,25
7969,92
7969,97
7969,150
7970,68
7970,203
7971,203
7972,68
7972,203
7973,32
7973,50
7973,285
7974,47
7974,10
7974,28
7975,68
7975,28
7975,32
7975,50
7975,203
7975,241
7975,285
7976,285
7977,28
7977,32
7977,203
7978,68
7978,50
7978,203
7979,54
7979,198
7980,55
7980,88
7980,93
7980,132
7980,226
7981,32
7981,95
7981,241
7981,285
7982,203
7983,54
7983,198
7983,50
7983,285
7984,72
7984,8
7984,26
7984,41
7984,45
7984,53
7984,61
7984,55
7984,83
7984,88
7985,50
7986,68
7986,10
7986,28
7986,50
7986,203
7986,285
7987,9
7987,21
7987,64
7987,90
7987,215
7987,216
7987,218
7987,257
7987,54
7987,177
7988,50
7989,68
7989,50
7989,203
7989,285
7990,50
7990,285
7991,72
7991,8
7991,41
7991,45
7991,53
7991,61
7991,55
7991,83
7991,88
7991,93
7992,73
7992,76
7993,68
7993,10
7993,28
7993,32
7993,50
7993,201
7993,203
7993,281
7994,257
7994,198
7994,50
7994,285
7995,32
7996,28
7996,32
7996,201
7996,241
7997,32
7997,95
7997,285
7998,10
7998,201
7999,50
8000,285
8001,68
8001,28
8001,32
8001,203
8002,68
8002,50
8003,68
8003,28
8003,32
8003,50
8003,205
8004,72
8004,8
8004,26
8004,41
8004,45
8004,53
8004,61
8004,55
8004,83
8004,88
8005,68
8005,28
8005,50
8005,203
8005,285
8006,28
8006,32
8007,68
8007,203
8008,68
8008,28
8008,32
8008,50
8008,203
8008,285
8009,52
8010,47
8010,10
8010,279
8011,68
8011,10
8011,28
8011,50
8011,201
8011,203
8012,198
8012,50
8012,285
8013,54
8013,177
8013,198
8013,68
8013,50
8014,68
8014,203
8015,32
8016,257
8016,68
8016,28
8016,32
8016,50
8016,95
8016,241
8016,285
8017,28
8017,32
8017,201
8018,32
8019,32
8019,50
8019,203
8019,285
8020,50
8020,285
8021,32
8022,54
8022,177
8022,198
8023,203
8024,203
8025,68
8025,203
8026,68
8026,32
8026,50
8026,95
8026,203
8026,241
8026,285
8027,54
8027,97
8027,177
8027,198
8027,50
8027,285
8028,28
8029,68
8029,28
8029,32
8029,50
8029,95
8029,203
8029,285
8030,50
8030,285
8031,285
8032,32
8033,10
8033,28
8033,32
8033,50
8033,201
8033,203
8033,279
8033,285
8034,257
8034,68
8034,10
8034,28
8034,32
8034,50
8034,95
8034,201
8034,203
8034,241
8035,32
8035,95
8035,241
8035,285
8036,47
8036,203
8037,50
8038,68
8038,50
8039,68
8039,28
8039,32
8039,203
8040,50
8041,68
8041,50
8041,288
8042,68
8042,28
8042,32
8042,50
8042,203
8042,285
8043,54
8043,198
8043,50
8044,25
8044,54
8044,92
8044,97
8044,150
8044,177
8044,198
8044,68
8044,50
8045,200
8045,105
8046,28
8046,203
8047,50
8048,198
8049,68
8049,50
8049,203
8049,285
8050,54
8050,198
8051,28
8051,32
8051,203
8052,50
8052,285
8053,72
8053,41
8053,181
8054,68
8054,50
8055,28
8055,32
8055,95
8055,241
8055,285
8056,68
8056,28
8056,50
8056,203
8057,68
8057,28
8057,32
8057,50
8057,95
8057,203
8057,241
8057,285
8058,28
8059,32
8060,47
8060,10
8060,28
8060,203
8061,25
8061,71
8061,92
8061,97
8061,150
8061,177
8062,198
8062,50
8063,28
8063,32
8063,50
8063,203
8063,285
8064,32
8065,28
8065,32
8065,201
8066,54
8066,97
8066,177
8067,54
8067,97
8067,177
8067,198
8068,68
8068,50
8068,203
8068,285
8069,203
8070,32
8070,95
8071,55
8071,88
8071,93
8071,132
8071,227
8072,68
8072,203
8073,10
8073,32
8073,201
8074,28
8074,32
8074,203
8075,68
8075,28
8075,32
8075,50
8075,203
8076,198
8076,68
8076,28
8076,32
8076,50
8076,203
8077,68
8077,10
8077,28
8077,32
8077,201
8077,203
8077,279
8078,257
8078,198
8078,68
8078,28
8078,32
8078,50
8078,95
8078,203
8078,241
8078,287
8079,10
8079,32
8079,201
8080,68
8080,50
8081,50
8082,28
8082,203
8083,68
8083,28
8083,50
8083,203
8083,285
8084,32
8085,32
8085,50
8085,95
8085,241
8085,285
8086,68
8086,50
8087,28
8087,32
8087,203
8088,28
8088,32
8088,50
8088,203
8089,68
8089,50
8089,203
8089,285
8090,25
8090,54
8090,92
8090,97
8090,150
8090,177
8090,198
8090,32
8090,50
8090,95
8091,72
8091,41
8091,45
8091,53
8091,61
8091,55
8091,83
8091,88
8091,93
8091,122
8092,72
8092,8
8092,41
8092,45
8092,53
8092,61
8092,83
8092,181
8092,237
8092,240
8093,198
8093,50
8094,10
8094,32
8095,28
8095,32
8096,257
8096,198
8096,50
8096,285
8097,68
8097,50
8098,68
8098,28
8098,32
8098,50
8098,205
8099,68
8099,28
8099,32
8099,50
8099,95
8099,203
8099,241
8099,285
8100,50
8100,285
8101,32
8102,68
8102,50
8102,203
8102,285
8103,68
8103,50
8103,203
8104,28
8104,32
8104,203
8105,68
8105,50
8105,203
8105,285
8106,68
8106,32
8106,50
8106,95
8106,203
8106,241
8106,285
8107,32
8108,68
8108,50
8109,32
8109,50
8109,95
8109,241
8109,285
8110,32
8110,95
8110,241
8110,285
8111,50
8111,285
8112,10
8112,28
8112,32
8112,201
8112,279
8113,54
8113,177
8113,198
8114,203
8115,68
8115,28
8115,50
8115,203
8116,68
8116,28
8116,203
8117,68
8117,50
8118,10
8118,32
8118,201
8118,279
8119,28
8119,32
8119,203
8120,41
8120,55
8120,88
8120,93
8120,132
8120,181
8120,226
8121,50
8122,32
8123,68
8123,32
8123,50
8123,203
8124,68
8124,28
8124,32
8124,203
8125,68
8125,32
8125,203
8126,203
8127,47
8127,10
8127,28
8127,203
8128,203
8129,32
8130,68
8130,50
8131,72
8131,8
8131,41
8131,45
8131,53
8131,61
8131,83
8131,181
8131,264
8132,68
8132,28
8132,32
8132,50
8132,203
8133,50
8133,285
8134,46
8134,144
8134,180
8134,240
8135,32
8136,76
8136,122
8136,232
8137,32
8138,50
8138,285
8139,68
8139,28
8139,32
8139,50
8139,203
8140,32
8141,257
8141,50
8141,285
8142,28
8142,32
8142,203
8143,10
8143,32
8143,201
8144,68
8144,28
8144,32
8144,50
8144,95
8144,203
8144,241
8144,287
8145,68
8145,50
8146,68
8146,50
8147,68
8147,50
8147,203
8147,285
8148,47
8148,10
8148,28
8149,28
8149,32
8149,203
8150,10
8150,32
8150,201
8151,68
8151,50
8151,203
8152,32
8153,68
8153,50
8153,203
8154,68
8154,28
8154,50
8154,203
8154,285
8155,47
8155,10
8155,28
8155,203
8156,47
8156,203
8157,10
8157,28
8157,32
8157,201
8158,10
8158,32
8158,279
8159,68
8159,28
8159,50
8160,203
8161,68
8161,203
8162,32
8162,203
8163,122
8163,161
8163,251
8164,10
8164,32
8164,201
8165,10
8165,28
8165,32
8165,201
8165,203
8165,279
8166,32
8167,10
8167,28
8167,50
8167,203
8167,285
8168,200
8168,105
8169,32
8169,95
8169,285
8170,68
8170,28
8170,32
8170,50
8170,95
8170,203
8170,241
8170,287
8171,68
8171,50
8172,257
8172,68
8172,28
8172,32
8172,50
8172,95
8172,203
8172,241
8172,285
8173,68
8173,28
8173,32
8173,50
8173,203
8174,32
8174,95
8174,285
8175,68
8175,203
8176,10
8176,28
8176,32
8176,201
8176,279
8177,47
8177,203
8178,47
8178,10
8179,68
8179,32
8179,50
8179,95
8179,203
8179,241
8180,68
8180,50
8181,54
8181,198
8181,68
8181,50
8181,285
8182,32
8183,32
8183,95
8183,241
8183,285
8184,68
8184,28
8184,50
8184,203
8185,28
8185,32
8186,10
8186,32
8186,201
8187,47
8187,10
8188,54
8188,92
8188,97
8188,177
8188,198
8189,72
8189,8
8189,41
8189,45
8189,53
8189,61
8189,55
8189,83
8189,88
8189,93
8190,28
8190,32
8190,203
8191,32
8192,10
8192,28
8192,50
8192,203
8193,32
8194,10
8194,32
8194,201
8195,68
8195,50
8195,285
8196,68
8196,47
8196,10
8196,28
8196,203
8197,68
8197,28
8197,32
8197,50
8197,203
8198,68
8198,203
8199,68
8199,10
8199,28
8199,203
8200,10
8200,32
8201,150
8202,32
8202,50
8202,95
8202,285
8203,68
8203,28
8203,32
8203,50
8203,95
8203,203
8203,241
8203,285
8204,28
8204,32
8205,72
8205,41
8205,45
8205,53
8205,61
8205,55
8205,83
8205,88
8205,132
8205,181
8206,10
8206,28
8206,32
8206,201
8206,281
8207,54
8207,198
8207,68
8207,50
8208,203
8209,68
8209,50
8210,234
8210,164
8211,68
8211,50
8211,203
8212,68
8212,50
8212,203
8213,32
8214,68
8214,28
8214,32
8214,50
8214,95
8214,203
8214,241
8214,285
8215,10
8215,28
8215,201
8215,203
8215,279
8216,68
8216,28
8216,32
8216,50
8216,203
8216,285
8217,32
8217,95
8217,285
8218,28
8219,68
8219,50
8219,203
8220,68
8220,32
8220,50
8220,203
8221,32
8221,95
8221,285
8222,68
8222,50
8223,10
8223,32
8223,201
8223,279
8224,76
8224,122
8224,251
8225,68
8225,203
8226,68
8226,28
8226,50
8226,203
8227,26
8227,55
8227,85
8227,88
8227,93
8227,94
8227,132
8227,144
8227,181
8227,223
8228,68
8228,32
8228,50
8228,203
8229,10
8229,32
8230,32
8230,95
8230,241
8230,285
8231,32
8232,32
8232,95
8232,241
8232,285
8233,10
8233,28
8233,32
8233,201
8233,279
8234,68
8234,203
8235,47
8235,10
8235,28
8235,203
8236,32
8237,68
8237,32
8237,50
8237,203
8237,285
8238,50
8239,47
8239,203
8240,10
8240,28
8240,32
8240,201
8240,279
8241,8
8241,61
8241,251
8241,296
8242,68
8242,32
8242,50
8242,95
8242,203
8242,241
8242,285
8243,28
8243,32
8244,32
8245,68
8245,28
8245,32
8245,50
8245,95
8245,203
8245,241
8245,285
8246,10
8246,28
8246,32
8246,201
8247,10
8247,32
8247,279
8248,139
8249,10
8249,28
8250,32
8250,50
8250,285
8251,68
8251,32
8251,50
8251,203
8252,68
8252,28
8252,50
8252,203
8253,10
8253,32
8253,201
8253,279
8254,68
8254,50
8254,203
8255,47
8255,10
8256,68
8256,28
8256,32
8256,203
8257,28
8257,32
8257,203
8258,10
8258,28
8258,32
8258,201
8258,279
8259,68
8259,28
8259,32
8259,50
8259,95
8259,203
8259,241
8259,285
8260,68
8260,203
8261,32
8262,198
8262,68
8262,50
8263,10
8263,28
8263,32
8263,201
8264,32
8265,54
8265,177
8266,198
8266,50
8267,68
8267,32
8267,50
8267,95
8267,203
8267,241
8267,285
8268,68
8268,203
8269,198
8269,50
8270,105
8271,72
8271,8
8271,26
8271,41
8271,45
8271,53
8271,61
8271,55
8271,83
8271,88
8272,32
8272,241
8273,28
8273,32
8274,10
8274,28
8274,32
8274,201
8275,68
8275,28
8275,50
8275,203
8275,285
8276,32
8277,10
8277,32
8277,201
8278,10
8278,32
8278,201
8279,68
8279,203
8280,68
8280,28
8280,32
8280,50
8280,203
8281,32
8281,95
8281,285
8282,32
8283,10
8283,32
8283,201
8284,203
8285,68
8285,28
8285,32
8285,50
8285,95
8285,203
8285,241
8285,285
8286,68
8286,50
8286,203
8287,203
8288,10
8289,10
8289,28
8289,32
8289,201
8289,279
8290,8
8291,68
8291,203
8292,257
8292,50
8292,285
8293,32
8294,68
8294,32
8294,50
8294,95
8294,203
8294,241
8294,285
8295,54
8295,198
8295,68
8295,28
8295,32
8295,50
8295,95
8295,203
8295,241
8295,285
8296,76
8296,122
8296,232
8296,237
8296,240
8296,251
8296,264
8297,10
8297,28
8297,32
8297,201
8297,285
8298,68
8298,32
8298,50
8298,203
8299,28
8299,32
8299,203
8300,68
8300,50
8301,10
8301,28
8301,32
8301,201
8301,203
8301,279
8302,32
8303,28
8303,32
8303,203
8304,32
8305,50
8305,285
8306,10
8306,32
8306,201
8306,279
8307,68
8307,28
8307,32
8307,50
8307,203
8307,285
8308,285
8309,37
8309,41
8309,46
8309,73
8309,144
8309,148
8309,180
8309,181
8309,223
8309,237
8310,68
8310,50
8310,203
8310,285
8311,10
8311,32
8311,201
8312,68
8312,50
8313,68
8313,50
8313,203
8314,68
8314,28
8314,32
8314,50
8314,95
8314,203
8314,241
8314,285
8315,10
8316,32
8317,54
8317,198
8318,10
8318,28
8319,285
8320,32
8321,50
8322,10
8323,50
8323,285
8324,10
8324,28
8325,68
8325,28
8325,32
8325,50
8325,95
8325,203
8325,241
8325,285
8326,139
8327,10
8327,28
8327,32
8327,201
8327,279
8328,203
8329,203
8330,32
8330,95
8330,241
8330,285
8331,32
8331,95
8331,241
8331,285
8332,68
8332,28
8332,32
8332,50
8332,95
8332,203
8332,241
8332,285
8333,47
8333,10
8333,28
8333,203
8334,68
8334,203
8335,47
8335,10
8336,47
8336,10
8337,10
8338,72
8338,26
8338,41
8338,45
8338,53
8338,61
8338,55
8338,83
8338,88
8338,93
8339,28
8340,68
8340,203
8341,41
8341,181
8342,28
8342,32
8343,68
8343,50
8343,203
8344,68
8344,28
8344,50
8344,203
8344,288
8345,198
8345,68
8345,32
8345,50
8345,95
8345,203
8345,285
8346,10
8346,32
8346,201
8347,198
8347,50
8348,28
8348,32
8348,95
8348,241
8348,285
8349,54
8349,97
8349,177
8349,198
8349,68
8349,50
8349,203
8350,68
8350,50
8350,203
8350,241
8350,285
8351,10
8351,28
8352,203
8353,47
8353,203
8354,10
8355,32
8355,203
8356,68
8356,28
8356,32
8356,50
8356,203
8356,241
8356,285
8357,68
8357,203
8358,68
8358,28
8358,32
8358,50
8358,203
8359,28
8359,32
8359,50
8359,203
8360,141
8360,251
8360,296
8361,68
8361,203
8362,32
8362,285
8363,10
8363,32
8363,201
8364,28
8364,32
8364,201
8365,32
8366,285
8367,68
8367,10
8367,28
8367,50
8367,203
8367,285
8368,285
8369,32
8370,200
8370,105
8371,68
8371,28
8371,50
8371,203
8372,203
8373,28
8373,32
8373,203
8374,50
8374,285
8375,68
8375,28
8375,50
8375,203
8375,285
8376,32
8377,47
8377,10
8377,28
8377,203
8378,52
8379,28
8379,32
8379,203
8380,68
8380,28
8380,50
8380,203
8380,285
8381,68
8381,50
8382,76
8382,122
8383,68
8383,50
8383,203
8384,68
8384,28
8384,50
8384,203
8384,285
8385,203
8386,32
8387,32
8388,72
8388,8
8388,41
8388,45
8388,53
8388,61
8388,83
8388,264
8389,10
8389,32
8389,201
8390,10
8390,28
8391,32
8391,95
8391,285
8392,203
8393,32
8394,68
8394,50
8394,203
8395,32
8395,50
8395,95
8395,241
8395,285
8396,10
8396,28
8396,203
8397,10
8397,32
8397,201
8398,68
8398,50
8398,203
8399,68
8399,32
8399,50
8399,203
8400,68
8400,50
8400,203
8401,68
8401,32
8401,50
8401,203
8401,285
8402,68
8402,50
8402,203
8403,68
8403,28
8403,32
8403,50
8403,203
8403,241
8403,285
8404,68
8404,28
8404,203
8405,32
8406,28
8406,32
8406,50
8406,203
8407,257
8407,54
8407,198
8407,32
8407,50
8407,95
8407,241
8407,285
8408,54
8408,198
8408,68
8408,50
8408,203
8408,285
8409,28
8410,28
8410,32
8411,10
8411,28
8411,201
8411,279
8412,32
8412,50
8412,203
8413,28
8413,203
8414,68
8414,50
8414,203
8414,285
8415,28
8415,203
8416,10
8416,28
8417,32
8417,95
8417,285
8418,168
8419,54
8419,71
8419,92
8419,97
8419,150
8419,177
8419,198
8419,50
8420,32
8420,95
8420,285
8421,28
8421,32
8421,50
8421,285
8422,68
8422,28
8422,32
8422,50
8422,203
8422,285
8423,28
8423,203
8424,203
8425,198
8425,68
8425,50
8426,68
8426,28
8426,32
8426,50
8426,203
8426,285
8427,68
8427,203
8428,10
8428,32
8428,201
8429,50
8430,68
8430,10
8430,28
8430,50
8430,203
8430,285
8431,203
8432,203
8433,68
8433,203
8434,198
8434,50
8435,68
8435,28
8435,32
8435,50
8435,95
8435,203
8435,241
8435,285
8436,10
8436,28
8436,32
8436,201
8436,279
8437,50
8438,68
8438,28
8438,50
8438,203
8439,10
8439,28
8439,32
8439,201
8440,68
8440,50
8440,95
8440,203
8440,285
8441,47
8441,203
8442,68
8442,50
8442,203
8443,203
8444,68
8444,28
8444,32
8444,50
8444,203
8445,68
8445,28
8445,32
8445,50
8445,95
8445,203
8445,241
8445,285
8446,68
8446,28
8446,32
8446,50
8446,95
8446,203
8446,241
8446,285
8447,10
8447,28
8447,32
8447,201
8447,279
8448,10
8448,32
8448,201
8449,68
8449,203
8450,28
8450,32
8451,10
8451,32
8451,201
8452,28
8452,203
8453,198
8453,50
8454,68
8454,10
8454,28
8454,32
8454,50
8454,203
8454,285
8455,10
8455,32
8455,201
8456,32
8457,10
8457,32
8457,201
8457,279
8458,50
8458,285
8459,47
8459,10
8459,28
8459,203
8460,28
8460,203
8461,28
8461,32
8461,201
8462,28
8462,203
8463,47
8463,10
8463,28
8463,203
8464,50
8464,285
8465,68
8465,50
8465,203
8466,285
8467,285
8468,68
8468,50
8468,203
8468,285
8469,68
8469,32
8469,50
8469,95
8469,241
8469,285
8470,203
8471,32
8471,50
8472,10
8472,32
8472,201
8472,279
8473,68
8473,50
8473,203
8473,285
8474,198
8474,50
8475,10
8475,32
8475,201
8476,68
8476,203
8477,54
8477,177
8477,198
8477,68
8477,50
8478,68
8478,203
8479,50
8479,285
8480,68
8480,50
8480,203
8481,28
8481,32
8481,203
8482,32
8483,32
8484,68
8484,32
8484,50
8484,203
8484,288
8485,10
8485,28
8485,32
8485,201
8485,203
8485,279
8486,28
8486,32
8486,50
8486,95
8486,288
8487,68
8487,28
8487,32
8487,50
8487,201
8487,203
8488,47
8488,10
8488,28
8488,203
8489,203
8490,32
8490,50
8490,95
8490,241
8490,285
8491,203
8492,32
8493,25
8493,71
8493,92
8493,97
8493,150
8494,198
8494,68
8494,50
8495,28
8495,203
8496,68
8496,50
8496,203
8496,285
8497,32
8498,32
8499,10
8499,28
8499,32
8499,50
8499,201
8499,203
8499,279
8499,285
8500,68
8500,28
8500,32
8500,50
8500,203
8500,285
8501,285
8502,68
8502,32
8502,50
8502,203
8503,28
8503,203
8504,32
8505,68
8505,28
8505,203
8506,72
8506,8
8506,41
8506,45
8506,53
8506,61
8506,83
8507,203
8508,10
8508,28
8509,68
8509,32
8509,50
8509,95
8509,287
8510,32
8510,50
8510,203
8511,32
8511,95
8511,241
8512,10
8512,28
8512,32
8512,201
8513,50
8514,28
8514,32
8514,203
8515,28
8515,32
8515,285
8516,257
8516,54
8516,198
8516,68
8516,28
8516,32
8516,50
8516,203
8516,285
8517,285
8518,150
8519,10
8519,32
8519,201
8520,68
8520,50
8521,68
8521,203
8522,32
8523,8
8523,26
8523,55
8523,88
8523,93
8523,94
8523,132
8523,181
8523,226
8523,255
8524,68
8524,50
8525,32
8525,203
8526,32
8527,28
8527,203
8528,28
8528,203
8529,68
8529,50
8529,203
8529,285
8530,68
8530,28
8530,32
8530,50
8530,203
8530,285
8531,10
8531,28
8531,201
8532,68
8532,28
8532,32
8532,50
8532,95
8532,203
8532,241
8532,285
8533,68
8533,50
8533,203
8533,285
8534,28
8534,32
8534,50
8534,203
8535,285
8536,68
8536,28
8536,50
8536,203
8536,285
8537,203
8538,50
8539,68
8539,28
8539,50
8539,203
8540,54
8540,198
8541,203
8542,28
8542,32
8543,54
8543,198
8544,68
8544,28
8544,32
8544,50
8544,95
8544,203
8544,241
8544,285
8545,10
8545,32
8545,201
8545,279
8546,32
8546,50
8546,285
8547,68
8547,28
8547,32
8547,50
8547,203
8548,68
8548,28
8548,32
8548,50
8548,95
8548,203
8548,241
8548,285
8549,28
8549,32
8549,50
8549,95
8549,203
8549,241
8549,285
8550,68
8550,28
8550,32
8550,50
8550,203
8551,32
8552,68
8552,50
8552,203
8553,28
8553,32
8553,95
8553,203
8553,241
8553,285
8554,203
8555,28
8555,32
8555,201
8555,241
8556,10
8556,28
8557,203
8558,203
8559,47
8559,28
8559,203
8560,198
8560,68
8560,50
8561,68
8561,28
8561,32
8561,50
8561,203
8561,241
8561,285
8562,28
8562,203
8562,285
8563,198
8563,68
8563,28
8563,50
8563,203
8563,285
8564,68
8564,28
8564,50
8564,203
8564,288
8565,10
8565,32
8566,68
8566,28
8566,50
8566,203
8567,10
8567,28
8567,32
8567,201
8567,203
8568,47
8568,10
8568,28
8568,201
8568,279
8569,10
8569,28
8570,28
8571,68
8571,28
8571,32
8571,50
8571,95
8571,203
8571,241
8571,285
8572,47
8572,10
8572,28
8572,201
8572,203
8572,279
8573,68
8573,203
8574,68
8574,28
8574,32
8574,50
8574,203
8575,68
8575,50
8575,203
8576,68
8576,50
8577,28
8578,10
8578,28
8578,201
8579,32
8579,201
8580,32
8581,10
8581,28
8581,203
8582,54
8582,177
8582,198
8582,68
8582,50
8583,68
8583,28
8583,32
8583,50
8583,203
8584,285
8585,203
8586,203
8587,28
8587,203
8588,32
8589,161
8589,297
8590,32
8591,10
8591,28
8591,203
8592,10
8592,32
8593,68
8593,28
8593,32
8593,50
8593,95
8593,203
8593,241
8593,285
8594,198
8594,68
8594,50
8594,203
8595,68
8595,28
8595,32
8595,50
8595,95
8595,203
8595,285
8596,68
8596,203
8597,50
8597,285
8598,68
8598,28
8598,203
8599,28
8599,203
8600,203
8601,32
8601,201
8602,28
8602,203
8603,68
8603,28
8603,32
8603,50
8603,203
8603,285
8604,68
8604,50
8604,203
8604,285
8605,68
8605,47
8605,10
8605,28
8605,203
8606,61
8607,10
8607,32
8607,201
8608,28
8608,203
8609,10
8609,32
8609,201
8609,279
8610,68
8610,10
8610,28
8610,32
8610,50
8610,201
8610,203
8610,285
8611,32
8611,50
8611,285
8612,68
8612,28
8612,32
8612,203
8613,68
8613,203
8614,10
8614,28
8614,32
8614,201
8614,279
8615,54
8615,97
8615,177
8615,198
8615,68
8615,50
8616,50
8617,10
8617,28
8618,68
8618,50
8618,285
8619,32
8620,47
8620,28
8620,203
8621,32
8622,32
8622,50
8622,95
8622,241
8622,285
8623,68
8623,203
8624,68
8624,50
8624,203
8625,198
8625,50
8626,10
8626,28
8626,32
8626,201
8626,203
8627,285
8628,68
8628,50
8628,285
8629,68
8629,10
8629,28
8629,50
8629,203
8629,285
8630,32
8631,28
8631,32
8631,203
8632,32
8633,68
8633,203
8634,32
8634,95
8634,241
8634,285
8635,32
8635,241
8636,150
8637,32
8637,95
8637,241
8638,285
8639,28
8639,203
8640,285
8641,68
8641,203
8642,54
8642,198
8642,68
8642,50
8642,203
8642,285
8643,28
8644,68
8644,47
8644,10
8644,28
8644,203
8645,32
8645,50
8645,203
8646,68
8646,50
8647,285
8648,47
8648,10
8648,28
8648,203
8649,203
8650,68
8650,32
8650,50
8650,203
8650,285
8651,68
8651,203
8652,32
8653,285
8654,28
8654,32
8654,95
8654,241
8654,285
8655,10
8655,28
8655,32
8655,201
8655,281
8656,285
8657,68
8657,50
8658,68
8658,203
8659,28
8659,32
8659,203
8660,32
8661,68
8661,50
8661,203
8661,285
8662,28
8662,203
8663,68
8663,28
8663,32
8663,50
8663,95
8663,203
8663,241
8663,285
8664,68
8664,28
8664,50
8664,203
8664,285
8665,28
8666,28
8666,32
8666,201
8667,32
8667,50
8667,95
8667,285
8668,68
8668,28
8668,50
8668,203
8668,285
8669,203
8670,68
8670,28
8670,32
8670,50
8670,95
8670,203
8670,241
8671,68
8671,203
8672,32
8673,10
8673,28
8673,203
8674,203
8675,68
8675,50
8675,285
8676,10
8676,28
8676,32
8676,201
8676,203
8676,279
8677,198
8677,50
8678,68
8678,50
8678,203
8679,32
8679,285
8680,10
8681,68
8681,28
8681,32
8681,203
8682,68
8682,28
8682,50
8682,203
8683,28
8683,32
8683,50
8683,203
8684,50
8684,285
8685,68
8685,28
8685,32
8685,50
8685,95
8685,203
8685,241
8685,285
8686,68
8686,32
8686,50
8686,95
8686,203
8686,241
8686,285
8687,68
8687,32
8687,95
8687,203
8687,241
8687,285
8688,203
8689,68
8689,28
8689,50
8689,203
8689,285
8690,198
8690,68
8690,50
8691,68
8691,28
8691,32
8691,50
8691,203
8691,285
8692,32
8692,241
8693,32
8693,241
8694,10
8695,32
8696,68
8696,28
8696,32
8696,50
8696,203
8697,28
8697,32
8697,203
8698,8
8698,61
8698,83
8699,203
8700,52
8701,68
8701,50
8701,203
8701,285
8702,50
8702,285
8703,28
8703,32
8703,50
8703,203
8703,285
8704,32
8704,95
8704,285
8705,50
8706,68
8706,50
8706,203
8706,285
8707,203
8708,68
8708,28
8708,32
8708,50
8708,95
8708,203
8708,241
8708,285
8709,47
8709,203
8710,32
8710,95
8710,285
8711,72
8711,41
8711,45
8711,53
8711,61
8711,83
8711,181
8712,47
8712,10
8712,28
8712,203
8713,203
8714,28
8714,203
8715,47
8715,10
8715,28
8715,203
8716,68
8717,10
8717,28
8717,203
8718,68
8718,28
8718,50
8718,203
8718,285
8719,203
8720,203
8721,68
8721,28
8721,32
8721,50
8721,95
8721,203
8721,241
8721,285
8722,203
8723,28
8723,203
8724,32
8725,28
8725,203
8726,10
8726,32
8726,201
8727,68
8727,28
8727,203
8728,68
8728,28
8728,50
8728,203
8728,285
8729,203
8730,68
8730,50
8730,203
8730,285
8731,203
8732,198
8732,32
8732,50
8732,95
8732,285
8733,26
8733,55
8733,88
8733,93
8733,132
8733,181
8733,226
8733,255
8734,68
8734,28
8734,32
8734,50
8734,95
8734,203
8734,285
8735,28
8735,32
8735,203
8736,50
8736,285
8737,122
8737,141
8737,161
8737,251
8738,68
8738,28
8738,32
8738,50
8738,95
8738,203
8738,285
8739,32
8740,68
8740,50
8740,203
8740,285
8741,28
8741,203
8742,68
8742,28
8742,32
8742,50
8742,95
8742,203
8742,241
8742,285
8743,10
8743,28
8743,32
8743,201
8744,50
8744,285
8745,198
8746,32
8747,72
8747,41
8747,181
8748,203
8749,68
8749,203
8750,32
8750,95
8750,241
8750,285
8751,68
8751,28
8751,32
8751,50
8751,95
8751,203
8751,241
8751,285
8752,28
8752,203
8753,68
8753,50
8753,203
8754,32
8754,50
8754,285
8755,203
8756,68
8756,203
8757,68
8757,50
8757,203
8758,68
8758,10
8758,28
8758,50
8758,203
8758,285
8759,68
8759,47
8759,10
8759,28
8759,50
8759,203
8760,28
8760,32
8760,201
8760,203
8761,68
8761,28
8761,50
8761,203
8762,68
8762,203
8763,50
8764,68
8764,50
8764,203
8765,28
8765,203
8766,68
8766,50
8766,285
8767,68
8767,28
8767,32
8767,50
8767,203
8768,68
8768,50
8768,203
8768,285
8769,68
8769,203
8770,28
8770,203
8771,68
8771,28
8771,32
8771,50
8771,203
8772,68
8772,203
8773,68
8773,203
8774,47
8774,10
8774,28
8774,203
8775,203
8776,28
8776,203
8777,32
8777,241
8777,285
8778,32
8778,95
8778,285
8779,10
8779,28
8779,32
8779,201
8779,279
8780,68
8780,28
8780,50
8780,203
8781,68
8781,50
8781,203
8781,285
8782,68
8782,203
8783,28
8784,68
8784,28
8784,32
8784,50
8784,203
8785,10
8785,28
8785,203
8786,285
8787,68
8787,50
8787,203
8787,285
8788,203
8789,28
8789,203
8790,32
8791,50
8792,285
8793,28
8794,32
8794,95
8794,285
8795,47
8795,203
8796,50
8797,285
8798,203
8799,32
8800,10
8800,28
8800,203
8801,68
8801,203
8802,10
8802,32
8802,201
8802,279
8803,10
8803,28
8804,68
8804,50
8804,203
8804,285
8805,150
8806,50
8807,68
8807,28
8807,32
8807,50
8807,203
8808,10
8808,28
8808,32
8808,201
8808,279
8809,203
8810,203
8811,203
8812,32
8812,95
8812,285
8813,68
8813,28
8813,32
8813,50
8813,203
8814,285
8815,68
8815,203
8816,47
8816,10
8816,28
8816,203
8817,285
8818,10
8818,32
8818,201
8819,68
8819,50
8820,32
8821,32
8821,95
8821,285
8822,28
8822,203
8823,68
8823,203
8824,28
8824,203
8825,28
8825,203
8826,10
8826,32
8826,201
8827,32
8827,95
8827,285
8828,68
8828,203
8829,68
8829,32
8829,50
8829,203
8829,285
8830,203
8831,203
8832,203
8833,32
8833,201
8834,68
8834,47
8834,203
8835,47
8835,203
8836,50
8836,285
8837,68
8837,203
8838,28
8838,203
8839,68
8839,203
8840,68
8840,50
8840,203
8841,198
8842,285
8843,203
8844,28
8844,32
8844,203
8845,68
8845,50
8845,203
8846,68
8846,50
8847,10
8847,32
8847,201
8848,203
8849,32
8849,95
8849,241
8849,285
8850,68
8850,32
8850,50
8850,203
8851,25
8851,71
8851,92
8851,150
8852,10
8853,68
8853,50
8854,10
8854,32
8854,279
8855,32
8855,95
8855,241
8855,285
8856,203
